uid,content,role,session,group_type,strategy,icap
U037,A more detailed explanation would be helpful for understanding.,user,1,low-uptake,Amplification,Constructive
U037,What do you mean by a more detailed explanation?,assistant,1,low-uptake,,
U037,The explanation for the second argument is too brief.,user,1,low-uptake,Amplification,Constructive
U037,What does it mean to be too brief?,assistant,1,low-uptake,,
U030,you should change It's to It,user,1,mixed-uptake,Reformulate,Active
U030,I will change 'It's' to 'It' here.,assistant,1,mixed-uptake,,
U030,"Good job! Peer acknowledged your feedback!
Let's move to the next error!",system,1,mixed-uptake,,
U030,How do I fix this?,assistant,1,mixed-uptake,,
U037,There is no explanation to support the second statement while first statement exists.,user,1,low-uptake,Amplification,Constructive
U037,Why is there no explanation for the second statement?,assistant,1,low-uptake,,
U030,I don't know,user,1,mixed-uptake,Reject,Active
U030,Maybe it should be online learning misses the interaction.,assistant,1,mixed-uptake,,
U030,"Oh no, peer made a mistake while applying your feedback.
Please give a more detailed feedback",system,1,mixed-uptake,,
U030,i think so,user,1,mixed-uptake,Accept,Passive
U030,What does it mean that online learning misses?,assistant,1,mixed-uptake,,
U030,online learning is lack of somthing,user,1,mixed-uptake,Reformulate,Active
U030,So it should be online learning is lack of interaction?,assistant,1,mixed-uptake,,
U030,"Oh no, peer made a mistake while applying your feedback.
Please give a more detailed feedback",system,1,mixed-uptake,,
U037,That sentence is just a claim. There's no basis for it.,user,1,low-uptake,Reject,Active
U037,I will give more explanation for this point.,assistant,1,low-uptake,,
U037,"Good job! Peer acknowledged your feedback!
Let's move to the next error!",system,1,low-uptake,,
U037,How can I improve here?,assistant,1,low-uptake,,
U030,yeah,user,1,mixed-uptake,Accept,Passive
U030,Okay. I will change 'is lack of' to 'misses'.,assistant,1,mixed-uptake,,
U030,"Good job! Peer acknowledged your feedback!
Let's move to the next error!",system,1,mixed-uptake,,
U030,How can I improve here?,assistant,1,mixed-uptake,,
U030,good should be changed to well,user,1,mixed-uptake,Reformulate,Active
U030,Why should I change good to well?,assistant,1,mixed-uptake,,
U030,just change the word,user,1,mixed-uptake,Reject,Active
U030,What does change the word mean?,assistant,1,mixed-uptake,,
U030,Such students will not learn good if they only use online classes.->Such students will not learn well if they only use online classes.,user,1,mixed-uptake,Reformulate,Active
U030,"Oh, I thought it should be learn good.",assistant,1,mixed-uptake,,
U030,"Oh no, peer made a mistake while applying your feedback.
Please give a more detailed feedback",system,1,mixed-uptake,,
U030,no it should be well,user,1,mixed-uptake,Reformulate,Active
U037,There is not verb,user,1,low-uptake,Reject,Active
U030,I will change 'good' to 'well' here.,assistant,1,mixed-uptake,,
U030,"Good job! Peer acknowledged your feedback!
Let's move to the next error!",system,1,mixed-uptake,,
U030,What's wrong here?,assistant,1,mixed-uptake,,
U037,What does it mean that there is not verb?,assistant,1,low-uptake,,
U030,where?,user,1,mixed-uptake,Metacognitive,Constructive
U030,Where what?,assistant,1,mixed-uptake,,
U037,I think 'is' shloud exist to use xplanning',user,1,low-uptake,Amplification,Constructive
U037,Why should 'is' exist?,assistant,1,low-uptake,,
U030,"you said ""What's wrong here?"" and I should know here is what",user,1,mixed-uptake,Amplification,Constructive
U030,So it should be there are two reason?,assistant,1,mixed-uptake,,
U030,"Oh no, peer made a mistake while applying your feedback.
Please give a more detailed feedback",system,1,mixed-uptake,,
U030,I can't understand you,user,1,mixed-uptake,Metacognitive,Constructive
U030,I will change 'two reason' to 'two [reasons]' here.,assistant,1,mixed-uptake,,
U030,"Good job! Peer acknowledged your feedback!
Let's move to the next error!",system,1,mixed-uptake,,
U030,How do I fix this?,assistant,1,mixed-uptake,,
U037,Because the sentence uses the present progressive tense.,user,1,low-uptake,Amplification,Constructive
U037,What does it mean to use present progressive tense?,assistant,1,low-uptake,,
U030,effectiv is not a correct word it should be effective,user,1,mixed-uptake,Reformulate,Active
U030,What does effectiv mean?,assistant,1,mixed-uptake,,
U037,It describes something that is currently in progress.,user,1,low-uptake,Amplification,Constructive
U037,Okay. I will add 'is' here.,assistant,1,low-uptake,,
U037,"Good job! Peer acknowledged your feedback!
Let's move to the next error!",system,1,low-uptake,,
U037,How do I fix this?,assistant,1,low-uptake,,
U030,has good effect,user,1,mixed-uptake,Amplification,Constructive
U030,What does has good effect mean?,assistant,1,mixed-uptake,,
U030,it can work well,user,1,mixed-uptake,Amplification,Constructive
U030,Okay. I will change 'effectiv' to 'effective' here.,assistant,1,mixed-uptake,,
U030,"Good job! Peer acknowledged your feedback!
Let's move to the next error!",system,1,mixed-uptake,,
U030,Can you give me feedback on this part?,assistant,1,mixed-uptake,,
U030,motivate-> to be motivated,user,1,mixed-uptake,Reformulate,Active
U030,Okay. I will change 'motivate' to '[to be motivated]' here.,assistant,1,mixed-uptake,,
U030,"Good job! Peer acknowledged your feedback!
Let's move to the next error!",system,1,mixed-uptake,,
U030,What's wrong here?,assistant,1,mixed-uptake,,
U030,tru->true,user,1,mixed-uptake,Accept,Passive
U030,Okay. I will change 'tru' to 'true' here.,assistant,1,mixed-uptake,,
U030,"Good job! Peer acknowledged your feedback!
Let's move to the next error!",system,1,mixed-uptake,,
U030,What's wrong here?,assistant,1,mixed-uptake,,
U030,benefit->benefitted,user,1,mixed-uptake,Reformulate,Active
U030,"It should be benefit->benefitted, right?",assistant,1,mixed-uptake,,
U030,"Oh no, peer made a mistake while applying your feedback.
Please give a more detailed feedback",system,1,mixed-uptake,,
U030,yeaj,user,1,mixed-uptake,Accept,Passive
U030,What does that mean?,assistant,1,mixed-uptake,,
U030,i type wrong,user,1,mixed-uptake,Amplification,Constructive
U030,What does 'i type wrong' mean?,assistant,1,mixed-uptake,,
U037,"I would like to use ""therefore"" or ""in conclusion"" instead of ""overall""",user,1,low-uptake,Reformulate,Active
U037,What does it mean to use 'therefore' or 'in conclusion'?,assistant,1,low-uptake,,
U030,i should right yeah but i typed yeaj,user,1,mixed-uptake,Amplification,Constructive
U030,Okay. I will change 'benefitted' to 'benefit' here.,assistant,1,mixed-uptake,,
U030,"Good job! Peer acknowledged your feedback!
Let's move to the next error!",system,1,mixed-uptake,,
U030,How can I improve here?,assistant,1,mixed-uptake,,
U037,It is similar to overall.,user,1,low-uptake,Amplification,Constructive
U037,What does it mean to use 'therefore' or 'in conclusion'?,assistant,1,low-uptake,,
U037,Used when talking about the final result,user,1,low-uptake,Amplification,Constructive
U037,What does it mean to talk about the final result?,assistant,1,low-uptake,,
U037,It's just a reiteration of your opinion,user,1,low-uptake,Reject,Active
U037,Okay. I will use 'in conclusion' instead of 'overall' here.,assistant,1,low-uptake,,
U037,"Good job! Peer acknowledged your feedback!
Let's move to the next error!",system,1,low-uptake,,
U037,How do I fix this?,assistant,1,low-uptake,,
U030,And school is also able to various options for thier students.-And school is also able to get various options for thier students.,user,1,mixed-uptake,Reformulate,Active
U030,What does it mean to get various options?,assistant,1,mixed-uptake,,
U030,you can have lots of options,user,1,mixed-uptake,Amplification,Constructive
U030,Okay. I will change 'able to' to 'get' here.,assistant,1,mixed-uptake,,
U030,"Good job! Peer acknowledged your feedback!
Let's move to the next error!",system,1,mixed-uptake,,
U030,Can you give me feedback on this part?,assistant,1,mixed-uptake,,
U030,i don't think you are a good ai,user,1,mixed-uptake,Reject,Active
U030,Why do you think that?,assistant,1,mixed-uptake,,
U037,"I would like to use ""in these days"" instead of ""on these days""",user,1,low-uptake,Reformulate,Active
U037,Why do I use 'in these days'?,assistant,1,low-uptake,,
U037,Because that's the most natural expression,user,1,low-uptake,Amplification,Constructive
U037,What does it mean to say that's the most natural expression?,assistant,1,low-uptake,,
U037,It's an expression that's often used in sentences.,user,1,low-uptake,Amplification,Constructive
U037,What does it mean that it's an expression often used?,assistant,1,low-uptake,,
U037,Expressions often used by people,user,1,low-uptake,Amplification,Constructive
U037,Okay. I will change 'on these times' to 'in these days' here.,assistant,1,low-uptake,,
U037,"Good job! Peer acknowledged your feedback!
Let's move to the next error!",system,1,low-uptake,,
U037,How can I improve here?,assistant,1,low-uptake,,
U055,How can I improve here?,assistant,1,low-uptake,,
U055,"You should add ""are""",user,1,low-uptake,Reformulate,Active
U055,Why do I need to add 'are'?,assistant,1,low-uptake,,
U055,Because this sentence doesn't have verb,user,1,low-uptake,Amplification,Constructive
U055,What does it mean that a sentence doesn't have a verb?,assistant,1,low-uptake,,
U055,"If it doesn't have a verb, It isn't a proper sentence",user,1,low-uptake,Amplification,Constructive
U055,What does it mean that a sentence doesn't have a verb?,assistant,1,low-uptake,,
U028,Can you give me feedback on this part?,assistant,1,low-uptake,,
U055,It means it isn't an appropriate sentence.,user,1,low-uptake,Amplification,Constructive
U055,I will add 'are' to this sentence.,assistant,1,low-uptake,,
U055,"Good job! Peer acknowledged your feedback!
Let's move to the next error!",system,1,low-uptake,,
U055,How can I improve here?,assistant,1,low-uptake,,
U055,"You must change ""few of"" into ""a few of"".",user,1,low-uptake,Reformulate,Active
U055,Why do I need to change 'few of' to 'a few of'?,assistant,1,low-uptake,,
U028,Write specific emotions which normal people don`t feel often.,user,1,low-uptake,Reject,Active
U028,What specific emotions do normal people not feel often?,assistant,1,low-uptake,,
U055,"""Few of"" isn't used conventionally. ""A few of"" is right.",user,1,low-uptake,Reject,Active
U055,What does 'used conventionally' mean?,assistant,1,low-uptake,,
U055,It means that many people doesn't use that word.,user,1,low-uptake,Amplification,Constructive
U055,What does it mean that many people doesn't use that word?,assistant,1,low-uptake,,
U028,I`m not pregnant but I feel pregnant woman`s emotion.,user,1,low-uptake,Exemplification,Constructive
U028,What do you mean by pregnant woman`s emotion?,assistant,1,low-uptake,,
U055,It means that the word isn't an appropriate word.,user,1,low-uptake,Reformulate,Active
U028,want to protect the child in my stomach,user,1,low-uptake,Amplification,Constructive
U028,What does it mean to protect a child in my stomach?,assistant,1,low-uptake,,
U055,I will change 'few of' to 'a few of'.,assistant,1,low-uptake,,
U055,"Good job! Peer acknowledged your feedback!
Let's move to the next error!",system,1,low-uptake,,
U028,Feeling cherished,user,1,low-uptake,Amplification,Constructive
U028,Okay. I will change the sentence.,assistant,1,low-uptake,,
U028,"Good job! Peer acknowledged your feedback!
Let's move to the next error!",system,1,low-uptake,,
U028,How can I improve here?,assistant,1,low-uptake,,
U028,this paragraph says music can give us certain emotion and uni,user,1,low-uptake,Connection,Constructive
U028,What does emotional enlightenment mean?,assistant,1,low-uptake,,
U028,i think this word is not appropriate.,user,1,low-uptake,Reject,Active
U028,What does appropriate mean?,assistant,1,low-uptake,,
U028,It fits the situation well.,user,1,low-uptake,Amplification,Constructive
U028,What does fits the situation well mean?,assistant,1,low-uptake,,
U028,Appropriate enough to be used in context.,user,1,low-uptake,Amplification,Constructive
U028,I will change 'emotional enlightenment' to 'emotional understanding' here.,assistant,1,low-uptake,,
U028,"Good job! Peer acknowledged your feedback!
Let's move to the next error!",system,1,low-uptake,,
U028,Can you give me feedback on this part?,assistant,1,low-uptake,,
U028,"The words that follow the highlighted sentence are about various emotions and experiences, and the context remains unchanged from before the word ""second."" Therefore, rather than using ""second,"" I'd prefer a conjunction like ""Let me elaborate"" or ""Let me give you a more specific example.""",user,1,low-uptake,Amplification,Constructive
U028,What does conjunction mean?,assistant,1,low-uptake,,
U028,It is a phrase that connects sentences or words.,user,1,low-uptake,Amplification,Constructive
U028,What does conjunction mean?,assistant,1,low-uptake,,
U028,It is a phrase that connects sentences or words.,user,1,low-uptake,Amplification,Constructive
U028,What does a phrase that connects sentences or words mean?,assistant,1,low-uptake,,
U028,It is a phrase that creates a natural flow of consciousness for the listener or reader.,user,1,low-uptake,Amplification,Constructive
U028,Okay. I will change 'Second' to 'Let me elaborate'.,assistant,1,low-uptake,,
U028,"Good job! Peer acknowledged your feedback!
Let's move to the next error!",system,1,low-uptake,,
U028,How do I fix this?,assistant,1,low-uptake,,
U028,benefical is wrong. beneficial is right.,user,1,low-uptake,Reformulate,Active
U028,What does beneficial mean?,assistant,1,low-uptake,,
U028,useful,user,1,low-uptake,Amplification,Constructive
U028,Why does 'benefical' not work?,assistant,1,low-uptake,,
U028,spelling is wrong.,user,1,low-uptake,Reject,Active
U028,What does spelling mean?,assistant,1,low-uptake,,
U028,Words have rules that apply to each meaning.,user,1,low-uptake,Amplification,Constructive
U028,Okay. I will change 'benefical' to 'beneficial' here.,assistant,1,low-uptake,,
U028,"Good job! Peer acknowledged your feedback!
Let's move to the next error!",system,1,low-uptake,,
U037,What's wrong here?,assistant,2,low-uptake,,
U037,This sentence doesn't match the context.,user,2,low-uptake,Reject,Active
U037,What does it mean that it doesn't match the context?,assistant,2,low-uptake,,
U037,It means a sentence whose content suddenly changes.,user,2,low-uptake,Amplification,Constructive
U037,What does a sentence whose content suddenly changes mean?,assistant,2,low-uptake,,
U037,The conversation is interrupted and something different comes out.,user,2,low-uptake,Amplification,Constructive
U037,What does it mean that the conversation is interrupted?,assistant,2,low-uptake,,
U037,The conversation stops.,user,2,low-uptake,Amplification,Constructive
U037,Okay. I will change the sentence to match the context.,assistant,2,low-uptake,,
U037,"Good job! Peer acknowledged your feedback!
Let's move to the next error!",system,2,low-uptake,,
U037,What's wrong here?,assistant,2,low-uptake,,
U037,There should be comma after But,user,2,low-uptake,Reformulate,Active
U037,Why is there a comma after But?,assistant,2,low-uptake,,
U011,What's wrong here?,assistant,1,mixed-uptake,,
U044,How do I fix this?,assistant,1,mixed-uptake,,
U037,Because the sentence inserted after it,user,2,low-uptake,Amplification,Constructive
U037,What does it mean that the sentence inserted changes?,assistant,2,low-uptake,,
U037,It means that another sentence comes after it.,user,2,low-uptake,Amplification,Constructive
U037,What does it mean that years is not long time?,assistant,2,low-uptake,,
U044,These day -> These days,user,1,mixed-uptake,Reformulate,Active
U044,Okay. I will change 'These day' to 'These days' here.,assistant,1,mixed-uptake,,
U044,"Good job! Peer acknowledged your feedback!
Let's move to the next error!",system,1,mixed-uptake,,
U044,How do I fix this?,assistant,1,mixed-uptake,,
U037,It means that we have no time,user,2,low-uptake,Amplification,Constructive
U037,Okay. I will change the sentence to 'But [years is not a] long time.',assistant,2,low-uptake,,
U037,"Good job! Peer acknowledged your feedback!
Let's move to the next error!",system,2,low-uptake,,
U037,How can I improve here?,assistant,2,low-uptake,,
U017,Can you give me feedback on this part?,assistant,1,low-uptake,,
U043,What's wrong here?,assistant,1,low-uptake,,
U043,Can you give me feedback on this part?,assistant,1,low-uptake,,
U050,Can you give me feedback on this part?,assistant,1,high-uptake,,
U037,I think 'suffer' and 'take' need to add s,user,2,low-uptake,Reformulate,Active
U037,Why need to add s?,assistant,2,low-uptake,,
U044,"which is -> which are, important development -> an important development, of the one of the major automaker's strategy -> in one of the major automaker's strategies",user,1,mixed-uptake,Reformulate,Active
U044,What does subject-verb agreement mean?,assistant,1,mixed-uptake,,
U037,Because the subject is third person singular,user,2,low-uptake,Amplification,Constructive
U037,What is third person singular?,assistant,2,low-uptake,,
U037,"Not me or you, other people, but it is alone",user,2,low-uptake,Amplification,Constructive
U037,What does it mean that it is alone?,assistant,2,low-uptake,,
U019,What's wrong here?,assistant,1,mixed-uptake,,
U037,That means it is not alone.,user,2,low-uptake,Amplification,Constructive
U037,"Okay. I will change the sentence to 'Second, if nature [suffers], our health also [takes] hit.'",assistant,2,low-uptake,,
U037,"Good job! Peer acknowledged your feedback!
Let's move to the next error!",system,2,low-uptake,,
U037,Can you give me feedback on this part?,assistant,2,low-uptake,,
U046,What's wrong here?,assistant,1,mixed-uptake,,
U043,"""does"" and ""enhanced"" are wrong",user,1,low-uptake,Reject,Active
U046,Nowadays 's spelling is not correct.,user,1,mixed-uptake,Reject,Active
U043,What is wrong with 'does' and 'enhanced'?,assistant,1,low-uptake,,
U046,I will correct 'Nowadays' spelling.,assistant,1,mixed-uptake,,
U046,"Good job! Peer acknowledged your feedback!
Let's move to the next error!",system,1,mixed-uptake,,
U046,Can you give me feedback on this part?,assistant,1,mixed-uptake,,
U044,subject-verb agreement is a grammer rule that states the subject and the verb in a sentence must match in number,user,1,mixed-uptake,Amplification,Constructive
U043,not correctly used,user,1,low-uptake,Reject,Active
U044,"Okay. I will change 'which is' to 'which are', 'important development' to 'an important development', and 'of the one of the major automaker's strategy' to 'in one of the major automaker's strategies'.",assistant,1,mixed-uptake,,
U044,"Good job! Peer acknowledged your feedback!
Let's move to the next error!",system,1,mixed-uptake,,
U044,What's wrong here?,assistant,1,mixed-uptake,,
U043,What does not correctly used mean?,assistant,1,low-uptake,,
U037,I think there should be comma after 'These days',user,2,low-uptake,Reformulate,Active
U037,Why is there need for a comma?,assistant,2,low-uptake,,
U043,"change ""Does"" to ""Did"" and change ""enhanced"" to ""enhance""",user,1,low-uptake,Reformulate,Active
U043,Why change 'Does' to 'Did'?,assistant,1,low-uptake,,
U044,There is nothing more that can be fixed,user,1,mixed-uptake,Accept,Passive
U046,this sentence is not befitting for all writing,user,1,mixed-uptake,Reject,Active
U044,What do you mean by cannot be fixed?,assistant,1,mixed-uptake,,
U017,everybody' need to treat a singularity word so we have to use 'finds',user,1,low-uptake,Amplification,Constructive
U046,I think it should be one different result between healthy and unhealthy eating.,assistant,1,mixed-uptake,,
U037,Because 'These days' is adverb,user,2,low-uptake,Amplification,Constructive
U046,"Oh no, peer made a mistake while applying your feedback.
Please give a more detailed feedback",system,1,mixed-uptake,,
U017,What does singularity word mean?,assistant,1,low-uptake,,
U037,What does it mean that 'These days' is adverb?,assistant,2,low-uptake,,
U043,we are using past simple correctly,user,1,low-uptake,Reject,Active
U043,Okay. I will change 'Does' to 'Did' and 'enhanced' to 'enhance' here.,assistant,1,low-uptake,,
U043,"Good job! Peer acknowledged your feedback!
Let's move to the next error!",system,1,low-uptake,,
U043,How can I improve here?,assistant,1,low-uptake,,
U020,How can I improve here?,assistant,1,low-uptake,,
U050,in the importance of traveling. -> the importance of traveling.,user,1,high-uptake,Reformulate,Active
U050,I will change 'in the importance of traveling' to 'the importance of traveling'.,assistant,1,high-uptake,,
U050,"Good job! Peer acknowledged your feedback!
Let's move to the next error!",system,1,high-uptake,,
U050,Can you give me feedback on this part?,assistant,1,high-uptake,,
U019,believes --> believe,user,1,mixed-uptake,Reformulate,Active
U019,It should be I firmly believe that students must wearing uniform.,assistant,1,mixed-uptake,,
U019,"Oh no, peer made a mistake while applying your feedback.
Please give a more detailed feedback",system,1,mixed-uptake,,
U043,make it grammatically correct,user,1,low-uptake,Reject,Active
U043,What does grammatically correct mean?,assistant,1,low-uptake,,
U044,There is nothing more to correct in your essay,user,1,mixed-uptake,Accept,Passive
U044,What does it mean that there is nothing to correct?,assistant,1,mixed-uptake,,
U017,"*Singular noun** refers to a noun that is used to refer to only one object, person, animal, concept, etc.",user,1,low-uptake,Amplification,Constructive
U017,What does it mean to treat a singularity word?,assistant,1,low-uptake,,
U043,make it better,user,1,low-uptake,Reject,Active
U043,What does it mean to make it better?,assistant,1,low-uptake,,
U050,on some reasons -> some reasons,user,1,high-uptake,Reformulate,Active
U050,I will change 'discuss on some reasons' to 'discuss some reasons'.,assistant,1,high-uptake,,
U050,"Good job! Peer acknowledged your feedback!
Let's move to the next error!",system,1,high-uptake,,
U050,Can you give me feedback on this part?,assistant,1,high-uptake,,
U019,wearing --> wear,user,1,mixed-uptake,Reformulate,Active
U019,Why do I need to change wearing to wear?,assistant,1,mixed-uptake,,
U043,"""the peoples"" is wrong",user,1,low-uptake,Reject,Active
U043,What is wrong with 'the peoples'?,assistant,1,low-uptake,,
U037,It means it reinforces sentence behind it,user,2,low-uptake,Amplification,Constructive
U037,What does it mean that it reinforces sentence behind it?,assistant,2,low-uptake,,
U017,"we have to set the grammar for singularuty word, such as article and verbs",user,1,low-uptake,Amplification,Constructive
U017,What does set the grammar mean?,assistant,1,low-uptake,,
U019,"you must use the original form of verb when it comes right after ""must""",user,1,mixed-uptake,Amplification,Constructive
U019,So it should be I firmly believe that students must wearing uniform?,assistant,1,mixed-uptake,,
U019,"Oh no, peer made a mistake while applying your feedback.
Please give a more detailed feedback",system,1,mixed-uptake,,
U043,"we use ""the"" for something specific",user,1,low-uptake,Amplification,Constructive
U017,it means when it comes to write a sentences,user,1,low-uptake,Amplification,Constructive
U043,Okay. I will change 'the peoples' to 'the people' here.,assistant,1,low-uptake,,
U043,"Good job! Peer acknowledged your feedback!
Let's move to the next error!",system,1,low-uptake,,
U043,How do I fix this?,assistant,1,low-uptake,,
U017,I will change 'find' to 'finds' here.,assistant,1,low-uptake,,
U017,"Good job! Peer acknowledged your feedback!
Let's move to the next error!",system,1,low-uptake,,
U017,How can I improve here?,assistant,1,low-uptake,,
U011,"I think the phreae ""Scientists can thus safeguard and boserve them."" is a bit awkward in flow and ""Thus"" is used correctly but the sentence fleels choppy or overly simplistic.",user,1,mixed-uptake,Amplification,Constructive
U011,I think it should be scientists can thus safe and observe them?,assistant,1,mixed-uptake,,
U011,"Oh no, peer made a mistake while applying your feedback.
Please give a more detailed feedback",system,1,mixed-uptake,,
U043,nooo go back,user,1,low-uptake,Reject,Active
U043,What do you mean by go back?,assistant,1,low-uptake,,
U020,"change ""explores"" to ""explore""",user,1,low-uptake,Reformulate,Active
U050,"Although too much vacations can be expensive, some enjoyments are necessary.",user,1,high-uptake,Reformulate,Active
U020,Why change explores to explore?,assistant,1,low-uptake,,
U050,What does too much vacations mean?,assistant,1,high-uptake,,
U019,no it should be I firmly believe that students must wear uniform.,user,1,mixed-uptake,Reformulate,Active
U019,"Okay, I will change 'believes' to 'believe' here.",assistant,1,mixed-uptake,,
U019,"Good job! Peer acknowledged your feedback!
Let's move to the next error!",system,1,mixed-uptake,,
U019,Can you give me feedback on this part?,assistant,1,mixed-uptake,,
U010,Can you give me feedback on this part?,assistant,1,high-uptake,,
U037,"Literally, it means explaining the sentence in more detail",user,2,low-uptake,Amplification,Constructive
U037,I will add a comma after 'These days'.,assistant,2,low-uptake,,
U046,yes I think so. I think that there need difference between healthy and un healthy food about dieting,user,1,mixed-uptake,Accept,Passive
U037,"Good job! Peer acknowledged your feedback!
Let's move to the next error!",system,2,low-uptake,,
U037,What's wrong here?,assistant,2,low-uptake,,
U050,many travels,user,1,high-uptake,Reformulate,Active
U046,What does difference mean in this context?,assistant,1,mixed-uptake,,
U050,Okay. I will change 'too much vacations' to 'many travels'.,assistant,1,high-uptake,,
U050,"Good job! Peer acknowledged your feedback!
Let's move to the next error!",system,1,high-uptake,,
U050,How do I fix this?,assistant,1,high-uptake,,
U019,leaded to --> lead,user,1,mixed-uptake,Reformulate,Active
U019,So it should be it will lead to more unityed among students?,assistant,1,mixed-uptake,,
U019,"Oh no, peer made a mistake while applying your feedback.
Please give a more detailed feedback",system,1,mixed-uptake,,
U020,"""travelers, tourists and many people"" is plural, so we should delete ""s"" from explores.",user,1,low-uptake,Amplification,Constructive
U020,What does plural mean?,assistant,1,low-uptake,,
U020,plural means that it is countable and it is more than one,user,1,low-uptake,Amplification,Constructive
U020,What does countable mean?,assistant,1,low-uptake,,
U043,"""way jobs""",user,1,low-uptake,Reformulate,Active
U043,What is 'way jobs'?,assistant,1,low-uptake,,
U043,it is wrong,user,1,low-uptake,Reject,Active
U043,What is wrong with 'way jobs'?,assistant,1,low-uptake,,
U017,"you dont have to use capital word in 'When', change to 'when'",user,1,low-uptake,Reformulate,Active
U019,no it should be it will lead more unity among students.,user,1,mixed-uptake,Reformulate,Active
U046,oh i misunderstanding. There doesn't need differnece,user,1,mixed-uptake,Accept,Passive
U019,What does it mean to lead more unity?,assistant,1,mixed-uptake,,
U017,Why I should not use capital word in 'When'?,assistant,1,low-uptake,,
U046,"Okay, I will change 'there is one different' to 'there is no different'.",assistant,1,mixed-uptake,,
U046,"Good job! Peer acknowledged your feedback!
Let's move to the next error!",system,1,mixed-uptake,,
U046,How do I fix this?,assistant,1,mixed-uptake,,
U037,There should be 'are' after 'there',user,2,low-uptake,Reformulate,Active
U037,Why 'are' after 'there'?,assistant,2,low-uptake,,
U017,beacause it is not a first word of sentences,user,1,low-uptake,Amplification,Constructive
U017,What does it mean that it is not a first word of sentences?,assistant,1,low-uptake,,
U020,countable means that a noun can be counted as individual unit,user,1,low-uptake,Amplification,Constructive
U037,There are no verb without 'are',user,2,low-uptake,Reject,Active
U037,What does it mean about no verb without 'are'?,assistant,2,low-uptake,,
U020,I will change 'explores' to 'explore' here.,assistant,1,low-uptake,,
U020,"Good job! Peer acknowledged your feedback!
Let's move to the next error!",system,1,low-uptake,,
U020,How can I improve here?,assistant,1,low-uptake,,
U011,I think yes,user,1,mixed-uptake,Accept,Passive
U011,What is awkward in flow?,assistant,1,mixed-uptake,,
U019,to make students feel that they are in a group.,user,1,mixed-uptake,Amplification,Constructive
U017,for example the first word is 'Think' in this sentence,user,1,low-uptake,Exemplification,Constructive
U019,Okay. I will change 'lead' to 'lead to'.,assistant,1,mixed-uptake,,
U019,"Good job! Peer acknowledged your feedback!
Let's move to the next error!",system,1,mixed-uptake,,
U019,Can you give me feedback on this part?,assistant,1,mixed-uptake,,
U017,What does it mean to be a first word of sentences?,assistant,1,low-uptake,,
U017,the starting word,user,1,low-uptake,Amplification,Constructive
U017,Okay. I will change 'When' to 'when' here.,assistant,1,low-uptake,,
U017,"Good job! Peer acknowledged your feedback!
Let's move to the next error!",system,1,low-uptake,,
U017,What's wrong here?,assistant,1,low-uptake,,
U046,heavy change to unhealthy,user,1,mixed-uptake,Reformulate,Active
U046,Why change heavy to unhealthy?,assistant,1,mixed-uptake,,
U037,"If there is not 'are' in that sentence, there is no verb in sentence",user,2,low-uptake,Exemplification,Constructive
U019,lead to --> lead,user,1,mixed-uptake,Reformulate,Active
U043,"we need to specify it by adding ""the"" before ""way""",user,1,low-uptake,Reformulate,Active
U037,What does it mean that there is no verb without 'are'?,assistant,2,low-uptake,,
U019,So it should be it can lead to problems such as indiscipline?,assistant,1,mixed-uptake,,
U019,"Oh no, peer made a mistake while applying your feedback.
Please give a more detailed feedback",system,1,mixed-uptake,,
U043,Okay. I will add 'the' before 'way' here.,assistant,1,low-uptake,,
U043,"Good job! Peer acknowledged your feedback!
Let's move to the next error!",system,1,low-uptake,,
U043,What's wrong here?,assistant,1,low-uptake,,
U037,There is not verb,user,2,low-uptake,Reject,Active
U037,Okay. I will add 'are' here.,assistant,2,low-uptake,,
U037,"Good job! Peer acknowledged your feedback!
Let's move to the next error!",system,2,low-uptake,,
U037,How can I improve here?,assistant,2,low-uptake,,
U046,before writer use unhealthy not heavy,user,1,mixed-uptake,Reject,Active
U046,Okay. I will change 'heavy' to 'unhealthy' here.,assistant,1,mixed-uptake,,
U046,"Good job! Peer acknowledged your feedback!
Let's move to the next error!",system,1,mixed-uptake,,
U046,How can I improve here?,assistant,1,mixed-uptake,,
U017,we have to use 'on' instead of 'by',user,1,low-uptake,Reformulate,Active
U017,Why I should use 'on' instead of 'by'?,assistant,1,low-uptake,,
U019,it will lead more unity among students.,user,1,mixed-uptake,Reject,Active
U019,It should be it lead to more unity among students.,assistant,1,mixed-uptake,,
U019,"Oh no, peer made a mistake while applying your feedback.
Please give a more detailed feedback",system,1,mixed-uptake,,
U046,"But change to but,",user,1,mixed-uptake,Reformulate,Active
U019,"delete ""to""",user,1,mixed-uptake,Reformulate,Active
U046,"Why change to but,?",assistant,1,mixed-uptake,,
U017,"based on' is the expression, they are the pairing word",user,1,low-uptake,Amplification,Constructive
U019,So it should be it can lead problems such as indiscipline?,assistant,1,mixed-uptake,,
U015,How can I improve here?,assistant,1,high-uptake,,
U019,"Oh no, peer made a mistake while applying your feedback.
Please give a more detailed feedback",system,1,mixed-uptake,,
U017,What does 'pairing word' mean?,assistant,1,low-uptake,,
U046,grammar is not correct if only but,user,1,mixed-uptake,Amplification,Constructive
U017,they come together when it used,user,1,low-uptake,Amplification,Constructive
U019,it will lead more unity among students.,user,1,mixed-uptake,Reformulate,Active
U046,So it should be but it is difficult to skip snacks and meals?,assistant,1,mixed-uptake,,
U046,"Oh no, peer made a mistake while applying your feedback.
Please give a more detailed feedback",system,1,mixed-uptake,,
U017,What does it mean they come together when it used?,assistant,1,low-uptake,,
U019,Okay. I will change 'lead' to 'lead to' here.,assistant,1,mixed-uptake,,
U019,"Good job! Peer acknowledged your feedback!
Let's move to the next error!",system,1,mixed-uptake,,
U019,How do I fix this?,assistant,1,mixed-uptake,,
U043,"change ""lessened"" to lessened",user,1,low-uptake,Reformulate,Active
U043,Why should I change 'lessened' to lessened?,assistant,1,low-uptake,,
U017,when you wanna write 'based' you'd better to write 'on' next to it,user,1,low-uptake,Reformulate,Active
U017,Okay. I will change 'by' to 'on' here.,assistant,1,low-uptake,,
U017,"Good job! Peer acknowledged your feedback!
Let's move to the next error!",system,1,low-uptake,,
U017,Can you give me feedback on this part?,assistant,1,low-uptake,,
U043,because it is right,user,1,low-uptake,Reject,Active
U043,What does it mean that it is right?,assistant,1,low-uptake,,
U011,"I think ""Thus , building them will not assist.""  sentence is awkward in flow",user,1,mixed-uptake,Reject,Active
U011,So it should be scientists can thus safe and observe them?,assistant,1,mixed-uptake,,
U011,"Oh no, peer made a mistake while applying your feedback.
Please give a more detailed feedback",system,1,mixed-uptake,,
U043,because we are using past simple correctly,user,1,low-uptake,Amplification,Constructive
U043,What does it mean to use past simple correctly?,assistant,1,low-uptake,,
U020,"Change ""But not always"" to ""however""",user,1,low-uptake,Reformulate,Active
U020,Why change 'But not always' to 'however'?,assistant,1,low-uptake,,
U043,"change ""lessen"" to ""lessened""",user,1,low-uptake,Reformulate,Active
U046,Oh i understand. I doesn't correspond to all people,user,1,mixed-uptake,Accept,Passive
U043,Okay. I will change 'lessen' to 'lessened' here.,assistant,1,low-uptake,,
U046,So it should be but it are difficult to skip snacks and meals?,assistant,1,mixed-uptake,,
U043,"Good job! Peer acknowledged your feedback!
Let's move to the next error!",system,1,low-uptake,,
U046,"Oh no, peer made a mistake while applying your feedback.
Please give a more detailed feedback",system,1,mixed-uptake,,
U043,Can you give me feedback on this part?,assistant,1,low-uptake,,
U019,"just delete ""about""",user,1,mixed-uptake,Reformulate,Active
U019,Why should I delete 'about'?,assistant,1,mixed-uptake,,
U010,"have->has, put ""a"" after has, roles->role, people life->people's lives",user,1,high-uptake,Reformulate,Active
U010,Okay. I will change it to 'The environment [has] [a] critical [role] in people's [lives]'.,assistant,1,high-uptake,,
U010,"Good job! Peer acknowledged your feedback!
Let's move to the next error!",system,1,high-uptake,,
U010,Can you give me feedback on this part?,assistant,1,high-uptake,,
U015,"the ""individuals juggles""",user,1,high-uptake,Reformulate,Active
U015,So it should be individuals juggle instead of juggles?,assistant,1,high-uptake,,
U015,"Oh no, peer made a mistake while applying your feedback.
Please give a more detailed feedback",system,1,high-uptake,,
U020,"Because the sentence before was telling the holiday should be longer, but this sentence is starting to tell there are problems",user,1,low-uptake,Amplification,Constructive
U020,What does it mean there are problems?,assistant,1,low-uptake,,
U043,"change ""make"" to ""made""",user,1,low-uptake,Reformulate,Active
U043,Why should I change 'make' to 'made'?,assistant,1,low-uptake,,
U043,correct past simple usage,user,1,low-uptake,Amplification,Constructive
U043,What does correct past simple usage mean?,assistant,1,low-uptake,,
U017,do you want to use enjoy for nown?,user,1,low-uptake,Metacognitive,Constructive
U017,What does 'enjoy for nown' mean?,assistant,1,low-uptake,,
U015,"yes or either ""individual juggles"", both was work. It comes back to your personal point",user,1,high-uptake,Amplification,Constructive
U015,What does it mean to come back to personal point?,assistant,1,high-uptake,,
U019,because it is smoother to read.,user,1,mixed-uptake,Amplification,Constructive
U017,use 'enjoy' for nown,user,1,low-uptake,Reformulate,Active
U019,So it should be let's discuss this?,assistant,1,mixed-uptake,,
U019,"Oh no, peer made a mistake while applying your feedback.
Please give a more detailed feedback",system,1,mixed-uptake,,
U017,What does 'enjoy for nown' mean?,assistant,1,low-uptake,,
U043,change used past simple correctly,user,1,low-uptake,Reformulate,Active
U043,What is correct past simple usage?,assistant,1,low-uptake,,
U019,yes.,user,1,mixed-uptake,Accept,Passive
U019,So it should be let's discuss this about?,assistant,1,mixed-uptake,,
U019,"Oh no, peer made a mistake while applying your feedback.
Please give a more detailed feedback",system,1,mixed-uptake,,
U046,has change to have,user,1,mixed-uptake,Reformulate,Active
U046,I don't get it,assistant,1,mixed-uptake,,
U046,"Good job! Peer acknowledged your feedback!
Let's move to the next error!",system,1,mixed-uptake,,
U046,How can I improve here?,assistant,1,mixed-uptake,,
U017,because there are two verbs in sentence,user,1,low-uptake,Amplification,Constructive
U017,Why two verbs in sentence?,assistant,1,low-uptake,,
U015,like what statement you are trying to imply,user,1,high-uptake,Amplification,Constructive
U015,I will use 'individuals [juggle]' instead.,assistant,1,high-uptake,,
U015,"Good job! Peer acknowledged your feedback!
Let's move to the next error!",system,1,high-uptake,,
U015,What's wrong here?,assistant,1,high-uptake,,
U020,After this sentence the writer is explaining about the problems when we have longer holiday,user,1,low-uptake,Amplification,Constructive
U020,What types of problems are you talking about?,assistant,1,low-uptake,,
U043,changing make to made,user,1,low-uptake,Reformulate,Active
U043,Okay. I will change 'make' to 'made' here.,assistant,1,low-uptake,,
U043,"Good job! Peer acknowledged your feedback!
Let's move to the next error!",system,1,low-uptake,,
U043,How do I fix this?,assistant,1,low-uptake,,
U017,find' and 'enjoy',user,1,low-uptake,Exemplification,Constructive
U017,Okay. I will change 'find enjoy' to 'find [enjoyment]' here.,assistant,1,low-uptake,,
U019,no. it should be let's discuss this.,user,1,mixed-uptake,Reformulate,Active
U017,"Good job! Peer acknowledged your feedback!
Let's move to the next error!",system,1,low-uptake,,
U017,How can I improve here?,assistant,1,low-uptake,,
U019,Okay. I will change it to 'let's discuss this.',assistant,1,mixed-uptake,,
U019,"Good job! Peer acknowledged your feedback!
Let's move to the next error!",system,1,mixed-uptake,,
U019,Can you give me feedback on this part?,assistant,1,mixed-uptake,,
U046,I can't see highlight,user,1,mixed-uptake,Others,Others
U046,So it should be it is difficult to skip snacks and meals?,assistant,1,mixed-uptake,,
U046,"Oh no, peer made a mistake while applying your feedback.
Please give a more detailed feedback",system,1,mixed-uptake,,
U020,I am talking about the problems that the author mention in the passage you show,user,1,low-uptake,Connection,Constructive
U020,Okay. I will change 'But not always' to 'However'.,assistant,1,low-uptake,,
U020,"Good job! Peer acknowledged your feedback!
Let's move to the next error!",system,1,low-uptake,,
U020,Can you give me feedback on this part?,assistant,1,low-uptake,,
U011,almost right but not exactly. the issue is with the verb choice. safe is not a verb in standard english so that usage sounds unnatural,user,1,mixed-uptake,Amplification,Constructive
U011,"I understand, I will change 'safe' to 'safeguard'.",assistant,1,mixed-uptake,,
U011,"Good job! Peer acknowledged your feedback!
Let's move to the next error!",system,1,mixed-uptake,,
U011,What's wrong here?,assistant,1,mixed-uptake,,
U010,"people's life->people's lives, remove "","" after lives",user,1,high-uptake,Reformulate,Active
U010,"Okay. I will change 'people's life' to 'people's lives' and remove the ',' after 'lives'.",assistant,1,high-uptake,,
U010,"Good job! Peer acknowledged your feedback!
Let's move to the next error!",system,1,high-uptake,,
U010,How can I improve here?,assistant,1,high-uptake,,
U019,it is good.,user,1,mixed-uptake,Accept,Passive
U019,So it should be thank you for follow?,assistant,1,mixed-uptake,,
U019,"Oh no, peer made a mistake while applying your feedback.
Please give a more detailed feedback",system,1,mixed-uptake,,
U011,"scientists can thus ""safe"" and observe them . this sentence will change lick scientsts can thus safeguard and oberve them.",user,1,mixed-uptake,Reformulate,Active
U011,I will change 'safe' to 'safeguard'.,assistant,1,mixed-uptake,,
U011,"Good job! Peer acknowledged your feedback!
Let's move to the next error!",system,1,mixed-uptake,,
U011,Can you give me feedback on this part?,assistant,1,mixed-uptake,,
U019,no.  it should be thank you for following,user,1,mixed-uptake,Reformulate,Active
U019,Okay. I will change it to 'thank you for [following]',assistant,1,mixed-uptake,,
U019,"Good job! Peer acknowledged your feedback!
Let's move to the next error!",system,1,mixed-uptake,,
U019,How can I improve here?,assistant,1,mixed-uptake,,
U019,it is good.,user,1,mixed-uptake,Accept,Passive
U019,What does reasons about it mean?,assistant,1,mixed-uptake,,
U011,"or more simply ""scientists can thus protect and observe them.""",user,1,mixed-uptake,Reformulate,Active
U011,Why 'protect' instead of 'safeguard'?,assistant,1,mixed-uptake,,
U015,"I find that there are more conjuction words which are more suitable then 'as such'. Like 'hearby'. Perhaps it is not wrong, but just a not popular choice",user,1,high-uptake,Amplification,Constructive
U015,I think I can use 'hearby' instead of 'as such' now.,assistant,1,high-uptake,,
U015,"Oh no, peer made a mistake while applying your feedback.
Please give a more detailed feedback",system,1,high-uptake,,
U046,you didn't say correct sentence. I want to know incorrect part,user,1,mixed-uptake,Reject,Active
U046,What does incorrect part mean?,assistant,1,mixed-uptake,,
U046,highlight part,user,1,mixed-uptake,Amplification,Constructive
U046,What does highlight part mean?,assistant,1,mixed-uptake,,
U019,it means that there are reasons to support the writer's opinion.,user,1,mixed-uptake,Amplification,Constructive
U019,So it should be reasons for it: Creating unity and reducing distraction?,assistant,1,mixed-uptake,,
U019,"Oh no, peer made a mistake while applying your feedback.
Please give a more detailed feedback",system,1,mixed-uptake,,
U046,Where do you think wrong?,user,1,mixed-uptake,Metacognitive,Constructive
U046,"Okay, I will change here.",assistant,1,mixed-uptake,,
U020,"Change the sentence to, ""Having longer holidays may have several problems.""",user,1,low-uptake,Reformulate,Active
U046,"Good job! Peer acknowledged your feedback!
Let's move to the next error!",system,1,mixed-uptake,,
U046,How do I fix this?,assistant,1,mixed-uptake,,
U020,Why change it to that?,assistant,1,low-uptake,,
U015,....'is appreciated'.... is the correct grammar idally,user,1,high-uptake,Reformulate,Active
U015,Okay. I will change 'is appreciates' to 'is appreciated' here.,assistant,1,high-uptake,,
U015,"Good job! Peer acknowledged your feedback!
Let's move to the next error!",system,1,high-uptake,,
U015,How can I improve here?,assistant,1,high-uptake,,
U019,for --> about,user,1,mixed-uptake,Reformulate,Active
U019,It should be reasons about it: Creating unity.,assistant,1,mixed-uptake,,
U019,"Oh no, peer made a mistake while applying your feedback.
Please give a more detailed feedback",system,1,mixed-uptake,,
U046,where do you think worng? please highlights for me,user,1,mixed-uptake,Metacognitive,Constructive
U046,It should be many people believe eat healthy food is important?,assistant,1,mixed-uptake,,
U046,"Oh no, peer made a mistake while applying your feedback.
Please give a more detailed feedback",system,1,mixed-uptake,,
U019,reasons about it : Creating unity,user,1,mixed-uptake,Reformulate,Active
U019,I understand. It should be 'reasons [for] it: Creating unity.',assistant,1,mixed-uptake,,
U019,"Good job! Peer acknowledged your feedback!
Let's move to the next error!",system,1,mixed-uptake,,
U019,What's wrong here?,assistant,1,mixed-uptake,,
U020,"The sentence that is highlighted can make a misunderstanding the idea, which we just mentioned in last sentence can have problems",user,1,low-uptake,Amplification,Constructive
U010,"put "","" after for example, overtime->over time",user,1,high-uptake,Reformulate,Active
U020,What does misunderstanding the idea mean?,assistant,1,low-uptake,,
U010,Okay. I will add a comma after 'for example' and change 'overtime' to 'over time'.,assistant,1,high-uptake,,
U010,"Good job! Peer acknowledged your feedback!
Let's move to the next error!",system,1,high-uptake,,
U015,the right grammar would be 'has become',user,1,high-uptake,Reformulate,Active
U015,I will change 'has been become' to 'has become' now.,assistant,1,high-uptake,,
U015,"Good job! Peer acknowledged your feedback!
Let's move to the next error!",system,1,high-uptake,,
U015,How can I improve here?,assistant,1,high-uptake,,
U046,yes. I think many people think it is important,user,1,mixed-uptake,Reformulate,Active
U046,What does it mean many people think it is important?,assistant,1,mixed-uptake,,
U019,codes --> code,user,1,mixed-uptake,Reformulate,Active
U019,Why does it need to be code?,assistant,1,mixed-uptake,,
U015,"...'these opportunities', would be preferred",user,1,high-uptake,Reformulate,Active
U015,What does 'these opportunities' mean?,assistant,1,high-uptake,,
U020,It means that it can make confuse to readers that author idea(argument) is wrong,user,1,low-uptake,Amplification,Constructive
U020,What does it mean to make confuse?,assistant,1,low-uptake,,
U019,"because you have to match the number of things with the word ""distraction""",user,1,mixed-uptake,Amplification,Constructive
U019,It should be distraction and dress code now?,assistant,1,mixed-uptake,,
U019,"Oh no, peer made a mistake while applying your feedback.
Please give a more detailed feedback",system,1,mixed-uptake,,
U020,It means that the reader have different thinking with author,user,1,low-uptake,Amplification,Constructive
U020,Okay. I will change the sentence to 'Having longer holidays may have several problems.',assistant,1,low-uptake,,
U020,"Good job! Peer acknowledged your feedback!
Let's move to the next error!",system,1,low-uptake,,
U020,Can you give me feedback on this part?,assistant,1,low-uptake,,
U019,yes.,user,1,mixed-uptake,Accept,Passive
U019,Okay. I will change 'codes' to 'code' now.,assistant,1,mixed-uptake,,
U019,"Good job! Peer acknowledged your feedback!
Let's move to the next error!",system,1,mixed-uptake,,
U019,How do I fix this?,assistant,1,mixed-uptake,,
U011,because protect usually means actively defending something from immediate harm or danger. It's more direct and often used than safeguard when there is a clear threat.,user,1,mixed-uptake,Amplification,Constructive
U011,Okay. I will change 'safeguard' to 'protect' here.,assistant,1,mixed-uptake,,
U011,"Good job! Peer acknowledged your feedback!
Let's move to the next error!",system,1,mixed-uptake,,
U011,Can you give me feedback on this part?,assistant,1,mixed-uptake,,
U019,what?,user,1,mixed-uptake,Metacognitive,Constructive
U019,Should it be I firmly believe that students must wear uniforms?,assistant,1,mixed-uptake,,
U019,"Oh no, peer made a mistake while applying your feedback.
Please give a more detailed feedback",system,1,mixed-uptake,,
U015,"because these means plural, opportunity is singular so it does not match. But again depend on the message you are trying to convey. It is either 'this opportunity' or 'these opportunties'",user,1,high-uptake,Amplification,Constructive
U015,Okay. I will change 'these opportunity' to 'these opportunities' here.,assistant,1,high-uptake,,
U015,"Good job! Peer acknowledged your feedback!
Let's move to the next error!",system,1,high-uptake,,
U015,What's wrong here?,assistant,1,high-uptake,,
U020,"change ""researches people"" to ""researchers""",user,1,low-uptake,Reformulate,Active
U020,Why change 'researches people'?,assistant,1,low-uptake,,
U020,there is two verbs in one single sentence that can make error,user,1,low-uptake,Amplification,Constructive
U020,What does having two verbs mean?,assistant,1,low-uptake,,
U015,For instance' will be more structured if it is inserted in the beginning of a sentence,user,1,high-uptake,Reformulate,Active
U015,Okay. I will move 'for instance' to the beginning of the sentence.,assistant,1,high-uptake,,
U015,"Good job! Peer acknowledged your feedback!
Let's move to the next error!",system,1,high-uptake,,
U011,"I think you have to rewrite a ""opposes all them "" to ""opposes all of them""",user,1,mixed-uptake,Reformulate,Active
U011,I think it should be opposes all of them.,assistant,1,mixed-uptake,,
U011,"Oh no, peer made a mistake while applying your feedback.
Please give a more detailed feedback",system,1,mixed-uptake,,
U020,"Like in the sentence ""researches"", ""though"" these two verbs existing in single sentence illegally",user,1,low-uptake,Exemplification,Constructive
U020,What does it mean to have two verbs in a sentence?,assistant,1,low-uptake,,
U011,no in your essay,user,1,mixed-uptake,Reject,Active
U011,What does no in your essay mean?,assistant,1,mixed-uptake,,
U020,"there should be verbs matching with a noun in the verb, but more than one verbs are in single sentence making error",user,1,low-uptake,Amplification,Constructive
U020,I will change 'researches people' to 'researchers.',assistant,1,low-uptake,,
U020,"Good job! Peer acknowledged your feedback!
Let's move to the next error!",system,1,low-uptake,,
U020,What's wrong here?,assistant,1,low-uptake,,
U020,"Change ""a"" to ""the""",user,1,low-uptake,Reformulate,Active
U020,Why change 'a' to 'the'?,assistant,1,low-uptake,,
U020,because the reason is specific,user,1,low-uptake,Amplification,Constructive
U020,What does it mean that the reason is specific?,assistant,1,low-uptake,,
U011,"you need to change the sentence ""opposes all them"" in your essay to ""opposes all of them""",user,1,mixed-uptake,Reformulate,Active
U011,Why do I need to change it?,assistant,1,mixed-uptake,,
U020,it means that reason is explained,user,1,low-uptake,Amplification,Constructive
U020,What does it mean that reason is explained?,assistant,1,low-uptake,,
U011,because it looks grammatically better,user,1,mixed-uptake,Amplification,Constructive
U011,Okay. I will change 'opposes all them' to 'opposes all of them'.,assistant,1,mixed-uptake,,
U011,"Good job! Peer acknowledged your feedback!
Let's move to the next error!",system,1,mixed-uptake,,
U011,How can I improve here?,assistant,1,mixed-uptake,,
U020,it means before the sentence the writer tell what that is exactly,user,1,low-uptake,Amplification,Constructive
U020,Okay. I will change 'a' to 'the' here.,assistant,1,low-uptake,,
U020,"Good job! Peer acknowledged your feedback!
Let's move to the next error!",system,1,low-uptake,,
U020,How do I fix this?,assistant,1,low-uptake,,
U020,"delete ""when""",user,1,low-uptake,Reformulate,Active
U020,Why delete 'when'?,assistant,1,low-uptake,,
U011,where?,user,1,mixed-uptake,Metacognitive,Constructive
U011,What do you mean by where?,assistant,1,mixed-uptake,,
U011,what part of your essay do you wnat to fix?,user,1,mixed-uptake,Metacognitive,Constructive
U011,What do you mean by 'part of my essay'?,assistant,1,mixed-uptake,,
U011,"The article introduces three potential methods to help the endangered frogs. Yet, in the presentation, the speaker opposes all them and states why they are unlikely effective. First, the article suggests creating artificial ponds in the original regions. The speaker argues that the region's climate has altered, and the new ponds will not provide suitable habitat anymore. Thus, building them will not assist.  Second, the article recommends relocating frogs to wetter areas north. The assumption that frogs may thrive in such moist climate regions, but the speaker warns using the example of cane toads transferred to new locations where they flourished excessively and disturbed local ecosystems.  Scientists can thus [safe] and observe them.. Scientists can thus safeguard and observe them. Nevertheless, the speaker contends that frogs in such settings lose their natural adaptability against conditions, and it's challenging duplicating the extensive environments required for survival. Here",user,1,mixed-uptake,Amplification,Constructive
U011,I think I should say scientists can thus safe and observe them.,assistant,1,mixed-uptake,,
U011,"Oh no, peer made a mistake while applying your feedback.
Please give a more detailed feedback",system,1,mixed-uptake,,
U020,"becuase ""those"" is demonstrative adjective describing ""days"" so we don't need the word between",user,1,low-uptake,Amplification,Constructive
U020,What does demonstrative adjective mean?,assistant,1,low-uptake,,
U011,safe is not a verb. you need to use protect instead.  and make the sentence clearer and more formal by slightly expanding it with a reason or purpose.,user,1,mixed-uptake,Amplification,Constructive
U011,Okay. I will change 'safe' to 'protect' and expand the sentence.,assistant,1,mixed-uptake,,
U011,"Good job! Peer acknowledged your feedback!
Let's move to the next error!",system,1,mixed-uptake,,
U011,How do I fix this?,assistant,1,mixed-uptake,,
U020,It is a word that points to a specific nous and shows which one you are talking about,user,1,low-uptake,Amplification,Constructive
U020,What does it mean to point to a specific noun?,assistant,1,low-uptake,,
U020,It shows a noun to readers what i am trying to explain specifically,user,1,low-uptake,Amplification,Constructive
U020,Okay. I will delete 'when' here.,assistant,1,low-uptake,,
U020,"Good job! Peer acknowledged your feedback!
Let's move to the next error!",system,1,low-uptake,,
U011,"you can change ""scientists can thus protect and observe them."" this sentence to ""By maintaining frogs in controlled environments, scientists can protect them from external threats and closely observe their behavior and health."" like this sentence",user,1,mixed-uptake,Reformulate,Active
U011,What do you mean to make the sentence clearer and more formal?,assistant,1,mixed-uptake,,
U011,"it means easy to understand sounds professional  for example clarity : the sentence should have a complete idea thet readers can easily follow without confusion. For example, adding why or how the scientists protect and observe the frogs;. Formality : avoid using casual or simple words and phrases. Instead, use precise vocabulary and a polished tone.",user,1,mixed-uptake,Amplification,Constructive
U011,"I think I will say by maintaining frogs in controlled environments, scientists can protect them from external threats and observe them behavior and health.",assistant,1,mixed-uptake,,
U011,"Oh no, peer made a mistake while applying your feedback.
Please give a more detailed feedback",system,1,mixed-uptake,,
U011,"you can fix instead of "" observe them behavior and health"" say ""observe their behavior and health"". also for clearer structure, try : "" By maintaining frogs in controlled environments, scientists can protect them form external threats and observe their behavior and health closely.",user,1,mixed-uptake,Reformulate,Active
U011,What do you mean to say observe their behavior and health?,assistant,1,mixed-uptake,,
U011,it means scientists watch how the frogs act and check their physical condition .,user,1,mixed-uptake,Amplification,Constructive
U011,Okay. I will change it to make it clearer and more formal.,assistant,1,mixed-uptake,,
U011,"Good job! Peer acknowledged your feedback!
Let's move to the next error!",system,1,mixed-uptake,,
U011,How can I improve here?,assistant,1,mixed-uptake,,
U015,What's wrong here?,assistant,2,high-uptake,,
U015,comma shall be inserted before the 'where' and after 'filters',user,2,high-uptake,Reformulate,Active
U015,Okay. I will add commas before 'where' and after 'filters' in this sentence.,assistant,2,high-uptake,,
U015,"Good job! Peer acknowledged your feedback!
Let's move to the next error!",system,2,high-uptake,,
U015,How do I fix this?,assistant,2,high-uptake,,
U046,Can you give me feedback on this part?,assistant,2,mixed-uptake,,
U015,and other music apps' would be preferred because without 'other' it seems like you are considering Spotify not as one of the music apps,user,2,high-uptake,Amplification,Constructive
U015,Okay. I will change the sentence to include 'and other music apps.',assistant,2,high-uptake,,
U015,"Good job! Peer acknowledged your feedback!
Let's move to the next error!",system,2,high-uptake,,
U015,How can I improve here?,assistant,2,high-uptake,,
U015,it is either 'to absorb' or 'in absorbing',user,2,high-uptake,Reformulate,Active
U015,I think it should be to absorb music's power.,assistant,2,high-uptake,,
U015,"Oh no, peer made a mistake while applying your feedback.
Please give a more detailed feedback",system,2,high-uptake,,
U046,change' change to changes,user,2,mixed-uptake,Reformulate,Active
U046,Why change to changes?,assistant,2,mixed-uptake,,
U046,"grammar is not corrects, if use change",user,2,mixed-uptake,Amplification,Constructive
U046,What does it mean to correct grammar?,assistant,2,mixed-uptake,,
U010,How do I fix this?,assistant,2,high-uptake,,
U046,"writer use many, so should use changes",user,2,mixed-uptake,Amplification,Constructive
U046,What does it mean to use changes?,assistant,2,mixed-uptake,,
U015,"""Take for example"" makes it sounds like informal tendency. ""For example"" is enough. Also other than ""--"" you may also simply use "",""",user,2,high-uptake,Reformulate,Active
U015,"I will change 'Take for example' to 'For example' and replace '--' with ',' here.",assistant,2,high-uptake,,
U015,"Good job! Peer acknowledged your feedback!
Let's move to the next error!",system,2,high-uptake,,
U015,Can you give me feedback on this part?,assistant,2,high-uptake,,
U046,"many change' is not correct, so fix to 'many changes'",user,2,mixed-uptake,Reformulate,Active
U046,I will change 'change' to 'changes' here.,assistant,2,mixed-uptake,,
U046,"Good job! Peer acknowledged your feedback!
Let's move to the next error!",system,2,mixed-uptake,,
U046,Can you give me feedback on this part?,assistant,2,mixed-uptake,,
U015,"after 'banned' thhere should be comma. Depends on the context, but ""a mature understanding"" sounds less awkward",user,2,high-uptake,Amplification,Constructive
U015,I will add a comma after 'banned' and change it to 'a mature understanding' for clarity.,assistant,2,high-uptake,,
U015,"Good job! Peer acknowledged your feedback!
Let's move to the next error!",system,2,high-uptake,,
U010,"have->has, add ""an"" after has,",user,2,high-uptake,Reformulate,Active
U010,It should be the government has an important role?,assistant,2,high-uptake,,
U010,"Oh no, peer made a mistake while applying your feedback.
Please give a more detailed feedback",system,2,high-uptake,,
U046,bring' should change to 'brings'  and i don' know why use last sentence,user,2,mixed-uptake,Reformulate,Active
U046,Why 'bring' should change to 'brings'?,assistant,2,mixed-uptake,,
U010,"yes, correct",user,2,high-uptake,Accept,Passive
U046,because of grammar,user,2,mixed-uptake,Amplification,Constructive
U010,Okay. I will change 'have' to 'has' and add 'an' here.,assistant,2,high-uptake,,
U010,"Good job! Peer acknowledged your feedback!
Let's move to the next error!",system,2,high-uptake,,
U046,What does grammar mean?,assistant,2,mixed-uptake,,
U046,"technology bring is not correct, so change to technology brings",user,2,mixed-uptake,Reformulate,Active
U046,What does it mean that 'bring' is not correct?,assistant,2,mixed-uptake,,
U046,grammar.,user,2,mixed-uptake,Amplification,Constructive
U046,Okay. I will change 'bring' to 'brings' here.,assistant,2,mixed-uptake,,
U046,"Good job! Peer acknowledged your feedback!
Let's move to the next error!",system,2,mixed-uptake,,
U046,How do I fix this?,assistant,2,mixed-uptake,,
U046,no different change to no differences and it isn't have more information about no differences,user,2,mixed-uptake,Reformulate,Active
U046,I think it should be no differences but with more information.,assistant,2,mixed-uptake,,
U046,"Oh no, peer made a mistake while applying your feedback.
Please give a more detailed feedback",system,2,mixed-uptake,,
U046,"many people think traditional methods are more effective than online class. so if there are more informations, many reader can understand your opinion",user,2,mixed-uptake,Reformulate,Active
U046,I think it should be no differences from traditional methods.,assistant,2,mixed-uptake,,
U046,"Oh no, peer made a mistake while applying your feedback.
Please give a more detailed feedback",system,2,mixed-uptake,,
U046,"many people think traditional methods are more effective than online class. so if there are more informations, many reader can understand your opinion",user,2,mixed-uptake,Reformulate,Active
U046,What does no differences mean?,assistant,2,mixed-uptake,,
U046,This means that there is a need for research or survey evidence to prove that there is little difference between traditional and online teaching methods.,user,2,mixed-uptake,Amplification,Constructive
U046,I will add more information to explain no differences.,assistant,2,mixed-uptake,,
U046,"Good job! Peer acknowledged your feedback!
Let's move to the next error!",system,2,mixed-uptake,,
U046,How do I fix this?,assistant,2,mixed-uptake,,
U046,student should change to students,user,2,mixed-uptake,Reformulate,Active
U046,Why should student change to students?,assistant,2,mixed-uptake,,
U046,"Here, we are talking about multiple students, not just one. So, grammatically, ""student"" is correct.",user,2,mixed-uptake,Amplification,Constructive
U046,"So it should be with tablets, students can easily use digital books?",assistant,2,mixed-uptake,,
U046,"Oh no, peer made a mistake while applying your feedback.
Please give a more detailed feedback",system,2,mixed-uptake,,
U046,yes,user,2,mixed-uptake,Accept,Passive
U046,What does that mean?,assistant,2,mixed-uptake,,
U046,"oh sorry, yes it's correct. tablets are bigger than smartphone. and they have pens for tablets, So it should be with tablets, students can easily use digital books",user,2,mixed-uptake,Amplification,Constructive
U046,"I will change 'with tablet, student' to 'with tablets, students'.",assistant,2,mixed-uptake,,
U046,"Good job! Peer acknowledged your feedback!
Let's move to the next error!",system,2,mixed-uptake,,
U046,How do I fix this?,assistant,2,mixed-uptake,,
U046,"I think it's just that more students like studying, not just more. I think writing it this way makes the flow of the writing more natural.",user,2,mixed-uptake,Amplification,Constructive
U046,"So it should be in these reasons, more students like studying?",assistant,2,mixed-uptake,,
U046,"Oh no, peer made a mistake while applying your feedback.
Please give a more detailed feedback",system,2,mixed-uptake,,
U046,"Yes. Technology can make many students more interested in studying. These days, students are more familiar with digital devices.",user,2,mixed-uptake,Amplification,Constructive
U046,What does it mean that more students are interested in studying?,assistant,2,mixed-uptake,,
U046,"You don't have to like it, but you might end up liking it.",user,2,mixed-uptake,Reformulate,Active
U046,What does it mean to end up liking something?,assistant,2,mixed-uptake,,
U026,How can I improve here?,assistant,1,mixed-uptake,,
U026,What's wrong here?,assistant,1,mixed-uptake,,
U046,This means that students may become more interested in studying while using digital devices.,user,2,mixed-uptake,Amplification,Constructive
U046,"I will change it to 'Thus, in [these reasons], more students may become more interested in studying.'",assistant,2,mixed-uptake,,
U046,"Good job! Peer acknowledged your feedback!
Let's move to the next error!",system,2,mixed-uptake,,
U046,What's wrong here?,assistant,2,mixed-uptake,,
U003,How can I improve here?,assistant,1,mixed-uptake,,
U046,make change to makes(because of grammar),user,2,mixed-uptake,Amplification,Constructive
U046,It should be technology makes education cheap.,assistant,2,mixed-uptake,,
U046,"Oh no, peer made a mistake while applying your feedback.
Please give a more detailed feedback",system,2,mixed-uptake,,
U003,"you can be more confident by saying ""must"" instead of ""should""",user,1,mixed-uptake,Reformulate,Active
U003,So it must be exercise must be part of daily life for everyone?,assistant,1,mixed-uptake,,
U013,Can you give me feedback on this part?,assistant,1,high-uptake,,
U003,"Oh no, peer made a mistake while applying your feedback.
Please give a more detailed feedback",system,1,mixed-uptake,,
U025,What's wrong here?,assistant,1,low-uptake,,
U003,yes,user,1,mixed-uptake,Accept,Passive
U003,Okay. I will change 'should' to 'must' here.,assistant,1,mixed-uptake,,
U003,"Good job! Peer acknowledged your feedback!
Let's move to the next error!",system,1,mixed-uptake,,
U046,How do I fix this?,assistant,2,mixed-uptake,,
U046,How can I improve here?,assistant,2,mixed-uptake,,
U003,Can you give me feedback on this part?,assistant,1,mixed-uptake,,
U003,which part,user,1,mixed-uptake,Others,Others
U003,Which part do you mean?,assistant,1,mixed-uptake,,
U035,How can I improve here?,assistant,1,mixed-uptake,,
U003,which part should I give feedback for?,user,1,mixed-uptake,Others,Others
U003,I will change 'should' to 'must' here.,assistant,1,mixed-uptake,,
U003,"Good job! Peer acknowledged your feedback!
Let's move to the next error!",system,1,mixed-uptake,,
U003,What's wrong here?,assistant,1,mixed-uptake,,
U044,What's wrong here?,assistant,2,mixed-uptake,,
U025,learning new languages ​​should be treated as singular and changed to does.,user,1,low-uptake,Amplification,Constructive
U025,Why should it change to does?,assistant,1,low-uptake,,
U025,"The singular is written as does, and the plural is written as do.",user,1,low-uptake,Amplification,Constructive
U025,What is singular and plural in this case?,assistant,1,low-uptake,,
U025,"This case is singular, but we agreed to treat gerunds as singular.",user,1,low-uptake,Connection,Constructive
U025,What does treating gerunds as singular mean?,assistant,1,low-uptake,,
U007,How can I improve here?,assistant,1,high-uptake,,
U025,Literally,user,1,low-uptake,Reformulate,Active
U025,Okay. I will change 'do' to 'does' here.,assistant,1,low-uptake,,
U025,"Good job! Peer acknowledged your feedback!
Let's move to the next error!",system,1,low-uptake,,
U025,What's wrong here?,assistant,1,low-uptake,,
U032,How do I fix this?,assistant,1,high-uptake,,
U039,How do I fix this?,assistant,1,low-uptake,,
U003,"you should have said ""people"" instead of ""peoples"" because ""people"" is not singular",user,1,mixed-uptake,Amplification,Constructive
U003,So it should be peoples nowadays tend to be stay sedentary?,assistant,1,mixed-uptake,,
U003,"Oh no, peer made a mistake while applying your feedback.
Please give a more detailed feedback",system,1,mixed-uptake,,
U035,Capitalize the beginning of the sentence,user,1,mixed-uptake,Reformulate,Active
U035,So I need to change it to But now we can make relationships stronger with traveling?,assistant,1,mixed-uptake,,
U035,"Oh no, peer made a mistake while applying your feedback.
Please give a more detailed feedback",system,1,mixed-uptake,,
U003,"no, change ""peoples"" to ""people""",user,1,mixed-uptake,Reformulate,Active
U003,Why is it people instead of peoples?,assistant,1,mixed-uptake,,
U025,"I think you wanted to use a conjunction that means because, but in that case you should write since.",user,1,low-uptake,Amplification,Constructive
U025,What does conjunction mean?,assistant,1,low-uptake,,
U044,"resource -> resources, add 'Online learning has become an essential part of modern education.'",user,2,mixed-uptake,Reformulate,Active
U025,It connects sentences and sentences,user,1,low-uptake,Amplification,Constructive
U025,What does it mean to connect sentences?,assistant,1,low-uptake,,
U044,Okay. I will change 'resource' to 'resources' and add the new sentence.,assistant,2,mixed-uptake,,
U044,"Good job! Peer acknowledged your feedback!
Let's move to the next error!",system,2,mixed-uptake,,
U044,Can you give me feedback on this part?,assistant,2,mixed-uptake,,
U046,Can you give me feedback on this part?,assistant,2,mixed-uptake,,
U046,What's wrong here?,assistant,2,mixed-uptake,,
U025,Literally,user,1,low-uptake,Reformulate,Active
U025,What does literally mean?,assistant,1,low-uptake,,
U003,"because people alredy plural, not singular, it already mean a lot of people, so ""peoples"" will be gramatically wrong",user,1,mixed-uptake,Amplification,Constructive
U003,So it should be peoples nowadays tend to stay sedentary?,assistant,1,mixed-uptake,,
U003,"Oh no, peer made a mistake while applying your feedback.
Please give a more detailed feedback",system,1,mixed-uptake,,
U026,brain still work > brain still works,user,1,mixed-uptake,Reformulate,Active
U026,Why is it work and not works?,assistant,1,mixed-uptake,,
U025,I mean literally. Connecting sentences means combining two sentences and saying them at once.,user,1,low-uptake,Amplification,Constructive
U003,"it should be ""because nowadays people tend to stay sedentary""",user,1,mixed-uptake,Reformulate,Active
U025,Okay. I will connect the sentences here.,assistant,1,low-uptake,,
U025,"Good job! Peer acknowledged your feedback!
Let's move to the next error!",system,1,low-uptake,,
U025,How can I improve here?,assistant,1,low-uptake,,
U003,I will change the sentence to 'because [nowadays people] tend to stay sedentary.',assistant,1,mixed-uptake,,
U003,"Good job! Peer acknowledged your feedback!
Let's move to the next error!",system,1,mixed-uptake,,
U003,How do I fix this?,assistant,1,mixed-uptake,,
U039,enjoys->enjoy,user,1,low-uptake,Reformulate,Active
U039,Why enjoy instead of enjoys?,assistant,1,low-uptake,,
U026,works is right. not work,user,1,mixed-uptake,Reformulate,Active
U026,I think it should be our brain still works when we listen music.,assistant,1,mixed-uptake,,
U026,"Oh no, peer made a mistake while applying your feedback.
Please give a more detailed feedback",system,1,mixed-uptake,,
U035,Let's add car because it is most used way,user,1,mixed-uptake,Reformulate,Active
U035,Okay. I will add 'by car' here.,assistant,1,mixed-uptake,,
U035,"Good job! Peer acknowledged your feedback!
Let's move to the next error!",system,1,mixed-uptake,,
U035,How do I fix this?,assistant,1,mixed-uptake,,
U026,because brain is the singular,user,1,mixed-uptake,Amplification,Constructive
U026,I think it should be our brain still work when we listen music.,assistant,1,mixed-uptake,,
U026,"Oh no, peer made a mistake while applying your feedback.
Please give a more detailed feedback",system,1,mixed-uptake,,
U044,"in classroom -> in the classroom, which is big change -> is a major change, education system's updates -> education system's recent updates",user,2,mixed-uptake,Reformulate,Active
U035,Add verb,user,1,mixed-uptake,Reformulate,Active
U044,What does it mean to say 'is a major change'?,assistant,2,mixed-uptake,,
U035,Okay. I will add 's' to 'bring' here.,assistant,1,mixed-uptake,,
U035,"Good job! Peer acknowledged your feedback!
Let's move to the next error!",system,1,mixed-uptake,,
U035,How can I improve here?,assistant,1,mixed-uptake,,
U053,Can you give me feedback on this part?,assistant,1,mixed-uptake,,
U026,"brain is singular, so we need to write 's' beside 'work'",user,1,mixed-uptake,Amplification,Constructive
U026,I will change 'work' to 'works' here.,assistant,1,mixed-uptake,,
U026,"Good job! Peer acknowledged your feedback!
Let's move to the next error!",system,1,mixed-uptake,,
U026,Can you give me feedback on this part?,assistant,1,mixed-uptake,,
U003,"the last part of the sentence should be ""and avoid from diseases""",user,1,mixed-uptake,Reformulate,Active
U044,It means something important that is different from before.,user,2,mixed-uptake,Amplification,Constructive
U003,So it should be allowing us to live longer and avoid from diseases?,assistant,1,mixed-uptake,,
U003,"Oh no, peer made a mistake while applying your feedback.
Please give a more detailed feedback",system,1,mixed-uptake,,
U044,"So it should be use of tablets in the classroom, which is a major change?",assistant,2,mixed-uptake,,
U044,"Oh no, peer made a mistake while applying your feedback.
Please give a more detailed feedback",system,2,mixed-uptake,,
U003,yes,user,1,mixed-uptake,Accept,Passive
U003,Okay. I will change 'avoid from' to 'avoid' here.,assistant,1,mixed-uptake,,
U003,"Good job! Peer acknowledged your feedback!
Let's move to the next error!",system,1,mixed-uptake,,
U003,What's wrong here?,assistant,1,mixed-uptake,,
U035,Change 'culture' to 'global culture' to imagine reader travel far,user,1,mixed-uptake,Reformulate,Active
U035,Why change 'culture' to 'global culture'?,assistant,1,mixed-uptake,,
U003,it finished,user,1,mixed-uptake,Reformulate,Active
U003,Why does it finished?,assistant,1,mixed-uptake,,
U039,"Since the subject is plural, a singular verb form should not be used.",user,1,low-uptake,Amplification,Constructive
U039,What does it mean a singular verb form?,assistant,1,low-uptake,,
U026,you need to give example,user,1,mixed-uptake,Reformulate,Active
U026,I think it should be many young people choose music that influences sad feelings.,assistant,1,mixed-uptake,,
U026,"Oh no, peer made a mistake while applying your feedback.
Please give a more detailed feedback",system,1,mixed-uptake,,
U057,What's wrong here?,assistant,1,low-uptake,,
U035,because we can experience culture without automobile but we cannot experience 'global' culture without automobile,user,1,mixed-uptake,Amplification,Constructive
U035,What does experience culture mean?,assistant,1,mixed-uptake,,
U025,"Since effect is usually used as a noun, it seems better to use influence in that situation.",user,1,low-uptake,Amplification,Constructive
U025,What does effect as a noun mean?,assistant,1,low-uptake,,
U035,That makes us improvement of lifestyle. Look at the last sentence at the paragraph.,user,1,mixed-uptake,Connection,Constructive
U035,Okay. I will change 'culture' to 'global culture' here.,assistant,1,mixed-uptake,,
U026,you need more detail for justify your opinion,user,1,mixed-uptake,Reject,Active
U035,"Good job! Peer acknowledged your feedback!
Let's move to the next error!",system,1,mixed-uptake,,
U035,What's wrong here?,assistant,1,mixed-uptake,,
U026,Okay. I will add more detail to justify my opinion.,assistant,1,mixed-uptake,,
U026,"Good job! Peer acknowledged your feedback!
Let's move to the next error!",system,1,mixed-uptake,,
U026,What's wrong here?,assistant,1,mixed-uptake,,
U025,Literally,user,1,low-uptake,Reformulate,Active
U025,What does literally mean?,assistant,1,low-uptake,,
U039,the form like (present verb)+s/es/ies,user,1,low-uptake,Exemplification,Constructive
U039,What does the form like (present verb)+s/es/ies mean?,assistant,1,low-uptake,,
U013,"the paragraph is describing about the past days, so the sentences should be in past tense. In this sentence, there is word 'is' which is present tense.",user,1,high-uptake,Amplification,Constructive
U053,give -> gives,user,1,mixed-uptake,Reformulate,Active
U013,So I should say veterinary services was not widely available?,assistant,1,high-uptake,,
U013,"Oh no, peer made a mistake while applying your feedback.
Please give a more detailed feedback",system,1,high-uptake,,
U025,It means that words just have meaning.,user,1,low-uptake,Amplification,Constructive
U025,What does effect mean as a noun?,assistant,1,low-uptake,,
U053,Why does it change to gives?,assistant,1,mixed-uptake,,
U035,This subject is not about experiencing new things.,user,1,mixed-uptake,Amplification,Constructive
U035,What does this subject mean?,assistant,1,mixed-uptake,,
U053,internet is not a multiple.,user,1,mixed-uptake,Amplification,Constructive
U053,It should be internet gives students many resources that learning connected with teachers?,assistant,1,mixed-uptake,,
U053,"Oh no, peer made a mistake while applying your feedback.
Please give a more detailed feedback",system,1,mixed-uptake,,
U025,The work of one thing on another thing.,user,1,low-uptake,Amplification,Constructive
U057,"issues, concerns have to be connected by 'and'",user,1,low-uptake,Reformulate,Active
U013,"Yes, you should write with the word 'was', which is past tense version of 'is'.",user,1,high-uptake,Reformulate,Active
U025,Okay. I will change 'effect' to 'influence' here.,assistant,1,low-uptake,,
U025,"Good job! Peer acknowledged your feedback!
Let's move to the next error!",system,1,low-uptake,,
U057,What does it mean to connect issues and concerns with 'and'?,assistant,1,low-uptake,,
U013,Okay. I will change 'is' to 'was' here.,assistant,1,high-uptake,,
U013,"Good job! Peer acknowledged your feedback!
Let's move to the next error!",system,1,high-uptake,,
U013,What's wrong here?,assistant,1,high-uptake,,
U039,"In this sentence, enjoy + s is a singular verb form.",user,1,low-uptake,Amplification,Constructive
U053,yes,user,1,mixed-uptake,Accept,Passive
U053,"It must be internet gives students many resource that learn, information, connected with teachers.",assistant,1,mixed-uptake,,
U039,Okay. I will change 'enjoys' to 'enjoy' here.,assistant,1,low-uptake,,
U053,"Oh no, peer made a mistake while applying your feedback.
Please give a more detailed feedback",system,1,mixed-uptake,,
U039,"Good job! Peer acknowledged your feedback!
Let's move to the next error!",system,1,low-uptake,,
U039,How can I improve here?,assistant,1,low-uptake,,
U035,This subject is advances of traveling. Experiencing new things can be a reason of this paragraph but cannot be a main subject.,user,1,mixed-uptake,Reformulate,Active
U057,"it means that not ...issues concerns computer..., ...issues and concerns...",user,1,low-uptake,Exemplification,Constructive
U035,Okay. I will change the sentence to focus more on traveling.,assistant,1,mixed-uptake,,
U035,"Good job! Peer acknowledged your feedback!
Let's move to the next error!",system,1,mixed-uptake,,
U035,Can you give me feedback on this part?,assistant,1,mixed-uptake,,
U032,its->their,user,1,high-uptake,Reformulate,Active
U057,What does issues concerns connected by 'and' mean?,assistant,1,low-uptake,,
U032,I don't get it,assistant,1,high-uptake,,
U032,"Good job! Peer acknowledged your feedback!
Let's move to the next error!",system,1,high-uptake,,
U032,How can I improve here?,assistant,1,high-uptake,,
U007,에튜케이션 시스템 ㄱㄱ,user,1,high-uptake,Reformulate,Active
U007,I don't get it,assistant,1,high-uptake,,
U007,"Good job! Peer acknowledged your feedback!
Let's move to the next error!",system,1,high-uptake,,
U007,Can you give me feedback on this part?,assistant,1,high-uptake,,
U053,Ok,user,1,mixed-uptake,Accept,Passive
U053,Okay. I will change 'give' to 'gives' and fix the rest.,assistant,1,mixed-uptake,,
U053,"Good job! Peer acknowledged your feedback!
Let's move to the next error!",system,1,mixed-uptake,,
U053,What's wrong here?,assistant,1,mixed-uptake,,
U039,offer -> offers,user,1,low-uptake,Reformulate,Active
U039,Why does offer become offers?,assistant,1,low-uptake,,
U057,change issues concerns computers to issues and concerns on computer,user,1,low-uptake,Reformulate,Active
U044,"a major change is a big improvement, shift, or transformation",user,2,mixed-uptake,Reformulate,Active
U057,How do I change issues concerns computers to issues and concerns on computer?,assistant,1,low-uptake,,
U044,"What does it mean to say a big improvement, shift, or transformation?",assistant,2,mixed-uptake,,
U013,The 'how would us' part is written in wrong grammar.,user,1,high-uptake,Reject,Active
U053,how about can -> could,user,1,mixed-uptake,Reformulate,Active
U013,Okay. I will change 'how would us' to 'how would we' here.,assistant,1,high-uptake,,
U013,"Good job! Peer acknowledged your feedback!
Let's move to the next error!",system,1,high-uptake,,
U013,How do I fix this?,assistant,1,high-uptake,,
U053,"So it should be after the internet could emerge, students can study at home easily?",assistant,1,mixed-uptake,,
U053,"Oh no, peer made a mistake while applying your feedback.
Please give a more detailed feedback",system,1,mixed-uptake,,
U007,modern world requires,user,1,high-uptake,Reformulate,Active
U007,I will change 'require' to 'requires' now.,assistant,1,high-uptake,,
U007,"Good job! Peer acknowledged your feedback!
Let's move to the next error!",system,1,high-uptake,,
U007,What's wrong here?,assistant,1,high-uptake,,
U057,issues concerns computers->issues and concerns on computer,user,1,low-uptake,Reformulate,Active
U044,A big change from before,user,2,mixed-uptake,Reformulate,Active
U044,Okay. I will change 'big change' to 'a major change' here.,assistant,2,mixed-uptake,,
U057,"I will change it to 'Even though there are some [issues and concerns on computer], it [doesn't] mean computers should be avoided.'",assistant,1,low-uptake,,
U044,"Good job! Peer acknowledged your feedback!
Let's move to the next error!",system,2,mixed-uptake,,
U057,"Good job! Peer acknowledged your feedback!
Let's move to the next error!",system,1,low-uptake,,
U044,How can I improve here?,assistant,2,mixed-uptake,,
U057,How can I improve here?,assistant,1,low-uptake,,
U039,"Since the subject is singular, so a singular verb form should be used.",user,1,low-uptake,Amplification,Constructive
U039,What does it mean to have a singular verb form?,assistant,1,low-uptake,,
U053,no students can -> students could,user,1,mixed-uptake,Reformulate,Active
U035,Fix are -> feel because sad and lonely is emotion.,user,1,mixed-uptake,Amplification,Constructive
U053,I will change 'can' to 'could' here.,assistant,1,mixed-uptake,,
U053,"Good job! Peer acknowledged your feedback!
Let's move to the next error!",system,1,mixed-uptake,,
U053,Can you give me feedback on this part?,assistant,1,mixed-uptake,,
U035,Why do I need to change are to feel?,assistant,1,mixed-uptake,,
U057,make->makes,user,1,low-uptake,Reformulate,Active
U057,Why does make change to makes?,assistant,1,low-uptake,,
U013,You don't need to mension that you didn't have enough time.,user,1,high-uptake,Reject,Active
U013,What does mension mean?,assistant,1,high-uptake,,
U039,the form like (present verb) + s/es/ies,user,1,low-uptake,Exemplification,Constructive
U039,What does it mean to have a subject that is singular?,assistant,1,low-uptake,,
U057,because 'it' is singular noun,user,1,low-uptake,Amplification,Constructive
U057,What does it mean that 'it' is a singular noun?,assistant,1,low-uptake,,
U007,"detail subjects like math or science present jobs? for example doctor, engineer",user,1,high-uptake,Exemplification,Constructive
U007,I will add details about subjects like math or science.,assistant,1,high-uptake,,
U007,"Good job! Peer acknowledged your feedback!
Let's move to the next error!",system,1,high-uptake,,
U007,How do I fix this?,assistant,1,high-uptake,,
U013,It's mention. I was wrong.,user,1,high-uptake,Amplification,Constructive
U013,Okay. I will remove the part about not having enough time.,assistant,1,high-uptake,,
U013,"Good job! Peer acknowledged your feedback!
Let's move to the next error!",system,1,high-uptake,,
U013,How can I improve here?,assistant,1,high-uptake,,
U053,This effect learn fast and encourage academic growth.,user,1,mixed-uptake,Reformulate,Active
U053,What does that mean?,assistant,1,mixed-uptake,,
U032,provides->provide,user,1,high-uptake,Reformulate,Active
U032,Got it. I will change 'provides' to 'provide'.,assistant,1,high-uptake,,
U032,"Good job! Peer acknowledged your feedback!
Let's move to the next error!",system,1,high-uptake,,
U032,How can I improve here?,assistant,1,high-uptake,,
U035,"Fix are lonely and sad -> are lonely and feel sad. It is smooth at I feel sad, not smooth at I am sad.",user,1,mixed-uptake,Amplification,Constructive
U035,I will change it to many individuals feel lonely and sad because of same daily routine.,assistant,1,mixed-uptake,,
U035,"Oh no, peer made a mistake while applying your feedback.
Please give a more detailed feedback",system,1,mixed-uptake,,
U053,change like this,user,1,mixed-uptake,Reformulate,Active
U053,What does that mean?,assistant,1,mixed-uptake,,
U053,learning speed -> learn fast,user,1,mixed-uptake,Reformulate,Active
U053,What does learn fast mean?,assistant,1,mixed-uptake,,
U026,"you need to modify 'In nowdays' to ""nowadays'",user,1,mixed-uptake,Reformulate,Active
U057,"Because subject of this sentence is 'it', so you must change 'make'->'makes'",user,1,low-uptake,Amplification,Constructive
U026,I think it should be nowadays not in nowdays.,assistant,1,mixed-uptake,,
U026,"Oh no, peer made a mistake while applying your feedback.
Please give a more detailed feedback",system,1,mixed-uptake,,
U035,there are mis-typed spacebar. delete spacebar in the front and end of the sentence.,user,1,mixed-uptake,Reformulate,Active
U057,What does subject of this sentence is 'it' mean?,assistant,1,low-uptake,,
U039,It means the subject points to only one thing.,user,1,low-uptake,Amplification,Constructive
U039,Okay. I will change 'offer' to 'offers' and 'shopper' to 'shoppers' here.,assistant,1,low-uptake,,
U039,"Good job! Peer acknowledged your feedback!
Let's move to the next error!",system,1,low-uptake,,
U039,How can I improve here?,assistant,1,low-uptake,,
U044,"And I think, tablets -> And I think tablets",user,2,mixed-uptake,Reformulate,Active
U035,What do you mean by mis-typed spacebar?,assistant,1,mixed-uptake,,
U044,So I will change it to And I think tablets in classrooms.,assistant,2,mixed-uptake,,
U044,"Oh no, peer made a mistake while applying your feedback.
Please give a more detailed feedback",system,2,mixed-uptake,,
U057,make->makes,user,1,low-uptake,Reformulate,Active
U057,Okay. I will change 'make' to 'makes' here.,assistant,1,low-uptake,,
U057,"Good job! Peer acknowledged your feedback!
Let's move to the next error!",system,1,low-uptake,,
U057,What's wrong here?,assistant,1,low-uptake,,
U057,the ways->ways,user,1,low-uptake,Reformulate,Active
U013,"First, you should use 'are' instead of 'is'. Also, it's your thought that the dogs are wonderful pets. You should use more clear background information.",user,1,high-uptake,Reformulate,Active
U057,Why 'the ways' is wrong?,assistant,1,low-uptake,,
U026,you don't need to use capital N,user,1,mixed-uptake,Reformulate,Active
U013,Okay. I will change 'is' to 'are' here.,assistant,1,high-uptake,,
U026,So I need to say nowadays not in nowdays?,assistant,1,mixed-uptake,,
U013,"Good job! Peer acknowledged your feedback!
Let's move to the next error!",system,1,high-uptake,,
U053,oh encourage -> encouraging,user,1,mixed-uptake,Reformulate,Active
U026,"Oh no, peer made a mistake while applying your feedback.
Please give a more detailed feedback",system,1,mixed-uptake,,
U035,That has no grammar or logical error but you only indicate only little part of full sentence.,user,1,mixed-uptake,Reject,Active
U026,aha,user,1,mixed-uptake,Accept,Passive
U026,So it should be nowadays not in nowdays right?,assistant,1,mixed-uptake,,
U026,"Oh no, peer made a mistake while applying your feedback.
Please give a more detailed feedback",system,1,mixed-uptake,,
U035,Okay. I will change 'In past' to 'In the past' and add 'the' before 'same daily routine.',assistant,1,mixed-uptake,,
U035,"Good job! Peer acknowledged your feedback!
Let's move to the next error!",system,1,mixed-uptake,,
U035,What's wrong here?,assistant,1,mixed-uptake,,
U026,tes,user,1,mixed-uptake,Others,Others
U026,I will change 'in nowdays' to '[nowadays]' here.,assistant,1,mixed-uptake,,
U026,"Good job! Peer acknowledged your feedback!
Let's move to the next error!",system,1,mixed-uptake,,
U026,How can I improve here?,assistant,1,mixed-uptake,,
U026,yes,user,1,mixed-uptake,Accept,Passive
U032,is->are,user,1,high-uptake,Reformulate,Active
U026,What does that mean?,assistant,1,mixed-uptake,,
U057,nono,user,1,low-uptake,Reject,Active
U032,So it should be there are many theaters?,assistant,1,high-uptake,,
U032,"Oh no, peer made a mistake while applying your feedback.
Please give a more detailed feedback",system,1,high-uptake,,
U057,What does 'the ways' being wrong mean?,assistant,1,low-uptake,,
U053,effect is a verb than encourage should be -ing form,user,1,mixed-uptake,Amplification,Constructive
U007,divide sentense or use ;,user,1,high-uptake,Reformulate,Active
U053,I will change 'effect' to 'affect' and 'encourage' to 'encouraging'.,assistant,1,mixed-uptake,,
U053,"Good job! Peer acknowledged your feedback!
Let's move to the next error!",system,1,mixed-uptake,,
U053,How can I improve here?,assistant,1,mixed-uptake,,
U032,yes,user,1,high-uptake,Accept,Passive
U007,I will divide the sentence to make it clearer.,assistant,1,high-uptake,,
U007,"Good job! Peer acknowledged your feedback!
Let's move to the next error!",system,1,high-uptake,,
U007,Can you give me feedback on this part?,assistant,1,high-uptake,,
U044,are -> is,user,2,mixed-uptake,Reformulate,Active
U044,Why is it is instead of are?,assistant,2,mixed-uptake,,
U032,Okay. I will change 'is' to 'are' here.,assistant,1,high-uptake,,
U032,"Good job! Peer acknowledged your feedback!
Let's move to the next error!",system,1,high-uptake,,
U032,How can I improve here?,assistant,1,high-uptake,,
U035,There are spelling error. Fix prespective -> perspective,user,1,mixed-uptake,Reformulate,Active
U035,Okay. I will fix 'prespective' to 'perspective' here.,assistant,1,mixed-uptake,,
U035,"Good job! Peer acknowledged your feedback!
Let's move to the next error!",system,1,mixed-uptake,,
U035,Can you give me feedback on this part?,assistant,1,mixed-uptake,,
U026,where is here?,user,1,mixed-uptake,Metacognitive,Constructive
U026,So it should be nowadays not everyone listens music for good effect?,assistant,1,mixed-uptake,,
U026,"Oh no, peer made a mistake while applying your feedback.
Please give a more detailed feedback",system,1,mixed-uptake,,
U039,solutions->a solution,user,1,low-uptake,Reformulate,Active
U039,What does changing solutions to a solution mean?,assistant,1,low-uptake,,
U035,"Misunderstood' is verb, we should fix that to object. Let's change that to 'misunderstanding'",user,1,mixed-uptake,Amplification,Constructive
U035,What does it mean to change verb to object?,assistant,1,mixed-uptake,,
U057,is->are,user,1,low-uptake,Reformulate,Active
U057,Why is 'is' not correct here?,assistant,1,low-uptake,,
U026,it would be better to insert 'to' between listens and music,user,1,mixed-uptake,Reformulate,Active
U026,Why insert 'to'?,assistant,1,mixed-uptake,,
U053,too -> same with technology,user,1,mixed-uptake,Reformulate,Active
U044,Because 'technology' is usually treated as singular because it cannot be counted since it usually refers to a single piece of technology,user,2,mixed-uptake,Amplification,Constructive
U053,"I will change 'And also, the internet too' to 'And also, the internet [is] same with technology'.",assistant,1,mixed-uptake,,
U035,You cannot put 2 verbs in one sentence.,user,1,mixed-uptake,Amplification,Constructive
U053,"Good job! Peer acknowledged your feedback!
Let's move to the next error!",system,1,mixed-uptake,,
U053,Can you give me feedback on this part?,assistant,1,mixed-uptake,,
U035,Okay. I will change 'misunderstood' to 'misunderstanding' here.,assistant,1,mixed-uptake,,
U035,"Good job! Peer acknowledged your feedback!
Let's move to the next error!",system,1,mixed-uptake,,
U044,So it should be new technology is implementing?,assistant,2,mixed-uptake,,
U044,"Oh no, peer made a mistake while applying your feedback.
Please give a more detailed feedback",system,2,mixed-uptake,,
U007,education system is 냐ㅜ혀ㅣㅁㄱ,user,1,high-uptake,Reformulate,Active
U007,It should be education system is need change?,assistant,1,high-uptake,,
U007,"Oh no, peer made a mistake while applying your feedback.
Please give a more detailed feedback",system,1,high-uptake,,
U044,implementing -> implemented,user,2,mixed-uptake,Reformulate,Active
U044,Okay. I will change 'are' to 'is' here.,assistant,2,mixed-uptake,,
U044,"Good job! Peer acknowledged your feedback!
Let's move to the next error!",system,2,mixed-uptake,,
U044,How do I fix this?,assistant,2,mixed-uptake,,
U007,it's verve is wrong education system is singular,user,1,high-uptake,Amplification,Constructive
U007,"I understand, I will change it to 'education system [needs] change'.",assistant,1,high-uptake,,
U007,"Good job! Peer acknowledged your feedback!
Let's move to the next error!",system,1,high-uptake,,
U007,How do I fix this?,assistant,1,high-uptake,,
U057,"Because word, 'three reasons', is plural noun",user,1,low-uptake,Amplification,Constructive
U057,Okay. I will change 'There is' to 'There are' here.,assistant,1,low-uptake,,
U057,"Good job! Peer acknowledged your feedback!
Let's move to the next error!",system,1,low-uptake,,
U057,How can I improve here?,assistant,1,low-uptake,,
U007,yyyyyyyyyes,user,1,high-uptake,Accept,Passive
U007,Okay. I will change 'need' to 'needs' here.,assistant,1,high-uptake,,
U007,"Good job! Peer acknowledged your feedback!
Let's move to the next error!",system,1,high-uptake,,
U007,Can you give me feedback on this part?,assistant,1,high-uptake,,
U007,nope,user,1,high-uptake,Reject,Active
U007,I will change 'need' to 'needs' here.,assistant,1,high-uptake,,
U007,"Good job! Peer acknowledged your feedback!
Let's move to the next error!",system,1,high-uptake,,
U007,What's wrong here?,assistant,1,high-uptake,,
U044,becomes -> become,user,2,mixed-uptake,Reformulate,Active
U039,"In the sentence, the subject is 'it' that is singular, so the complement sould be singular.",user,1,low-uptake,Amplification,Constructive
U053,remove if,user,1,mixed-uptake,Reformulate,Active
U039,What does it mean for the complement to be singular?,assistant,1,low-uptake,,
U053,Why should I remove 'if'?,assistant,1,mixed-uptake,,
U044,So it should be educational apps become increasingly popular and they allow for personalized learning?,assistant,2,mixed-uptake,,
U044,"Oh no, peer made a mistake while applying your feedback.
Please give a more detailed feedback",system,2,mixed-uptake,,
U007,finish,user,1,high-uptake,Reject,Active
U007,Okay. I will change 'change' to 'changes' here.,assistant,1,high-uptake,,
U007,"Good job! Peer acknowledged your feedback!
Let's move to the next error!",system,1,high-uptake,,
U026,because listen doesn't necessary object,user,1,mixed-uptake,Amplification,Constructive
U026,Okay. I will change 'listen' to 'listens' and add 'to' here.,assistant,1,mixed-uptake,,
U026,"Good job! Peer acknowledged your feedback!
Let's move to the next error!",system,1,mixed-uptake,,
U026,How do I fix this?,assistant,1,mixed-uptake,,
U057,to->with,user,1,low-uptake,Reformulate,Active
U057,What does 'to->with' mean?,assistant,1,low-uptake,,
U026,write a period one time,user,1,mixed-uptake,Reformulate,Active
U039,"The word 'solutions' is the complement, and it sould be a singular word 'a solution'.",user,1,low-uptake,Amplification,Constructive
U026,"So it should be for my opinions, many young people choose music that influences sad feelings.",assistant,1,mixed-uptake,,
U026,"Oh no, peer made a mistake while applying your feedback.
Please give a more detailed feedback",system,1,mixed-uptake,,
U039,What does complement mean?,assistant,1,low-uptake,,
U053,remove are you going to do,user,1,mixed-uptake,Reformulate,Active
U053,I will remove 'What are you going to do'.,assistant,1,mixed-uptake,,
U053,"Good job! Peer acknowledged your feedback!
Let's move to the next error!",system,1,mixed-uptake,,
U053,How can I improve here?,assistant,1,mixed-uptake,,
U057,communicate to->communicate with,user,1,low-uptake,Reformulate,Active
U057,What does 'communicate with' mean?,assistant,1,low-uptake,,
U057,It's two-way communication,user,1,low-uptake,Amplification,Constructive
U057,What does two-way communication mean?,assistant,1,low-uptake,,
U026,not influence but influences,user,1,mixed-uptake,Reformulate,Active
U026,Why it should be influences?,assistant,1,mixed-uptake,,
U026,music is the singular world,user,1,mixed-uptake,Amplification,Constructive
U026,What does singular world mean?,assistant,1,mixed-uptake,,
U026,one,user,1,mixed-uptake,Amplification,Constructive
U026,Okay. I will change 'influence' to 'influences' here.,assistant,1,mixed-uptake,,
U026,"Good job! Peer acknowledged your feedback!
Let's move to the next error!",system,1,mixed-uptake,,
U057,It means communication with each other.,user,1,low-uptake,Reformulate,Active
U057,Okay. I will change 'communicate to' to 'communicate with' here.,assistant,1,low-uptake,,
U057,"Good job! Peer acknowledged your feedback!
Let's move to the next error!",system,1,low-uptake,,
U057,How do I fix this?,assistant,1,low-uptake,,
U053,challenges -> challenges.,user,1,mixed-uptake,Reformulate,Active
U053,I will change 'about internet have challenges' to 'about the internet [having] challenges'.,assistant,1,mixed-uptake,,
U053,"Good job! Peer acknowledged your feedback!
Let's move to the next error!",system,1,mixed-uptake,,
U053,How can I improve here?,assistant,1,mixed-uptake,,
U039,"The complement is one of the constituents of a sentence, and it decorates the subject's meaning.",user,1,low-uptake,Amplification,Constructive
U053,restricted -> restrict,user,1,mixed-uptake,Reformulate,Active
U039,Okay. I will change 'solutions' to 'a solution' here.,assistant,1,low-uptake,,
U039,"Good job! Peer acknowledged your feedback!
Let's move to the next error!",system,1,low-uptake,,
U053,Okay. I will change 'restricted' to 'restrict' here.,assistant,1,mixed-uptake,,
U039,How can I improve here?,assistant,1,low-uptake,,
U053,"Good job! Peer acknowledged your feedback!
Let's move to the next error!",system,1,mixed-uptake,,
U053,How do I fix this?,assistant,1,mixed-uptake,,
U053,at the past move to last,user,1,mixed-uptake,Reformulate,Active
U053,What does 'at the past' mean?,assistant,1,mixed-uptake,,
U057,for develop -> for developing,user,1,low-uptake,Reformulate,Active
U053,in the middle part of sentence,user,1,mixed-uptake,Amplification,Constructive
U057,Why is it develop instead of developing?,assistant,1,low-uptake,,
U053,What does 'middle part of sentence' mean?,assistant,1,mixed-uptake,,
U057,because a preposition must be followed by a noun.,user,1,low-uptake,Amplification,Constructive
U057,What does a preposition mean?,assistant,1,low-uptake,,
U053,remove at the past and put before,user,1,mixed-uptake,Amplification,Constructive
U053,Why do I need to put it before?,assistant,1,mixed-uptake,,
U053,before at the last of sentence,user,1,mixed-uptake,Amplification,Constructive
U053,Okay. I will change 'at the past' to 'before'.,assistant,1,mixed-uptake,,
U053,"Good job! Peer acknowledged your feedback!
Let's move to the next error!",system,1,mixed-uptake,,
U053,Can you give me feedback on this part?,assistant,1,mixed-uptake,,
U053,"that -> that,",user,1,mixed-uptake,Reformulate,Active
U053,"Why do I need to change that to that,?",assistant,1,mixed-uptake,,
U053,doesn't -> don't,user,1,mixed-uptake,Reformulate,Active
U053,Why do I need to change doesn't to don't?,assistant,1,mixed-uptake,,
U057,it means that words which exist in front of noun,user,1,low-uptake,Amplification,Constructive
U057,What does it mean to follow a noun?,assistant,1,low-uptake,,
U057,It must be located in front of noun.,user,1,low-uptake,Amplification,Constructive
U057,Okay. I will change 'develop' to 'developing' here.,assistant,1,low-uptake,,
U057,"Good job! Peer acknowledged your feedback!
Let's move to the next error!",system,1,low-uptake,,
U057,Can you give me feedback on this part?,assistant,1,low-uptake,,
U053,that -> there,user,1,mixed-uptake,Reformulate,Active
U053,What does that mean?,assistant,1,mixed-uptake,,
U053,I'm not saying there aren't any problems with the Internet.,user,1,mixed-uptake,Amplification,Constructive
U053,Okay. I will change 'that' to 'there' here.,assistant,1,mixed-uptake,,
U053,"Good job! Peer acknowledged your feedback!
Let's move to the next error!",system,1,mixed-uptake,,
U053,How can I improve here?,assistant,1,mixed-uptake,,
U053,say -> saying,user,1,mixed-uptake,Reformulate,Active
U053,Okay. I will change 'say' to 'saying' here.,assistant,1,mixed-uptake,,
U053,"Good job! Peer acknowledged your feedback!
Let's move to the next error!",system,1,mixed-uptake,,
U053,What's wrong here?,assistant,1,mixed-uptake,,
U053,done,user,1,mixed-uptake,Accept,Passive
U053,"Like, should I write internet is has challenges?",assistant,1,mixed-uptake,,
U053,"Oh no, peer made a mistake while applying your feedback.
Please give a more detailed feedback",system,1,mixed-uptake,,
U039,"This sentence has contents of the second and third paragraph, so it should be added the fourth paragraph's contents.",user,1,low-uptake,Reformulate,Active
U039,What does it mean to add the fourth paragraph's contents?,assistant,1,low-uptake,,
U053,remove is,user,1,mixed-uptake,Reformulate,Active
U053,I think it should be internet has challenges.,assistant,1,mixed-uptake,,
U053,"Oh no, peer made a mistake while applying your feedback.
Please give a more detailed feedback",system,1,mixed-uptake,,
U053,has -> have,user,1,mixed-uptake,Reformulate,Active
U053,So it should be internet have challenges?,assistant,1,mixed-uptake,,
U053,"Oh no, peer made a mistake while applying your feedback.
Please give a more detailed feedback",system,1,mixed-uptake,,
U053,as I think,user,1,mixed-uptake,Reformulate,Active
U053,Okay. I will change 'I agree those opportunities' to 'I agree [that] those opportunities'.,assistant,1,mixed-uptake,,
U053,"Good job! Peer acknowledged your feedback!
Let's move to the next error!",system,1,mixed-uptake,,
U039,the contents like 'buying in online can save times',user,1,low-uptake,Exemplification,Constructive
U039,What does it mean that buying in online can save times?,assistant,1,low-uptake,,
U039,"In essay, the fourth paragraph explains buying online saves time.",user,1,low-uptake,Connection,Constructive
U039,What does it mean that buying online saves time?,assistant,1,low-uptake,,
U039,"Since online shopping offers delivery system, so it can save time.",user,1,low-uptake,Amplification,Constructive
U039,Okay. I will change the sentence to include saving time.,assistant,1,low-uptake,,
U039,"Good job! Peer acknowledged your feedback!
Let's move to the next error!",system,1,low-uptake,,
U039,How do I fix this?,assistant,1,low-uptake,,
U039,"shows->show, this->these",user,1,low-uptake,Reformulate,Active
U039,Why show instead of shows?,assistant,1,low-uptake,,
U039,the subject 'online shops' is plural,user,1,low-uptake,Amplification,Constructive
U039,What does plural mean?,assistant,1,low-uptake,,
U039,The word 'plural' means the things that are more than two.,user,1,low-uptake,Amplification,Constructive
U039,What does it mean for a subject to be plural?,assistant,1,low-uptake,,
U039,"In this sentence, the subject 'online shops' means many online shops, and they are more than two.",user,1,low-uptake,Amplification,Constructive
U039,Okay. I will change 'shows' to 'show' and 'this' to 'these' here.,assistant,1,low-uptake,,
U039,"Good job! Peer acknowledged your feedback!
Let's move to the next error!",system,1,low-uptake,,
U039,How do I fix this?,assistant,1,low-uptake,,
U039,stuffs delivered->delivered stuffs,user,1,low-uptake,Reformulate,Active
U039,Why delivered before stuffs?,assistant,1,low-uptake,,
U039,"The word 'delivered' decorates the word 'stuffs', so the word 'delivered' comes before 'stuffs'",user,1,low-uptake,Amplification,Constructive
U039,What does it mean that 'delivered' decorates 'stuffs'?,assistant,1,low-uptake,,
U039,"delivered stuffs' means stuffs that is delivered. In other word, it does not mean any stuff, but only delivered stuffs.",user,1,low-uptake,Amplification,Constructive
U039,What does it mean that 'delivered' means only delivered stuffs?,assistant,1,low-uptake,,
U039,"The word 'delivered' is 'deliver' + 'ed', and it is past participle.",user,1,low-uptake,Reformulate,Active
U039,Okay. I will change 'stuffs delivered' to 'delivered stuffs' here.,assistant,1,low-uptake,,
U039,"Good job! Peer acknowledged your feedback!
Let's move to the next error!",system,1,low-uptake,,
U028,What's wrong here?,assistant,2,low-uptake,,
U028,You want to transmit your essay topic. So you have to tell what to say in this paragraph.,user,2,low-uptake,Metacognitive,Constructive
U028,What do you mean by transmit the essay topic?,assistant,2,low-uptake,,
U028,Tell your topic,user,2,low-uptake,Metacognitive,Constructive
U028,What do you mean by tell my topic?,assistant,2,low-uptake,,
U028,Suggest your topic,user,2,low-uptake,Metacognitive,Constructive
U028,What do you mean by suggest my topic?,assistant,2,low-uptake,,
U030,What's wrong here?,assistant,2,mixed-uptake,,
U028,You talk about your writing topic. Similar title,user,2,low-uptake,Metacognitive,Constructive
U028,Okay. I will change to say my topic clearly.,assistant,2,low-uptake,,
U028,"Good job! Peer acknowledged your feedback!
Let's move to the next error!",system,2,low-uptake,,
U028,Can you give me feedback on this part?,assistant,2,low-uptake,,
U030,mean->means,user,2,mixed-uptake,Reformulate,Active
U030,I will change 'mean' to 'means' here.,assistant,2,mixed-uptake,,
U030,"Good job! Peer acknowledged your feedback!
Let's move to the next error!",system,2,mixed-uptake,,
U030,How can I improve here?,assistant,2,mixed-uptake,,
U028,"was and experience are verb. You must use only one verb. I suggest Second, I experience many different tastes.",user,2,low-uptake,Amplification,Constructive
U030,doesn't can-> can't,user,2,mixed-uptake,Reformulate,Active
U028,Why must I use only one verb?,assistant,2,low-uptake,,
U030,I will change 'doesn't can' to 'can't' here.,assistant,2,mixed-uptake,,
U030,"Good job! Peer acknowledged your feedback!
Let's move to the next error!",system,2,mixed-uptake,,
U030,How can I improve here?,assistant,2,mixed-uptake,,
U028,Rule for English writing,user,2,low-uptake,Amplification,Constructive
U028,What is rule for English writing?,assistant,2,low-uptake,,
U028,Duty for writing,user,2,low-uptake,Amplification,Constructive
U028,What is duty for writing?,assistant,2,low-uptake,,
U028,You have to do,user,2,low-uptake,Reject,Active
U028,Okay. I will change to say I experience.,assistant,2,low-uptake,,
U028,"Good job! Peer acknowledged your feedback!
Let's move to the next error!",system,2,low-uptake,,
U028,What's wrong here?,assistant,2,low-uptake,,
U030,a option->options,user,2,mixed-uptake,Reformulate,Active
U030,It should be they are options for some people.,assistant,2,mixed-uptake,,
U030,"Oh no, peer made a mistake while applying your feedback.
Please give a more detailed feedback",system,2,mixed-uptake,,
U030,yes,user,2,mixed-uptake,Accept,Passive
U030,Okay. I will change 'a option' to 'options' here.,assistant,2,mixed-uptake,,
U030,"Good job! Peer acknowledged your feedback!
Let's move to the next error!",system,2,mixed-uptake,,
U030,How can I improve here?,assistant,2,mixed-uptake,,
U030,a individual->individuals,user,2,mixed-uptake,Reformulate,Active
U030,It should be individuals cannot afford extra costs.,assistant,2,mixed-uptake,,
U030,"Oh no, peer made a mistake while applying your feedback.
Please give a more detailed feedback",system,2,mixed-uptake,,
U028,You lose your writing purpose. You must say about strength of eating healthy food.,user,2,low-uptake,Reformulate,Active
U028,What does strength of eating healthy food mean?,assistant,2,low-uptake,,
U028,Prevent heart disease,user,2,low-uptake,Amplification,Constructive
U028,What does prevent heart disease mean?,assistant,2,low-uptake,,
U028,Strength about eating of healthy food,user,2,low-uptake,Amplification,Constructive
U028,What does strength about eating of healthy food mean?,assistant,2,low-uptake,,
U028,You must say,user,2,low-uptake,Reject,Active
U028,Okay. I will add 'which' in the sentence.,assistant,2,low-uptake,,
U028,"Good job! Peer acknowledged your feedback!
Let's move to the next error!",system,2,low-uptake,,
U028,How can I improve here?,assistant,2,low-uptake,,
U030,okay,user,2,mixed-uptake,Accept,Passive
U030,Okay. I will change 'extra burden' to 'an extra burden' here.,assistant,2,mixed-uptake,,
U030,"Good job! Peer acknowledged your feedback!
Let's move to the next error!",system,2,mixed-uptake,,
U030,How do I fix this?,assistant,2,mixed-uptake,,
U028,Go for shopping is not correct.,user,2,low-uptake,Reject,Active
U028,What is wrong with go for shopping?,assistant,2,low-uptake,,
U028,Go to shopping is natural.,user,2,low-uptake,Reformulate,Active
U028,What is wrong with go for shopping?,assistant,2,low-uptake,,
U028,For is unusual with go. Go and to are set.,user,2,low-uptake,Amplification,Constructive
U028,What does it mean that go and to are set?,assistant,2,low-uptake,,
U028,Nutural,user,2,low-uptake,Amplification,Constructive
U028,Okay. I will change 'go for shopping' to 'go to shopping'.,assistant,2,low-uptake,,
U028,"Good job! Peer acknowledged your feedback!
Let's move to the next error!",system,2,low-uptake,,
U030,prefer->prefers,user,2,mixed-uptake,Reformulate,Active
U030,How does prefer change to prefers?,assistant,2,mixed-uptake,,
U030,"no, I'm wrong",user,2,mixed-uptake,Amplification,Constructive
U030,So it should be peoples who prefers clean energy choose them?,assistant,2,mixed-uptake,,
U030,"Oh no, peer made a mistake while applying your feedback.
Please give a more detailed feedback",system,2,mixed-uptake,,
U033,Can you give me feedback on this part?,assistant,1,low-uptake,,
U030,no it should be use those cars. Then people who prefer clean energy,user,2,mixed-uptake,Reformulate,Active
U030,Okay. I will change 'peoples' to 'people' and fix it to 'use those cars. Then people who prefer clean energy.',assistant,2,mixed-uptake,,
U030,"Good job! Peer acknowledged your feedback!
Let's move to the next error!",system,2,mixed-uptake,,
U030,How do I fix this?,assistant,2,mixed-uptake,,
U030,"Because of all this reason, I think electric car shouldn't be made as compulsary.",user,2,mixed-uptake,Amplification,Constructive
U030,"So it should be because of all these reasons, electric cars shouldn't be made compulsory?",assistant,2,mixed-uptake,,
U030,"Oh no, peer made a mistake while applying your feedback.
Please give a more detailed feedback",system,2,mixed-uptake,,
U030,yes,user,2,mixed-uptake,Accept,Passive
U030,Okay. I will change 'this' to 'these' and 'car' to 'cars' here.,assistant,2,mixed-uptake,,
U030,"Good job! Peer acknowledged your feedback!
Let's move to the next error!",system,2,mixed-uptake,,
U030,What's wrong here?,assistant,2,mixed-uptake,,
U024,Can you give me feedback on this part?,assistant,1,mixed-uptake,,
U033,Issue is single verb.,user,1,low-uptake,Reject,Active
U033,What is single verb?,assistant,1,low-uptake,,
U001,Can you give me feedback on this part?,assistant,1,low-uptake,,
U033,I meant  the singular.,user,1,low-uptake,Amplification,Constructive
U024,"the electricity is singular noun, so 'go' should be 'goes'",user,1,mixed-uptake,Amplification,Constructive
U033,What is singular?,assistant,1,low-uptake,,
U024,Okay. I will change 'go' to 'goes' here.,assistant,1,mixed-uptake,,
U024,"Good job! Peer acknowledged your feedback!
Let's move to the next error!",system,1,mixed-uptake,,
U024,What's wrong here?,assistant,1,mixed-uptake,,
U001,"You should change We use computer everyday to We use computers every day. Also, Book and writing is very important should be Books and writing are very important. And The class need more interesting; topic should be The class needs more interesting topics for the students",user,1,low-uptake,Reformulate,Active
U001,What is the error in We use computer everyday?,assistant,1,low-uptake,,
U033,"one person, one thing.",user,1,low-uptake,Amplification,Constructive
U033,What is singular?,assistant,1,low-uptake,,
U033,car is singular. cars isn't singular.,user,1,low-uptake,Amplification,Constructive
U033,Okay. I will change 'issue' to 'issues' and 'device' to 'devices' here.,assistant,1,low-uptake,,
U033,"Good job! Peer acknowledged your feedback!
Let's move to the next error!",system,1,low-uptake,,
U033,What's wrong here?,assistant,1,low-uptake,,
U001,we 는 복수니까 computer 뒤에도 s 를 붙여야해,user,1,low-uptake,Amplification,Constructive
U001,What does 복수 mean?,assistant,1,low-uptake,,
U001,두개이상을 의미해,user,1,low-uptake,Amplification,Constructive
U001,What does it mean to be complex?,assistant,1,low-uptake,,
U024,"second sentence which starts with but it... doesn't have verb you should add 'is"" after 'it'",user,1,mixed-uptake,Amplification,Constructive
U024,I think it should be it is a important tool.,assistant,1,mixed-uptake,,
U024,"Oh no, peer made a mistake while applying your feedback.
Please give a more detailed feedback",system,1,mixed-uptake,,
U033,How about changing 'they' to 'communication devices'?,user,1,low-uptake,Reformulate,Active
U033,Why change 'they' to 'communication devices'?,assistant,1,low-uptake,,
U001,complex 는 많은 부분이 서로 얽혀있어서 복잡한것을 의미하는데 이걸 말하고자 한게 아니야,user,1,low-uptake,Amplification,Constructive
U001,I will change 'It is very complex process' to 'It is a very complex process'.,assistant,1,low-uptake,,
U001,"Good job! Peer acknowledged your feedback!
Let's move to the next error!",system,1,low-uptake,,
U001,Can you give me feedback on this part?,assistant,1,low-uptake,,
U033,Then how about adding some thesis to support your opinion?,user,1,low-uptake,Reformulate,Active
U033,What is thesis?,assistant,1,low-uptake,,
U027,Can you give me feedback on this part?,assistant,2,high-uptake,,
U033,It means your powerful opinion.,user,1,low-uptake,Amplification,Constructive
U033,What does it mean to have a powerful opinion?,assistant,1,low-uptake,,
U024,"the flashlight is singular noun, so come should be comes",user,1,mixed-uptake,Amplification,Constructive
U024,Okay. I will change 'come' to 'comes' here.,assistant,1,mixed-uptake,,
U024,"Good job! Peer acknowledged your feedback!
Let's move to the next error!",system,1,mixed-uptake,,
U024,What's wrong here?,assistant,1,mixed-uptake,,
U033,very impactive saying,user,1,low-uptake,Amplification,Constructive
U033,Okay. I will change it to 'communication devices are crucial to our life.',assistant,1,low-uptake,,
U033,"Good job! Peer acknowledged your feedback!
Let's move to the next error!",system,1,low-uptake,,
U033,Can you give me feedback on this part?,assistant,1,low-uptake,,
U001,그 문장은 어디서 온거야?,user,1,low-uptake,Metacognitive,Constructive
U001,Where does that sentence come from?,assistant,1,low-uptake,,
U024,"long time ago means it is the past sentence, so use should be used",user,1,mixed-uptake,Amplification,Constructive
U024,Okay. I will change 'use' to 'used' here.,assistant,1,mixed-uptake,,
U024,"Good job! Peer acknowledged your feedback!
Let's move to the next error!",system,1,mixed-uptake,,
U024,How do I fix this?,assistant,1,mixed-uptake,,
U033,Add some examples.,user,1,low-uptake,Amplification,Constructive
U033,What examples should I add?,assistant,1,low-uptake,,
U001,무슨말을 하는거야?,user,1,low-uptake,Metacognitive,Constructive
U001,What does that mean?,assistant,1,low-uptake,,
U033,We can connect with each other.,user,1,low-uptake,Amplification,Constructive
U033,What do you mean by connect with each other?,assistant,1,low-uptake,,
U033,yes it is.,user,1,low-uptake,Accept,Passive
U033,What does it mean to enhance our lifestyle?,assistant,1,low-uptake,,
U027,have -> has,user,2,high-uptake,Reformulate,Active
U027,Why is it have instead of has?,assistant,2,high-uptake,,
U033,"With it, we can communicate faster",user,1,low-uptake,Amplification,Constructive
U033,Okay. I will change it to 'communication devices are [crucial] to our life.',assistant,1,low-uptake,,
U033,"Good job! Peer acknowledged your feedback!
Let's move to the next error!",system,1,low-uptake,,
U033,What's wrong here?,assistant,1,low-uptake,,
U024,become should be became because it is past sentence,user,1,mixed-uptake,Amplification,Constructive
U024,Why should become be became?,assistant,1,mixed-uptake,,
U001,아니야 문장 찾았어 a 를 넣어서 수정한건 좋은거 같아,user,1,low-uptake,Praise,Passive
U001,What does it mean to put a in a sentence?,assistant,1,low-uptake,,
U024,because the tense is past,user,1,mixed-uptake,Amplification,Constructive
U024,What do you mean by past tense?,assistant,1,mixed-uptake,,
U001,I will change 'It is very complex process' to 'It is a very complex process'. 라고 너가 말했잖아,user,1,low-uptake,Reject,Active
U001,Okay. I will change 'school lesson' to 'school lessons' here.,assistant,1,low-uptake,,
U001,"Good job! Peer acknowledged your feedback!
Let's move to the next error!",system,1,low-uptake,,
U001,How can I improve here?,assistant,1,low-uptake,,
U027,"""it"" is one. Only one subject needs ""has"" instead of ""have""",user,2,high-uptake,Amplification,Constructive
U027,I will change 'have' to 'has' here.,assistant,2,high-uptake,,
U027,"Good job! Peer acknowledged your feedback!
Let's move to the next error!",system,2,high-uptake,,
U027,How can I improve here?,assistant,2,high-uptake,,
U001,이미 충분히 괜찮은데,user,1,low-uptake,Accept,Passive
U001,What do you mean by already good enough?,assistant,1,low-uptake,,
U027,me -> I,user,2,high-uptake,Reformulate,Active
U027,What does it mean to change me to I?,assistant,2,high-uptake,,
U001,좋다는 의미야,user,1,low-uptake,Accept,Passive
U001,What does that mean?,assistant,1,low-uptake,,
U001,좋다고,user,1,low-uptake,Accept,Passive
U001,What does it mean to read book?,assistant,1,low-uptake,,
U027,There is position for subject.,user,2,high-uptake,Amplification,Constructive
U027,I will change 'me' to 'I' here.,assistant,2,high-uptake,,
U027,"Good job! Peer acknowledged your feedback!
Let's move to the next error!",system,2,high-uptake,,
U027,Can you give me feedback on this part?,assistant,2,high-uptake,,
U033,Delete comma.,user,1,low-uptake,Reformulate,Active
U033,Why do I need to delete comma?,assistant,1,low-uptake,,
U024,"it is not present state, it happend before.",user,1,mixed-uptake,Amplification,Constructive
U024,So it should be the idea of flashlight became from the need of portable lights?,assistant,1,mixed-uptake,,
U024,"Oh no, peer made a mistake while applying your feedback.
Please give a more detailed feedback",system,1,mixed-uptake,,
U033,And rewrite that sentence.,user,1,low-uptake,Reject,Active
U033,What do you mean by rewrite that sentence?,assistant,1,low-uptake,,
U001,책을 읽는거야,user,1,low-uptake,Exemplification,Constructive
U001,Okay. I will change 'computer' to 'computers' and add 'a' before 'library' here.,assistant,1,low-uptake,,
U001,"Good job! Peer acknowledged your feedback!
Let's move to the next error!",system,1,low-uptake,,
U001,How can I improve here?,assistant,1,low-uptake,,
U027,make -> makes,user,2,high-uptake,Reformulate,Active
U027,Okay. I will change 'make' to 'makes' here.,assistant,2,high-uptake,,
U027,"Good job! Peer acknowledged your feedback!
Let's move to the next error!",system,2,high-uptake,,
U027,How do I fix this?,assistant,2,high-uptake,,
U033,We can connect with people worldwide effortlessly with communication devices.,user,1,low-uptake,Reformulate,Active
U033,What does rewrite mean?,assistant,1,low-uptake,,
U033,write again.,user,1,low-uptake,Reject,Active
U033,Okay. I will rewrite that sentence.,assistant,1,low-uptake,,
U033,"Good job! Peer acknowledged your feedback!
Let's move to the next error!",system,1,low-uptake,,
U033,What's wrong here?,assistant,1,low-uptake,,
U027,"So, -> So",user,2,high-uptake,Reformulate,Active
U027,"I will change 'So,' to 'So' here.",assistant,2,high-uptake,,
U027,"Good job! Peer acknowledged your feedback!
Let's move to the next error!",system,2,high-uptake,,
U027,Can you give me feedback on this part?,assistant,2,high-uptake,,
U024,then try becomes,user,1,mixed-uptake,Reformulate,Active
U024,I will change 'became' to 'becomes' here.,assistant,1,mixed-uptake,,
U024,"Good job! Peer acknowledged your feedback!
Let's move to the next error!",system,1,mixed-uptake,,
U024,What's wrong here?,assistant,1,mixed-uptake,,
U027,"After ""so"", there is no comma.",user,2,high-uptake,Reformulate,Active
U027,What does it mean there is no comma?,assistant,2,high-uptake,,
U027,"""so"" don't need comma after it.",user,2,high-uptake,Reformulate,Active
U001,"Books and writing are very important to us. 책은 보통 복수니까 복수형을 넣고, is 도 are 로 바꿔서 해야ㅙ",user,1,low-uptake,Amplification,Constructive
U027,What does it mean that there is no comma after 'so'?,assistant,2,high-uptake,,
U001,What does that mean about plural form?,assistant,1,low-uptake,,
U001,plural form?,user,1,low-uptake,Amplification,Constructive
U001,What is plural form?,assistant,1,low-uptake,,
U024,add comma after great,user,1,mixed-uptake,Reformulate,Active
U024,Why do I need to add a comma?,assistant,1,mixed-uptake,,
U033,Change 'if' to 'When',user,1,low-uptake,Reformulate,Active
U033,Why do I need to change 'if' to 'when'?,assistant,1,low-uptake,,
U027,"You must not write "","" after ""so"".",user,2,high-uptake,Reformulate,Active
U001,두개이상 복수를 의미햐,user,1,low-uptake,Amplification,Constructive
U001,What does it mean to mean two or more plural?,assistant,1,low-uptake,,
U027,"Okay. I will change 'So,' to 'So' here.",assistant,2,high-uptake,,
U027,"Good job! Peer acknowledged your feedback!
Let's move to the next error!",system,2,high-uptake,,
U027,Can you give me feedback on this part?,assistant,2,high-uptake,,
U001,두개 세개 네개 이렇게,user,1,low-uptake,Exemplification,Constructive
U033,That sentence matches better.,user,1,low-uptake,Praise,Passive
U001,Okay. I will change 'Book and writing is' to 'Books and writing are'.,assistant,1,low-uptake,,
U001,"Good job! Peer acknowledged your feedback!
Let's move to the next error!",system,1,low-uptake,,
U001,Can you give me feedback on this part?,assistant,1,low-uptake,,
U033,What does it mean that sentence matches better?,assistant,1,low-uptake,,
U027,to -> of,user,2,high-uptake,Reformulate,Active
U027,Okay. I will change 'to' to 'of' here.,assistant,2,high-uptake,,
U027,"Good job! Peer acknowledged your feedback!
Let's move to the next error!",system,2,high-uptake,,
U027,How can I improve here?,assistant,2,high-uptake,,
U033,It matches better with 'when' not 'if',user,1,low-uptake,Reformulate,Active
U033,What does it mean that it matches better?,assistant,1,low-uptake,,
U033,it is more correct,user,1,low-uptake,Amplification,Constructive
U033,Okay. I will change 'if' to 'when' here.,assistant,1,low-uptake,,
U033,"Good job! Peer acknowledged your feedback!
Let's move to the next error!",system,1,low-uptake,,
U033,How can I improve here?,assistant,1,low-uptake,,
U024,"we have two sentence, so we should divide with comma",user,1,mixed-uptake,Amplification,Constructive
U024,I will add a comma after 'great' here.,assistant,1,mixed-uptake,,
U024,"Good job! Peer acknowledged your feedback!
Let's move to the next error!",system,1,mixed-uptake,,
U024,Can you give me feedback on this part?,assistant,1,mixed-uptake,,
U027,maintain -> maintains,user,2,high-uptake,Reformulate,Active
U001,story 는 셀수있는 명사이기 때문에 a 를 붙여야해,user,1,low-uptake,Amplification,Constructive
U027,Okay. I will change 'maintain' to 'maintains' here.,assistant,2,high-uptake,,
U027,"Good job! Peer acknowledged your feedback!
Let's move to the next error!",system,2,high-uptake,,
U027,How do I fix this?,assistant,2,high-uptake,,
U001,What does it mean to attach 'a' to a countable noun?,assistant,1,low-uptake,,
U001,맞아,user,1,low-uptake,Accept,Passive
U001,What does attaching 'a' mean?,assistant,1,low-uptake,,
U001,a story 로 수정하라고,user,1,low-uptake,Reformulate,Active
U001,What does 'a' mean for countable nouns?,assistant,1,low-uptake,,
U001,원래 그렇게 하는거야,user,1,low-uptake,Reject,Active
U001,Okay. I will change 'publish story' to 'publish [a] story'.,assistant,1,low-uptake,,
U001,"Good job! Peer acknowledged your feedback!
Let's move to the next error!",system,1,low-uptake,,
U001,How can I improve here?,assistant,1,low-uptake,,
U001,need 를 needs 로 고치자,user,1,low-uptake,Reformulate,Active
U001,What does it mean to change need to needs?,assistant,1,low-uptake,,
U001,이건 class 가 단수이므로 그렇게 하는거야,user,1,low-uptake,Amplification,Constructive
U001,What does class being singular mean?,assistant,1,low-uptake,,
U024,"there's two verb, have and ready, ready should be to ready",user,1,mixed-uptake,Amplification,Constructive
U024,What does ready should be to ready mean?,assistant,1,mixed-uptake,,
U001,class 는 하나이기 때문이야,user,1,low-uptake,Amplification,Constructive
U001,What does it mean that class is singular?,assistant,1,low-uptake,,
U001,아까 설명했던대로야,user,1,low-uptake,Amplification,Constructive
U001,Okay. I will change 'need' to 'needs' here.,assistant,1,low-uptake,,
U001,"Good job! Peer acknowledged your feedback!
Let's move to the next error!",system,1,low-uptake,,
U024,ready' should become 'to ready',user,1,mixed-uptake,Reformulate,Active
U024,Okay. I will change 'ready' to 'to ready' here.,assistant,1,mixed-uptake,,
U024,"Good job! Peer acknowledged your feedback!
Let's move to the next error!",system,1,mixed-uptake,,
U024,How do I fix this?,assistant,1,mixed-uptake,,
U024,improve should become improved,user,1,mixed-uptake,Reformulate,Active
U024,Why should improve become improved?,assistant,1,mixed-uptake,,
U024,"you used ' has' for present perfect tense, then after has, verb should be past tense.",user,1,mixed-uptake,Amplification,Constructive
U024,What does verb should be past tense mean?,assistant,1,mixed-uptake,,
U024,improve should become improved,user,1,mixed-uptake,Reformulate,Active
U024,So it should be overall flashlight has improved our lives in many ways?,assistant,1,mixed-uptake,,
U024,"Oh no, peer made a mistake while applying your feedback.
Please give a more detailed feedback",system,1,mixed-uptake,,
U024,try has been improved,user,1,mixed-uptake,Reformulate,Active
U024,Okay. I will change 'way' to 'ways' here.,assistant,1,mixed-uptake,,
U024,"Good job! Peer acknowledged your feedback!
Let's move to the next error!",system,1,mixed-uptake,,
U024,How do I fix this?,assistant,1,mixed-uptake,,
U024,light is not general so it should be the light,user,1,mixed-uptake,Amplification,Constructive
U024,Why should it be 'the light'?,assistant,1,mixed-uptake,,
U024,this light is not general it is the light that comes from flash light,user,1,mixed-uptake,Amplification,Constructive
U024,Okay. I will change 'light' to 'the light' here.,assistant,1,mixed-uptake,,
U024,"Good job! Peer acknowledged your feedback!
Let's move to the next error!",system,1,mixed-uptake,,
U024,Can you give me feedback on this part?,assistant,1,mixed-uptake,,
U055,What's wrong here?,assistant,2,low-uptake,,
U055,"you must change ""have"" into ""has"".",user,2,low-uptake,Reformulate,Active
U055,Why must I change 'have' into 'has'?,assistant,2,low-uptake,,
U055,The subject of this sentence is the third person.,user,2,low-uptake,Amplification,Constructive
U055,What does it mean that the subject is the third person?,assistant,2,low-uptake,,
U055,"It is not the first person or the second person, such as 'I', 'you', 'We'.",user,2,low-uptake,Exemplification,Constructive
U055,What does first person and second person mean?,assistant,2,low-uptake,,
U055,It means literally 'I' and 'you'.,user,2,low-uptake,Exemplification,Constructive
U055,Okay. I will change 'have' to 'has' here.,assistant,2,low-uptake,,
U055,"Good job! Peer acknowledged your feedback!
Let's move to the next error!",system,2,low-uptake,,
U055,What's wrong here?,assistant,2,low-uptake,,
U055,You must change 'provide' into 'provides'.,user,2,low-uptake,Reformulate,Active
U055,Why must I change 'provide' into 'provides'?,assistant,2,low-uptake,,
U055,The subject of this sentence is the third person.,user,2,low-uptake,Amplification,Constructive
U055,What does it mean for a subject to be third person?,assistant,2,low-uptake,,
U055,"It means that it is not the first person or the second person, such as 'I', 'you', 'We'.",user,2,low-uptake,Exemplification,Constructive
U055,What does it mean for a subject to be third person?,assistant,2,low-uptake,,
U055,It means a subject not 'I' or 'you',user,2,low-uptake,Amplification,Constructive
U055,Okay. I will change 'provide' to 'provides' here.,assistant,2,low-uptake,,
U055,"Good job! Peer acknowledged your feedback!
Let's move to the next error!",system,2,low-uptake,,
U055,What's wrong here?,assistant,2,low-uptake,,
U055,You must change 'is' into 'are'.,user,2,low-uptake,Reformulate,Active
U055,Why must I change 'is' into 'are'?,assistant,2,low-uptake,,
U055,Because the subject of this sentence is a plural.,user,2,low-uptake,Amplification,Constructive
U055,What does it mean for a subject to be plural?,assistant,2,low-uptake,,
U055,Plural means two or more things,user,2,low-uptake,Amplification,Constructive
U055,What does it mean that there is many distractions?,assistant,2,low-uptake,,
U055,"""There are many distractions"" means that some interferences exist.",user,2,low-uptake,Amplification,Constructive
U055,Okay. I will change 'is' to 'are' here.,assistant,2,low-uptake,,
U055,"Good job! Peer acknowledged your feedback!
Let's move to the next error!",system,2,low-uptake,,
U055,Can you give me feedback on this part?,assistant,2,low-uptake,,
U055,You can add some sentences about the purchase of new phones in the front of this sentence.,user,2,low-uptake,Reformulate,Active
U055,What do you mean by adding sentences in the front?,assistant,2,low-uptake,,
U055,"It means there are many people buying new phones often, so it can provide more information about things of new phones.",user,2,low-uptake,Amplification,Constructive
U055,What do you mean by adding sentences in the front?,assistant,2,low-uptake,,
U055,It means there are many people buying new phones often.,user,2,low-uptake,Amplification,Constructive
U055,What do you mean by adding sentences in the front?,assistant,2,low-uptake,,
U055,I want to provide more information about things of new phones.,user,2,low-uptake,Amplification,Constructive
U055,I don't get it,assistant,2,low-uptake,,
U055,"Good job! Peer acknowledged your feedback!
Let's move to the next error!",system,2,low-uptake,,
U018,Can you give me feedback on this part?,assistant,1,high-uptake,,
U018,"Tasting food from past is singular, so you uses ""brings"".",user,1,high-uptake,Amplification,Constructive
U018,I will change 'bring' to 'brings' here.,assistant,1,high-uptake,,
U018,"Good job! Peer acknowledged your feedback!
Let's move to the next error!",system,1,high-uptake,,
U018,How do I fix this?,assistant,1,high-uptake,,
U018,"The first word of sentence should be written with capital,""First of all"". And we can't write both adjective and verb. To write them in a row, we add ""to"" between them like ""delicious to remember"".",user,1,high-uptake,Amplification,Constructive
U018,What does it mean to write both adjective and verb?,assistant,1,high-uptake,,
U018,write them in a row,user,1,high-uptake,Amplification,Constructive
U018,"Okay. I will change the sentence to 'First of all, it is [delicious to remember] but also [a] broken situation.'",assistant,1,high-uptake,,
U018,"Good job! Peer acknowledged your feedback!
Let's move to the next error!",system,1,high-uptake,,
U018,How do I fix this?,assistant,1,high-uptake,,
U018,Change experienco to experience,user,1,high-uptake,Reformulate,Active
U018,Okay. I will change 'experienco' to 'experience' here.,assistant,1,high-uptake,,
U018,"Good job! Peer acknowledged your feedback!
Let's move to the next error!",system,1,high-uptake,,
U018,How can I improve here?,assistant,1,high-uptake,,
U018,"I'm sorry, you should change goes to go. Because verb after 'don't', 'doesn't' and auxiliary verb must be wtitten with a orginal form of it.",user,1,high-uptake,Amplification,Constructive
U018,Okay. I will change 'goes' to 'go' here.,assistant,1,high-uptake,,
U018,"Good job! Peer acknowledged your feedback!
Let's move to the next error!",system,1,high-uptake,,
U018,How can I improve here?,assistant,1,high-uptake,,
U018,Good job. But change wrse to worse,user,1,high-uptake,Reformulate,Active
U018,Okay. I will change 'wrse' to 'worse' here.,assistant,1,high-uptake,,
U018,"Good job! Peer acknowledged your feedback!
Let's move to the next error!",system,1,high-uptake,,
U018,How can I improve here?,assistant,1,high-uptake,,
U018,I think adding 'a' in front of 'part' is better.,user,1,high-uptake,Reformulate,Active
U018,Okay. I will add 'a' in front of 'part' here.,assistant,1,high-uptake,,
U018,"Good job! Peer acknowledged your feedback!
Let's move to the next error!",system,1,high-uptake,,
U018,How do I fix this?,assistant,1,high-uptake,,
U018,"No, I say write 'a part of everyday'.",user,1,high-uptake,Reformulate,Active
U018,What does 'everyday' mean?,assistant,1,high-uptake,,
U018,"A former sentence,  'Tradition food and holiday meal' becomes part of everyday.",user,1,high-uptake,Connection,Constructive
U018,I will change 'brings' to 'bring' here.,assistant,1,high-uptake,,
U018,"Good job! Peer acknowledged your feedback!
Let's move to the next error!",system,1,high-uptake,,
U018,How can I improve here?,assistant,1,high-uptake,,
U018,let's fix the sentence ' 'Tradition food and holiday meal' becomes part of everyday.',user,1,high-uptake,Reformulate,Active
U018,Okay. I will change 'a front essay but is very serious matter' to 'a front essay but [it is a] very serious matter'.,assistant,1,high-uptake,,
U018,"Good job! Peer acknowledged your feedback!
Let's move to the next error!",system,1,high-uptake,,
U018,How can I improve here?,assistant,1,high-uptake,,
U018,"No, let's change  'Tradition food and holiday meal' becomes part of everyday.",user,1,high-uptake,Reformulate,Active
U018,"I think it should be younger eats flavors only on holidays, will go continue decrease fun and forget many childhood memories which will make person strong.",assistant,1,high-uptake,,
U018,"Oh no, peer made a mistake while applying your feedback.
Please give a more detailed feedback",system,1,high-uptake,,
U018,"Yes, nice.",user,1,high-uptake,Accept,Passive
U018,"Okay, I will change 'If youngster eats flavors only on holidays, will go continue decrease fun and forgot many childhood memories which will make person strong.' to 'If [youngsters] eat flavors only on holidays, [it will continue to decrease] fun and [they will forget] many childhood memories which will make [them] strong.'",assistant,1,high-uptake,,
U018,"Good job! Peer acknowledged your feedback!
Let's move to the next error!",system,1,high-uptake,,
U018,What's wrong here?,assistant,1,high-uptake,,
U018,"After conjunction, may write ',' like 'Therefore, '",user,1,high-uptake,Exemplification,Constructive
U018,Why do I need a comma after therefore?,assistant,1,high-uptake,,
U025,How do I fix this?,assistant,2,low-uptake,,
U020,How can I improve here?,assistant,2,low-uptake,,
U025,"In that sentence, music is singular, so affect should be changed to affects.",user,2,low-uptake,Amplification,Constructive
U025,Why affect should be affects?,assistant,2,low-uptake,,
U020,"change ""are"" to ""is""",user,2,low-uptake,Reformulate,Active
U020,Why to change are to is?,assistant,2,low-uptake,,
U025,"When using verbs with singular subjects, we basically add s.",user,2,low-uptake,Amplification,Constructive
U020,"""are"" is for plural noun",user,2,low-uptake,Amplification,Constructive
U025,What does add s mean?,assistant,2,low-uptake,,
U020,What does plural noun mean?,assistant,2,low-uptake,,
U020,plural noun means it is countable and more than one,user,2,low-uptake,Amplification,Constructive
U020,What does countable mean?,assistant,2,low-uptake,,
U025,"It's just attached to the verb. It shows that the subject is singular. The ""s"" doesn't really have any meaning.",user,2,low-uptake,Amplification,Constructive
U025,What does it mean that the 's' doesn't really have any meaning?,assistant,2,low-uptake,,
U025,literally,user,2,low-uptake,Reformulate,Active
U020,It means we can count something individually,user,2,low-uptake,Amplification,Constructive
U025,I don't get it,assistant,2,low-uptake,,
U025,"Good job! Peer acknowledged your feedback!
Let's move to the next error!",system,2,low-uptake,,
U025,How do I fix this?,assistant,2,low-uptake,,
U020,I will change 'are' to 'is' here.,assistant,2,low-uptake,,
U020,"Good job! Peer acknowledged your feedback!
Let's move to the next error!",system,2,low-uptake,,
U020,What's wrong here?,assistant,2,low-uptake,,
U020,"change ""thinks"" to ""think""",user,2,low-uptake,Reformulate,Active
U020,Why do I change thinks to think?,assistant,2,low-uptake,,
U020,"""students"" are plural so we should remove ""s"" from ""thinks""",user,2,low-uptake,Amplification,Constructive
U020,Why do I remove 's' from 'thinks'?,assistant,2,low-uptake,,
U025,Gerunds are treated as singular and should be written as becomes.,user,2,low-uptake,Exemplification,Constructive
U025,What does treated as singular mean?,assistant,2,low-uptake,,
U025,literally,user,2,low-uptake,Reformulate,Active
U025,What does literally mean?,assistant,2,low-uptake,,
U025,literally,user,2,low-uptake,Reformulate,Active
U025,What does literally mean?,assistant,2,low-uptake,,
U020,for the subject-verb agreement,user,2,low-uptake,Amplification,Constructive
U020,What is subject-verb agreement?,assistant,2,low-uptake,,
U025,Literally means literally,user,2,low-uptake,Reformulate,Active
U025,I don't get it,assistant,2,low-uptake,,
U025,"Good job! Peer acknowledged your feedback!
Let's move to the next error!",system,2,low-uptake,,
U025,Can you give me feedback on this part?,assistant,2,low-uptake,,
U020,A grammatical rule that a singular subject requires a singular verb and a plural subject requires a plural verb,user,2,low-uptake,Amplification,Constructive
U020,I will change 'thinks' to 'think' here.,assistant,2,low-uptake,,
U020,"Good job! Peer acknowledged your feedback!
Let's move to the next error!",system,2,low-uptake,,
U020,How do I fix this?,assistant,2,low-uptake,,
U020,"change ""believes"" to ""believe""",user,2,low-uptake,Reformulate,Active
U020,Why do I change 'believes' to 'believe'?,assistant,2,low-uptake,,
U020,"""I"" is a pronoun and it is first person singular",user,2,low-uptake,Amplification,Constructive
U020,What does it mean that 'I' is a pronoun?,assistant,2,low-uptake,,
U020,"pronoun is a word that replaces a noun in a sentence, ""I"" is one of the pronoun",user,2,low-uptake,Amplification,Constructive
U020,What does it mean that a pronoun replaces a noun?,assistant,2,low-uptake,,
U020,"instead of saying the noun again, we use a pronoun to refer to the same person, thing, idea etc.",user,2,low-uptake,Amplification,Constructive
U020,Okay. I will change 'believes' to 'believe' here.,assistant,2,low-uptake,,
U020,"Good job! Peer acknowledged your feedback!
Let's move to the next error!",system,2,low-uptake,,
U020,What's wrong here?,assistant,2,low-uptake,,
U054,How do I fix this?,assistant,1,low-uptake,,
U020,"change ""have"" to ""has""",user,2,low-uptake,Reformulate,Active
U020,Why do I change 'have' to 'has'?,assistant,2,low-uptake,,
U020,"""the time"" is the noun of the sentence and it is singular, so for the subject verb agreement change it",user,2,low-uptake,Amplification,Constructive
U020,What does subject verb agreement mean?,assistant,2,low-uptake,,
U020,A grammatical rule that a singular subject requires a singular verb and a plural subject requires a plural verb,user,2,low-uptake,Amplification,Constructive
U020,What does it mean a singular subject requires a singular verb?,assistant,2,low-uptake,,
U054,you should use verb: what do you think the benefits -> what do you think are the benefits,user,1,low-uptake,Reformulate,Active
U054,Why do I need to use a verb there?,assistant,1,low-uptake,,
U020,Okay. I will change 'have' to 'has' here.,assistant,2,low-uptake,,
U020,"Good job! Peer acknowledged your feedback!
Let's move to the next error!",system,2,low-uptake,,
U020,Can you give me feedback on this part?,assistant,2,low-uptake,,
U054,"By grammer rule, one verb need in one sentence",user,1,low-uptake,Amplification,Constructive
U054,What does one verb need in one sentence mean?,assistant,1,low-uptake,,
U054,all sentence has one verb,user,1,low-uptake,Amplification,Constructive
U054,What does it mean to have one verb in one sentence?,assistant,1,low-uptake,,
U054,sentence has one subject and one verb,user,1,low-uptake,Amplification,Constructive
U054,Okay. I will change the sentence to make it correct.,assistant,1,low-uptake,,
U054,"Good job! Peer acknowledged your feedback!
Let's move to the next error!",system,1,low-uptake,,
U054,What's wrong here?,assistant,1,low-uptake,,
U020,change assign to assigning,user,2,low-uptake,Reformulate,Active
U020,Why change assign to assigning?,assistant,2,low-uptake,,
U020,"Behind ""how about"" we use gerund",user,2,low-uptake,Amplification,Constructive
U020,What does it mean to use gerund?,assistant,2,low-uptake,,
U020,add ~ing behind the verb,user,2,low-uptake,Reformulate,Active
U020,What does it mean to use gerund?,assistant,2,low-uptake,,
U020,it means to add ~ing behind the verb,user,2,low-uptake,Reformulate,Active
U020,Okay. I will change 'assign' to 'assigning' here.,assistant,2,low-uptake,,
U020,"Good job! Peer acknowledged your feedback!
Let's move to the next error!",system,2,low-uptake,,
U054,Don't use two verb in one clause without conjuction: If you are enjoy ~~ -> If you enjoy ~~,user,1,low-uptake,Amplification,Constructive
U054,What does it mean to use two verb in one clause?,assistant,1,low-uptake,,
U054,"generally, one clause has one verb without conjuction. ""If you are enjoy nature"" has already has verb "" enjoy"", so you should delete ""are""",user,1,low-uptake,Amplification,Constructive
U054,What does conjunction mean?,assistant,1,low-uptake,,
U054,"connect words or sentence like and, but, or",user,1,low-uptake,Exemplification,Constructive
U054,What is conjunction?,assistant,1,low-uptake,,
U014,How can I improve here?,assistant,1,high-uptake,,
U054,connect words or sentences,user,1,low-uptake,Amplification,Constructive
U054,Okay. I will change the sentence to use one verb.,assistant,1,low-uptake,,
U054,"Good job! Peer acknowledged your feedback!
Let's move to the next error!",system,1,low-uptake,,
U054,Can you give me feedback on this part?,assistant,1,low-uptake,,
U014,"verb ""create"" should be changed to ""creates""",user,1,high-uptake,Reformulate,Active
U014,So it should be tech industry creates numerous jobs?,assistant,1,high-uptake,,
U014,"Oh no, peer made a mistake while applying your feedback.
Please give a more detailed feedback",system,1,high-uptake,,
U008,Can you give me feedback on this part?,assistant,1,low-uptake,,
U054,I think thought change to experienced because next sentence said about experience,user,1,low-uptake,Amplification,Constructive
U054,Why change thought to experienced?,assistant,1,low-uptake,,
U054,"next sentence answer ""never experienced""",user,1,low-uptake,Reformulate,Active
U054,What do you mean by next sentence answer?,assistant,1,low-uptake,,
U014,i think this sentence should be deleted.,user,1,high-uptake,Reject,Active
U014,Okay. I will delete this sentence.,assistant,1,high-uptake,,
U014,"Good job! Peer acknowledged your feedback!
Let's move to the next error!",system,1,high-uptake,,
U014,How can I improve here?,assistant,1,high-uptake,,
U054,This sentence is question and next sentence is answer,user,1,low-uptake,Amplification,Constructive
U054,What do you mean by question and answer?,assistant,1,low-uptake,,
U008,"The sentence has problem. If you want to show ""two reasons for it are existed"", you have to use not there but there is/are.",user,1,low-uptake,Reformulate,Active
U008,Why should I use there is/are?,assistant,1,low-uptake,,
U054,this sentence is question about experience and next one is answer about this question,user,1,low-uptake,Amplification,Constructive
U054,Okay. I will change 'thought' to 'experienced' here.,assistant,1,low-uptake,,
U054,"Good job! Peer acknowledged your feedback!
Let's move to the next error!",system,1,low-uptake,,
U054,What's wrong here?,assistant,1,low-uptake,,
U008,because it is one set of grammer. It is promise in English.,user,1,low-uptake,Amplification,Constructive
U008,What does one set of grammer mean?,assistant,1,low-uptake,,
U005,How do I fix this?,assistant,1,high-uptake,,
U008,"It is simple. ""There is/are"" is promise of English which are made by people.",user,1,low-uptake,Amplification,Constructive
U008,What does promise of English mean?,assistant,1,low-uptake,,
U014,I think tablet should be changed to tablets,user,1,high-uptake,Reformulate,Active
U014,"So it should be technology like phones, computers, or tablets?",assistant,1,high-uptake,,
U014,"Oh no, peer made a mistake while applying your feedback.
Please give a more detailed feedback",system,1,high-uptake,,
U014,"and delete ""and tablet""",user,1,high-uptake,Reformulate,Active
U014,I will delete 'and tablet' from the sentence.,assistant,1,high-uptake,,
U014,"Good job! Peer acknowledged your feedback!
Let's move to the next error!",system,1,high-uptake,,
U014,How do I fix this?,assistant,1,high-uptake,,
U008,"If you want to express ""two reasons for it are existed"", you have to use not ""There two reasons for it."" but ""There are two reasons for it.",user,1,low-uptake,Reformulate,Active
U008,Okay. I will change the sentence to 'There are two reasons for it.',assistant,1,low-uptake,,
U008,"Good job! Peer acknowledged your feedback!
Let's move to the next error!",system,1,low-uptake,,
U008,Can you give me feedback on this part?,assistant,1,low-uptake,,
U008,Are you know a subject-verb agreement?,user,1,low-uptake,Metacognitive,Constructive
U008,What is subject-verb agreement?,assistant,1,low-uptake,,
U014,"I think ""country"" should be changed to ""countries""",user,1,high-uptake,Reformulate,Active
U014,I will change 'country' to 'countries' here.,assistant,1,high-uptake,,
U014,"Good job! Peer acknowledged your feedback!
Let's move to the next error!",system,1,high-uptake,,
U014,What's wrong here?,assistant,1,high-uptake,,
U008,"If sebject is he, she, it, or other singular noun, you have to add s,-es,-ies in verb.",user,1,low-uptake,Exemplification,Constructive
U008,"How do I add s,-es,-ies in verb?",assistant,1,low-uptake,,
U054,I think it lacks evidence.,user,1,low-uptake,Amplification,Constructive
U054,What do you mean by lacks evidence?,assistant,1,low-uptake,,
U008,"In your sentence, you add s in verb.",user,1,low-uptake,Reformulate,Active
U008,Why do I add s in verb?,assistant,1,low-uptake,,
U008,That is also promise of English.,user,1,low-uptake,Amplification,Constructive
U008,Okay. I will change the sentence to 'It [makes] you sure about what you're getting.',assistant,1,low-uptake,,
U008,"Good job! Peer acknowledged your feedback!
Let's move to the next error!",system,1,low-uptake,,
U008,How do I fix this?,assistant,1,low-uptake,,
U054,not match with previous sentence,user,1,low-uptake,Amplification,Constructive
U054,What does not match mean?,assistant,1,low-uptake,,
U005,You have to give why health is very important,user,1,high-uptake,Reformulate,Active
U005,Okay. I will explain why health is very important.,assistant,1,high-uptake,,
U005,"Good job! Peer acknowledged your feedback!
Let's move to the next error!",system,1,high-uptake,,
U005,What's wrong here?,assistant,1,high-uptake,,
U054,awkward,user,1,low-uptake,Reject,Active
U054,What is awkward?,assistant,1,low-uptake,,
U008,It is problem of time.,user,1,low-uptake,Reject,Active
U008,What does it mean to have problem of time?,assistant,1,low-uptake,,
U054,"previous sentence said about not accessing to nature, but this sentence is about clser to nature",user,1,low-uptake,Amplification,Constructive
U054,Okay. I will change 'when we live closer to nature' to 'when we didn't have access to nature' here.,assistant,1,low-uptake,,
U054,"Good job! Peer acknowledged your feedback!
Let's move to the next error!",system,1,low-uptake,,
U054,Can you give me feedback on this part?,assistant,1,low-uptake,,
U008,"You write habit about your past, So you have to use verb in past-form. In be-verb is ""is->was"" or ""are->were""",user,1,low-uptake,Amplification,Constructive
U008,What does it mean to use verb in past-form?,assistant,1,low-uptake,,
U014,"I think ""has produce"" should be changed to ""has produced""",user,1,high-uptake,Reformulate,Active
U014,Okay. I will change 'has produce' to 'has produced' here.,assistant,1,high-uptake,,
U014,"Good job! Peer acknowledged your feedback!
Let's move to the next error!",system,1,high-uptake,,
U014,How do I fix this?,assistant,1,high-uptake,,
U008,"Because you write your past story. If you don't use past-form, reader can not understand it exactly.",user,1,low-uptake,Amplification,Constructive
U008,What does it mean to use past-form?,assistant,1,low-uptake,,
U008,"is to was, are to were.",user,1,low-uptake,Exemplification,Constructive
U008,Okay. I will change 'is' to 'was' here.,assistant,1,low-uptake,,
U008,"Good job! Peer acknowledged your feedback!
Let's move to the next error!",system,1,low-uptake,,
U008,How can I improve here?,assistant,1,low-uptake,,
U005,"Reader think that what ""health important but not easy"" mean?. Because, health is status. So you need to add some word to match subject and ""easy""",user,1,high-uptake,Amplification,Constructive
U005,What does it mean to add some word to match subject?,assistant,1,high-uptake,,
U008,"Do you know ""Shopping"" in your sentence is gerund?",user,1,low-uptake,Metacognitive,Constructive
U008,What is gerund?,assistant,1,low-uptake,,
U054,"a research -> research because research can't count, and expect delete and add our",user,1,low-uptake,Amplification,Constructive
U054,Why can't I say a research?,assistant,1,low-uptake,,
U054,research can't count,user,1,low-uptake,Amplification,Constructive
U008,gerund is changing form Verb to noun. and it is singular norn. So you have to use not are but is.,user,1,low-uptake,Amplification,Constructive
U008,What is a gerund?,assistant,1,low-uptake,,
U008,gerund is changing form Verb to noun. and it is singular norn. So you have to use not are but is.,user,1,low-uptake,Amplification,Constructive
U008,How do I fix this?,assistant,2,low-uptake,,
U008,"The problem of sentence is ""get stronger mind""",user,2,low-uptake,Exemplification,Constructive
U008,What does get stronger mind mean?,assistant,2,low-uptake,,
U008,"stronger' is comparative of strong. So, if you want to use stronger, you have to bring other compasion things.",user,2,low-uptake,Amplification,Constructive
U008,What are compasion things?,assistant,2,low-uptake,,
U008,I show examples. I'am stronger than ants.,user,2,low-uptake,Exemplification,Constructive
U008,What is compasion things?,assistant,2,low-uptake,,
U008,"Umm, It is 'compare to' things.",user,2,low-uptake,Reformulate,Active
U008,"Okay, I will change 'stronger mind' to 'a stronger mind compared to others'.",assistant,2,low-uptake,,
U008,"Good job! Peer acknowledged your feedback!
Let's move to the next error!",system,2,low-uptake,,
U008,How do I fix this?,assistant,2,low-uptake,,
U043,What's wrong here?,assistant,2,low-uptake,,
U043,change help to helped,user,2,low-uptake,Reformulate,Active
U043,Why change help to helped?,assistant,2,low-uptake,,
U043,correct usage of past simple,user,2,low-uptake,Amplification,Constructive
U043,What is correct usage of past simple?,assistant,2,low-uptake,,
U043,changing help to helped,user,2,low-uptake,Reformulate,Active
U043,What is correct usage of past simple?,assistant,2,low-uptake,,
U043,changing help to helped,user,2,low-uptake,Reformulate,Active
U043,Okay. I will change 'help' to 'helped' here.,assistant,2,low-uptake,,
U043,"Good job! Peer acknowledged your feedback!
Let's move to the next error!",system,2,low-uptake,,
U043,How can I improve here?,assistant,2,low-uptake,,
U008,It is problem of dependent clause's location.,user,2,low-uptake,Amplification,Constructive
U008,What does dependent clause's location mean?,assistant,2,low-uptake,,
U023,Can you give me feedback on this part?,assistant,1,low-uptake,,
U008,"after long session of such movie' is dependent clause, and its' location is wrong. It moved to end of sentence or first of sentence.",user,2,low-uptake,Amplification,Constructive
U008,What does it mean to move a dependent clause?,assistant,2,low-uptake,,
U008,"like, ""After long session of such movie, I know ~~~"" or ""I know ~~ uneasy than normal film,after long session of such movie""",user,2,low-uptake,Reformulate,Active
U008,What does it mean to move a dependent clause?,assistant,2,low-uptake,,
U008,"like, ""After long session of such movie, I know ~~~"" or ""I know ~~ uneasy than normal film,after long session of such movie""",user,2,low-uptake,Reformulate,Active
U008,Okay. I will change the location of the dependent clause.,assistant,2,low-uptake,,
U008,"Good job! Peer acknowledged your feedback!
Let's move to the next error!",system,2,low-uptake,,
U008,How can I improve here?,assistant,2,low-uptake,,
U043,change by to with,user,2,low-uptake,Reformulate,Active
U043,Why change by to with?,assistant,2,low-uptake,,
U008,but they can increase stress and anxiety' is don't have stress's subject.,user,2,low-uptake,Amplification,Constructive
U008,What do you mean by stress's subject?,assistant,2,low-uptake,,
U008,who or which get those stress and anxiety? those sentense don't have that.,user,2,low-uptake,Reject,Active
U008,Who or which is better for stress and anxiety?,assistant,2,low-uptake,,
U043,correct preposition,user,2,low-uptake,Amplification,Constructive
U043,What does correct preposition mean?,assistant,2,low-uptake,,
U043,correct usage of preposition,user,2,low-uptake,Amplification,Constructive
U043,What does correct usage of preposition mean?,assistant,2,low-uptake,,
U043,changing by to with,user,2,low-uptake,Reformulate,Active
U043,Okay. I will change 'by' to 'with' here.,assistant,2,low-uptake,,
U043,"Good job! Peer acknowledged your feedback!
Let's move to the next error!",system,2,low-uptake,,
U043,Can you give me feedback on this part?,assistant,2,low-uptake,,
U008,"No, you have to express subject of stress and anxiety. like ""they can increase stress and anxiety of us.",user,2,low-uptake,Reformulate,Active
U008,What does it mean to express subject of stress and anxiety?,assistant,2,low-uptake,,
U008,keep going,user,2,low-uptake,Accept,Passive
U008,Okay. I will add the subject of stress and anxiety.,assistant,2,low-uptake,,
U008,"Good job! Peer acknowledged your feedback!
Let's move to the next error!",system,2,low-uptake,,
U008,How do I fix this?,assistant,2,low-uptake,,
U043,change how to that,user,2,low-uptake,Reformulate,Active
U043,Why change how to that?,assistant,2,low-uptake,,
U043,correct usage of parts of speech,user,2,low-uptake,Amplification,Constructive
U043,What does correct usage of parts of speech mean?,assistant,2,low-uptake,,
U043,changing how to that,user,2,low-uptake,Reformulate,Active
U043,What does correct usage of parts of speech mean?,assistant,2,low-uptake,,
U043,changing how to that,user,2,low-uptake,Reformulate,Active
U043,Okay. I will change 'how' to 'that' here.,assistant,2,low-uptake,,
U043,"Good job! Peer acknowledged your feedback!
Let's move to the next error!",system,2,low-uptake,,
U043,How do I fix this?,assistant,2,low-uptake,,
U008,"When you express you have been felt emotions, you have to use passive.",user,2,low-uptake,Amplification,Constructive
U008,What does it mean to use passive?,assistant,2,low-uptake,,
U043,"change ""for"" to ""to""",user,2,low-uptake,Reformulate,Active
U043,Why change for to to?,assistant,2,low-uptake,,
U008,"In your sentence, you use ""when I am feeling bored of calm drama"". 'am feeling' is active voice. It changed 'am feeling' into 'am felt'",user,2,low-uptake,Exemplification,Constructive
U043,correct usage of infinitive,user,2,low-uptake,Amplification,Constructive
U008,Why is 'am feeling' active voice?,assistant,2,low-uptake,,
U043,What is correct usage of infinitive?,assistant,2,low-uptake,,
U043,"changing ""for"" to ""to""",user,2,low-uptake,Reformulate,Active
U043,What is correct usage of infinitive?,assistant,2,low-uptake,,
U043,"change ""for"" to ""to""",user,2,low-uptake,Reformulate,Active
U043,Okay. I will change 'for' to 'to' here.,assistant,2,low-uptake,,
U043,"Good job! Peer acknowledged your feedback!
Let's move to the next error!",system,2,low-uptake,,
U043,What's wrong here?,assistant,2,low-uptake,,
U008,because form of active voice is be-verb + verb-ing.,user,2,low-uptake,Exemplification,Constructive
U008,What does it mean to be-verb + verb-ing?,assistant,2,low-uptake,,
U023,this is a reason -> these are reasons,user,1,low-uptake,Reformulate,Active
U023,Why is it these are reasons?,assistant,1,low-uptake,,
U008,"Examples are ""they are flying""",user,2,low-uptake,Exemplification,Constructive
U008,Okay. I will change 'am feeling' to 'am felt' here.,assistant,2,low-uptake,,
U008,"Good job! Peer acknowledged your feedback!
Let's move to the next error!",system,2,low-uptake,,
U008,Can you give me feedback on this part?,assistant,2,low-uptake,,
U023,because you have 2 reasons to support your idea,user,1,low-uptake,Amplification,Constructive
U023,What do you mean by two reasons?,assistant,1,low-uptake,,
U008,when alone' is maybe worng.,user,2,low-uptake,Reformulate,Active
U008,Why 'when alone' is maybe wrong?,assistant,2,low-uptake,,
U008,"Oh, sorry. It's not wrong.",user,2,low-uptake,Accept,Passive
U008,What does it mean to increase a feeling of scared?,assistant,2,low-uptake,,
U008,"feeling do not have addition, so that is not right.",user,2,low-uptake,Reject,Active
U008,What does it mean to have addition in feeling?,assistant,2,low-uptake,,
U023,Oh I misunderstand. but actually if you consider about cohesion and unity. you have to erase your sentence,user,1,low-uptake,Reject,Active
U023,What do you mean by cohesion and unity?,assistant,1,low-uptake,,
U008,"No, that don't have addition.",user,2,low-uptake,Reject,Active
U008,Okay. I will change 'a feeling of scared' here.,assistant,2,low-uptake,,
U008,"Good job! Peer acknowledged your feedback!
Let's move to the next error!",system,2,low-uptake,,
U023,"cohesion means that your sentences are linked smoothly and unity means your reasons all support your main idea. However actually you wrote your reasons below the begging paragraph, so you don't have to emphasize that ""make our life fun"" is one of your reasons in the beginning paragraph",user,1,low-uptake,Amplification,Constructive
U023,"Okay, I will erase that sentence.",assistant,1,low-uptake,,
U023,"Good job! Peer acknowledged your feedback!
Let's move to the next error!",system,1,low-uptake,,
U023,How do I fix this?,assistant,1,low-uptake,,
U026,How do I fix this?,assistant,2,mixed-uptake,,
U023,exploring hobbies lead to a new joy which enrich your leisure,user,1,low-uptake,Reformulate,Active
U023,What do you mean by enrich your leisure?,assistant,1,low-uptake,,
U023,"your sentence should have an exact subject and verb. So you have to write ""which make your leisure enriching""",user,1,low-uptake,Amplification,Constructive
U023,How is that different from my original sentence?,assistant,1,low-uptake,,
U023,"you don't have verb ""make""",user,1,low-uptake,Reject,Active
U023,What does it mean to have a verb?,assistant,1,low-uptake,,
U023,"you have a ""which"" clause so you have to have an exact verb which make clause appropriate",user,1,low-uptake,Amplification,Constructive
U023,Okay. I will change it to make it correct.,assistant,1,low-uptake,,
U023,"Good job! Peer acknowledged your feedback!
Let's move to the next error!",system,1,low-uptake,,
U023,Can you give me feedback on this part?,assistant,1,low-uptake,,
U049,How can I improve here?,assistant,1,high-uptake,,
U049,the level of understanding are -> the level of understanding is,user,1,high-uptake,Reformulate,Active
U049,I will change 'are' to 'is' here.,assistant,1,high-uptake,,
U049,"Good job! Peer acknowledged your feedback!
Let's move to the next error!",system,1,high-uptake,,
U049,What's wrong here?,assistant,1,high-uptake,,
U023,"-activities, actually indoor activities -- you have to insert a comma "",""",user,1,low-uptake,Reformulate,Active
U023,Why do I need to insert a comma?,assistant,1,low-uptake,,
U049,other school -> other schools,user,1,high-uptake,Reformulate,Active
U049,Okay. I will change 'other school' to 'other schools' here.,assistant,1,high-uptake,,
U049,"Good job! Peer acknowledged your feedback!
Let's move to the next error!",system,1,high-uptake,,
U049,What's wrong here?,assistant,1,high-uptake,,
U023,"If you join two simple sentences(clauses) without a connecting word, you have to insert comma between them",user,1,low-uptake,Amplification,Constructive
U023,What does it mean to insert a comma between clauses?,assistant,1,low-uptake,,
U023,No. just consider about linking two simple sentences,user,1,low-uptake,Reject,Active
U023,What does consider about linking mean?,assistant,1,low-uptake,,
U023,just think about the situation that you link 2 sentences,user,1,low-uptake,Amplification,Constructive
U023,I will link the sentences by inserting a comma.,assistant,1,low-uptake,,
U023,"Good job! Peer acknowledged your feedback!
Let's move to the next error!",system,1,low-uptake,,
U023,How can I improve here?,assistant,1,low-uptake,,
U049,"... fully engage in learnign are diminished, leading to take... -> ... fully engage in learning are diminished and it leads to take...",user,1,high-uptake,Reformulate,Active
U049,Okay. I will change 'are' to 'is' and add 'and it' here.,assistant,1,high-uptake,,
U049,"Good job! Peer acknowledged your feedback!
Let's move to the next error!",system,1,high-uptake,,
U049,What's wrong here?,assistant,1,high-uptake,,
U049,We can fix your full sentence like this: Online learning was the popular trend over the past 5 years.,user,1,high-uptake,Reformulate,Active
U049,I will change 'was popular trend' to 'was the popular trend'.,assistant,1,high-uptake,,
U049,"Good job! Peer acknowledged your feedback!
Let's move to the next error!",system,1,high-uptake,,
U049,How do I fix this?,assistant,1,high-uptake,,
U023,I think you have to add some specific reason why meeting friends make our leisure joyful,user,1,low-uptake,Amplification,Constructive
U023,What specific reason do I need to add?,assistant,1,low-uptake,,
U023,you have to add your own experience when you met various friends during your club activity,user,1,low-uptake,Exemplification,Constructive
U023,What kind of experience should I add?,assistant,1,low-uptake,,
U026,you doesn't give a clear closing,user,2,mixed-uptake,Reject,Active
U026,Should I say smartphones negatively impacts interactions?,assistant,2,mixed-uptake,,
U026,"Oh no, peer made a mistake while applying your feedback.
Please give a more detailed feedback",system,2,mixed-uptake,,
U049,"However, now a new idea about.. -> However, some new idea about education method has emerged;...",user,1,high-uptake,Reformulate,Active
U049,What does education method mean?,assistant,1,high-uptake,,
U026,you need to add a conclusing sentencs which brify restate your arguement,user,2,mixed-uptake,Reformulate,Active
U026,So I guess I should say smartphones negatively impact human interactions?,assistant,2,mixed-uptake,,
U026,"Oh no, peer made a mistake while applying your feedback.
Please give a more detailed feedback",system,2,mixed-uptake,,
U023,"For example, when I played a basketball yesterday, I played with chinese students. I got new friends and I could play a basketball more fun.",user,1,low-uptake,Exemplification,Constructive
U023,Why it should be more various friends?,assistant,1,low-uptake,,
U049,"It means the type of education just like ""online"" or ""Offline""....",user,1,high-uptake,Exemplification,Constructive
U049,What does flexibility mean?,assistant,1,high-uptake,,
U023,Because you can't specify the situation you meet new people during club activity,user,1,low-uptake,Amplification,Constructive
U023,I will specify my experience with friends at club activities.,assistant,1,low-uptake,,
U023,"Good job! Peer acknowledged your feedback!
Let's move to the next error!",system,1,low-uptake,,
U026,you need to write enclose of whole paragraph,user,2,mixed-uptake,Reformulate,Active
U026,your conclusion doesn't reflect your essay,user,2,mixed-uptake,Reject,Active
U026,What does it mean that my conclusion doesn't reflect my essay?,assistant,2,mixed-uptake,,
U049,"Flexibility means ""the degree to change someting's difficulties according for the situation",user,1,high-uptake,Amplification,Constructive
U049,What does it mean 'due to the flexibility it offer'?,assistant,1,high-uptake,,
U026,rewrite the part of 'i suggest ',user,2,mixed-uptake,Reformulate,Active
U026,I will rewrite the part of 'I suggest' to make it clearer.,assistant,2,mixed-uptake,,
U026,"Good job! Peer acknowledged your feedback!
Let's move to the next error!",system,2,mixed-uptake,,
U026,Can you give me feedback on this part?,assistant,2,mixed-uptake,,
U026,not is but are,user,2,mixed-uptake,Reformulate,Active
U026,Okay. I will change 'is' to 'are' here.,assistant,2,mixed-uptake,,
U026,"Good job! Peer acknowledged your feedback!
Let's move to the next error!",system,2,mixed-uptake,,
U026,What's wrong here?,assistant,2,mixed-uptake,,
U026,not feels but feel,user,2,mixed-uptake,Reformulate,Active
U026,Why feels should be feel?,assistant,2,mixed-uptake,,
U026,we' are plural,user,2,mixed-uptake,Reject,Active
U026,So it should be we feel more tired?,assistant,2,mixed-uptake,,
U026,"Oh no, peer made a mistake while applying your feedback.
Please give a more detailed feedback",system,2,mixed-uptake,,
U026,yea,user,2,mixed-uptake,Accept,Passive
U026,What does decreased communication mean?,assistant,2,mixed-uptake,,
U026,feel is right,user,2,mixed-uptake,Reformulate,Active
U026,Okay. I will change 'feels' to 'feel' here.,assistant,2,mixed-uptake,,
U026,"Good job! Peer acknowledged your feedback!
Let's move to the next error!",system,2,mixed-uptake,,
U026,How do I fix this?,assistant,2,mixed-uptake,,
U049,This means that the new reasons new educational methods have emerged is because of the possibility of changing the learning method according for each student's situation,user,1,high-uptake,Amplification,Constructive
U049,Okay. I will change 'a new idea about education has emerged; hybrid learning due to the flexibility it offer' to 'some new ideas about education methods have emerged; hybrid learning [due to the flexibility it offers]'.,assistant,1,high-uptake,,
U049,"Good job! Peer acknowledged your feedback!
Let's move to the next error!",system,1,high-uptake,,
U049,What's wrong here?,assistant,1,high-uptake,,
U049,this -> that,user,1,high-uptake,Reformulate,Active
U049,Okay. I will change 'this' to 'that' here.,assistant,1,high-uptake,,
U049,"Good job! Peer acknowledged your feedback!
Let's move to the next error!",system,1,high-uptake,,
U049,What's wrong here?,assistant,1,high-uptake,,
U026,not cause but causes,user,2,mixed-uptake,Reformulate,Active
U026,So it should be it causes some issues?,assistant,2,mixed-uptake,,
U026,"Oh no, peer made a mistake while applying your feedback.
Please give a more detailed feedback",system,2,mixed-uptake,,
U026,yes,user,2,mixed-uptake,Accept,Passive
U026,So it should be it cause some issues?,assistant,2,mixed-uptake,,
U026,"Oh no, peer made a mistake while applying your feedback.
Please give a more detailed feedback",system,2,mixed-uptake,,
U026,no,user,2,mixed-uptake,Reject,Active
U026,So it should be it cause some issues?,assistant,2,mixed-uptake,,
U026,"Oh no, peer made a mistake while applying your feedback.
Please give a more detailed feedback",system,2,mixed-uptake,,
U026,causes,user,2,mixed-uptake,Reformulate,Active
U026,Okay. I will change 'cause' to 'causes' here.,assistant,2,mixed-uptake,,
U026,"Good job! Peer acknowledged your feedback!
Let's move to the next error!",system,2,mixed-uptake,,
U026,Can you give me feedback on this part?,assistant,2,mixed-uptake,,
U026,not it's but they're,user,2,mixed-uptake,Reformulate,Active
U026,Why should I use they're instead of it's?,assistant,2,mixed-uptake,,
U026,the preceding world is plural,user,2,mixed-uptake,Amplification,Constructive
U026,Okay. I will change 'it's' to 'they're' here.,assistant,2,mixed-uptake,,
U026,"Good job! Peer acknowledged your feedback!
Let's move to the next error!",system,2,mixed-uptake,,
U026,Can you give me feedback on this part?,assistant,2,mixed-uptake,,
U026,not at nowdays but nowadays,user,2,mixed-uptake,Reformulate,Active
U026,Okay. I will change 'at nowdays' to 'nowadays' here.,assistant,2,mixed-uptake,,
U026,"Good job! Peer acknowledged your feedback!
Let's move to the next error!",system,2,mixed-uptake,,
U049,the number of -> a number of,user,1,high-uptake,Reformulate,Active
U049,Okay. I will change 'the number of' to 'a number of' here.,assistant,1,high-uptake,,
U049,"Good job! Peer acknowledged your feedback!
Let's move to the next error!",system,1,high-uptake,,
U049,What's wrong here?,assistant,1,high-uptake,,
U049,several reason -> some several reasons,user,1,high-uptake,Reformulate,Active
U049,What does several reasons mean?,assistant,1,high-uptake,,
U049,They mean the some reasons that I mentioned,user,1,high-uptake,Amplification,Constructive
U049,Okay. I will change 'reason' to 'reasons' here.,assistant,1,high-uptake,,
U049,"Good job! Peer acknowledged your feedback!
Let's move to the next error!",system,1,high-uptake,,
U049,How can I improve here?,assistant,1,high-uptake,,
U023,How can I improve here?,assistant,2,low-uptake,,
U053,How can I improve here?,assistant,2,mixed-uptake,,
U053,create -> creates,user,2,mixed-uptake,Reformulate,Active
U053,Okay. I will change 'create' to 'creates' here.,assistant,2,mixed-uptake,,
U053,"Good job! Peer acknowledged your feedback!
Let's move to the next error!",system,2,mixed-uptake,,
U053,How can I improve here?,assistant,2,mixed-uptake,,
U049,Can you give me feedback on this part?,assistant,2,high-uptake,,
U023,"you have to erase ""my own experience"" and insert ""at"" between neighborhood and park",user,2,low-uptake,Reformulate,Active
U023,Why should I erase 'my own experience'?,assistant,2,low-uptake,,
U053,made -> makes,user,2,mixed-uptake,Reformulate,Active
U053,Why made becomes makes?,assistant,2,mixed-uptake,,
U049,have -> has because the subjuect Overeating is singular,user,2,high-uptake,Amplification,Constructive
U049,What do you mean by singular subject?,assistant,2,high-uptake,,
U023,"because you start the sentence ""I"". It refers the sentence is your experience. you don't have to write it twice.",user,2,low-uptake,Amplification,Constructive
U023,Why can’t I say 'my own experience'?,assistant,2,low-uptake,,
U053,"front part is present form, as i think back part should be present form.",user,2,mixed-uptake,Amplification,Constructive
U053,What does present form mean?,assistant,2,mixed-uptake,,
U023,you don't have to emphasize same things twice,user,2,low-uptake,Amplification,Constructive
U023,What does it mean to emphasize same things twice?,assistant,2,low-uptake,,
U049,It means number of the subject indicating is just one,user,2,high-uptake,Amplification,Constructive
U049,What does singular subject mean?,assistant,2,high-uptake,,
U023,"my own experience is equal to the sentence ""I--""",user,2,low-uptake,Exemplification,Constructive
U049,It means number of the subject indicating is just one,user,2,high-uptake,Amplification,Constructive
U049,I don't get it,assistant,2,high-uptake,,
U049,"Good job! Peer acknowledged your feedback!
Let's move to the next error!",system,2,high-uptake,,
U049,What's wrong here?,assistant,2,high-uptake,,
U023,Okay. I will remove 'my own experience' and change 'neighborhood park' to 'neighborhood [at] park' here.,assistant,2,low-uptake,,
U023,"Good job! Peer acknowledged your feedback!
Let's move to the next error!",system,2,low-uptake,,
U023,How can I improve here?,assistant,2,low-uptake,,
U053,can -> could,user,2,mixed-uptake,Reformulate,Active
U053,I think it should be we could claim smartphone makes our modern culture.,assistant,2,mixed-uptake,,
U053,"Oh no, peer made a mistake while applying your feedback.
Please give a more detailed feedback",system,2,mixed-uptake,,
U053,ok,user,2,mixed-uptake,Accept,Passive
U026,How do I fix this?,assistant,3,mixed-uptake,,
U053,I will change 'made' to 'makes' here.,assistant,2,mixed-uptake,,
U053,"Good job! Peer acknowledged your feedback!
Let's move to the next error!",system,2,mixed-uptake,,
U053,How do I fix this?,assistant,2,mixed-uptake,,
U013,How can I improve here?,assistant,2,high-uptake,,
U023,provide -> provides,user,2,low-uptake,Reformulate,Active
U023,Why does provide change to provides?,assistant,2,low-uptake,,
U026,not becomes but become,user,3,mixed-uptake,Reformulate,Active
U049,it -> they,user,2,high-uptake,Reformulate,Active
U049,Okay. I will change 'meal' to 'meals' here.,assistant,2,high-uptake,,
U049,"Good job! Peer acknowledged your feedback!
Let's move to the next error!",system,2,high-uptake,,
U049,Can you give me feedback on this part?,assistant,2,high-uptake,,
U026,I think it should be we become to tired.,assistant,3,mixed-uptake,,
U026,"Oh no, peer made a mistake while applying your feedback.
Please give a more detailed feedback",system,3,mixed-uptake,,
U026,become,user,3,mixed-uptake,Reformulate,Active
U026,Why is it become and not becomes?,assistant,3,mixed-uptake,,
U053,cannot -> have no,user,2,mixed-uptake,Reformulate,Active
U053,I think it should be we have no access any information.,assistant,2,mixed-uptake,,
U053,"Oh no, peer made a mistake while applying your feedback.
Please give a more detailed feedback",system,2,mixed-uptake,,
U026,we' is plural,user,3,mixed-uptake,Amplification,Constructive
U026,What does plural mean?,assistant,3,mixed-uptake,,
U023,walking is a singular noun,user,2,low-uptake,Amplification,Constructive
U023,What does it mean that walking is a singular noun?,assistant,2,low-uptake,,
U053,ok,user,2,mixed-uptake,Accept,Passive
U053,What does resources from internet mean?,assistant,2,mixed-uptake,,
U026,many people,user,3,mixed-uptake,Amplification,Constructive
U026,I will change 'becomes' to 'become' here.,assistant,3,mixed-uptake,,
U026,"Good job! Peer acknowledged your feedback!
Let's move to the next error!",system,3,mixed-uptake,,
U026,How can I improve here?,assistant,3,mixed-uptake,,
U039,What's wrong here?,assistant,2,low-uptake,,
U007,How do I fix this?,assistant,2,high-uptake,,
U013,Grammar mistake. You should rewrite the sentence to ' ~everyone will be starting to ~',user,2,high-uptake,Reformulate,Active
U013,Why should I use 'be starting'?,assistant,2,high-uptake,,
U054,How can I improve here?,assistant,2,low-uptake,,
U053,information by searching on internet,user,2,mixed-uptake,Amplification,Constructive
U053,What does information by searching on internet mean?,assistant,2,mixed-uptake,,
U023,"""walking"" is a singular noun. So when you use ""walking"" as a subject, you have to write ""provides""(verb + (e)s))",user,2,low-uptake,Amplification,Constructive
U026,not improve but improves,user,3,mixed-uptake,Reformulate,Active
U023,What does it mean that walking is a singular noun?,assistant,2,low-uptake,,
U026,Why is it improves and not improve?,assistant,3,mixed-uptake,,
U026,it' is singular,user,3,mixed-uptake,Amplification,Constructive
U026,What does singular mean?,assistant,3,mixed-uptake,,
U049,"way, when we meals are consumed frequently, ~-> Look it this way. When meals are consumed frequently, ~",user,2,high-uptake,Reformulate,Active
U026,not plural,user,3,mixed-uptake,Amplification,Constructive
U049,Okay. I will change 'Look it this way' to 'Look at it this way'.,assistant,2,high-uptake,,
U026,Okay. I will change 'improve' to 'improves' here.,assistant,3,mixed-uptake,,
U026,"Good job! Peer acknowledged your feedback!
Let's move to the next error!",system,3,mixed-uptake,,
U049,"Good job! Peer acknowledged your feedback!
Let's move to the next error!",system,2,high-uptake,,
U026,How can I improve here?,assistant,3,mixed-uptake,,
U049,How can I improve here?,assistant,2,high-uptake,,
U023,not plural,user,2,low-uptake,Amplification,Constructive
U023,Okay. I will change 'provide' to 'provides' here.,assistant,2,low-uptake,,
U023,"Good job! Peer acknowledged your feedback!
Let's move to the next error!",system,2,low-uptake,,
U023,How do I fix this?,assistant,2,low-uptake,,
U053,discovered information on internet,user,2,mixed-uptake,Reformulate,Active
U053,I will change 'resources from internet' to 'resources from [the] internet' here.,assistant,2,mixed-uptake,,
U053,"Good job! Peer acknowledged your feedback!
Let's move to the next error!",system,2,mixed-uptake,,
U053,Can you give me feedback on this part?,assistant,2,mixed-uptake,,
U014,Can you give me feedback on this part?,assistant,2,high-uptake,,
U013,That's the right grammar.,user,2,high-uptake,Accept,Passive
U013,Okay. I will change it to 'everyone will [be] starting to plan for family gatherings.',assistant,2,high-uptake,,
U013,"Good job! Peer acknowledged your feedback!
Let's move to the next error!",system,2,high-uptake,,
U013,What's wrong here?,assistant,2,high-uptake,,
U049,"Thus, in my opinion to cook meals- > Thus, in my opinion, to cook meals ~",user,2,high-uptake,Reformulate,Active
U049,I will add a comma after 'opinion' here.,assistant,2,high-uptake,,
U049,"Good job! Peer acknowledged your feedback!
Let's move to the next error!",system,2,high-uptake,,
U049,How do I fix this?,assistant,2,high-uptake,,
U026,you don't need to use comma after 'exercise',user,3,mixed-uptake,Reformulate,Active
U032,What's wrong here?,assistant,1,high-uptake,,
U032,Can you give me feedback on this part?,assistant,2,high-uptake,,
U023,notice -> can notice,user,2,low-uptake,Reformulate,Active
U023,Why do I need to change 'notice' to 'can notice'?,assistant,2,low-uptake,,
U026,Okay. I will remove the comma after 'exercise' here.,assistant,3,mixed-uptake,,
U026,"Good job! Peer acknowledged your feedback!
Let's move to the next error!",system,3,mixed-uptake,,
U007,"idea is too genaral, specific example like taking a pic together",user,2,high-uptake,Exemplification,Constructive
U007,Okay. I will be more specific and say 'family and friends [take pictures] together using the phone.',assistant,2,high-uptake,,
U007,"Good job! Peer acknowledged your feedback!
Let's move to the next error!",system,2,high-uptake,,
U007,What's wrong here?,assistant,2,high-uptake,,
U003,How do I fix this?,assistant,2,mixed-uptake,,
U054,I think 'expect' delete,user,2,low-uptake,Reformulate,Active
U054,Why should I delete 'expect'?,assistant,2,low-uptake,,
U053,the smartphone -> usefulness of smartphone,user,2,mixed-uptake,Reformulate,Active
U053,So it should be usefulness of smartphone can manage our life effectively?,assistant,2,mixed-uptake,,
U053,"Oh no, peer made a mistake while applying your feedback.
Please give a more detailed feedback",system,2,mixed-uptake,,
U054,It is unnecessary,user,2,low-uptake,Reject,Active
U054,What does it mean to be unnecessary?,assistant,2,low-uptake,,
U053,ok,user,2,mixed-uptake,Accept,Passive
U053,So it should be usefulness of smartphone can manages our life effectively?,assistant,2,mixed-uptake,,
U053,"Oh no, peer made a mistake while applying your feedback.
Please give a more detailed feedback",system,2,mixed-uptake,,
U054,one sentence has only one verb but this sentence has two verb,user,2,low-uptake,Reject,Active
U054,What does it mean to have only one verb?,assistant,2,low-uptake,,
U023,"you have to emphasize the positive effect of ""walking"". So you have to write ""can"" to emphasize a possibility",user,2,low-uptake,Amplification,Constructive
U054,It is rule,user,2,low-uptake,Amplification,Constructive
U023,What does it mean to emphasize a possibility?,assistant,2,low-uptake,,
U054,I will delete 'expect' in this sentence.,assistant,2,low-uptake,,
U054,"Good job! Peer acknowledged your feedback!
Let's move to the next error!",system,2,low-uptake,,
U054,What's wrong here?,assistant,2,low-uptake,,
U007,divide sentense or using and/so/because,user,2,high-uptake,Reformulate,Active
U054,have -> has,user,2,low-uptake,Reformulate,Active
U054,Why do I change 'have' to 'has'?,assistant,2,low-uptake,,
U007,"I will divide the sentence and add 'if students have a question, they can search on the internet.'",assistant,2,high-uptake,,
U007,"Good job! Peer acknowledged your feedback!
Let's move to the next error!",system,2,high-uptake,,
U007,What's wrong here?,assistant,2,high-uptake,,
U053,ok,user,2,mixed-uptake,Accept,Passive
U023,The chance that you can get from walking,user,2,low-uptake,Amplification,Constructive
U049,but now many prefer fast foods and restaurant meals. This shift involved negative outcomes. -> but now many prefer fast foods and restaurant meals. This shift involves negative outcomes.,user,2,high-uptake,Reformulate,Active
U053,What does manage our life effectively mean?,assistant,2,mixed-uptake,,
U023,What does it mean that I have a chance from walking?,assistant,2,low-uptake,,
U049,Why does it change from involved to involves?,assistant,2,high-uptake,,
U014,"i think improve should be changed to ""improves""",user,2,high-uptake,Reformulate,Active
U014,Why improves?,assistant,2,high-uptake,,
U013,Quality time is a bit awkward to read. Change it to 'spend higher quality in time'.,user,2,high-uptake,Amplification,Constructive
U013,Okay. I will change 'spend quality time' to 'spend higher quality in time'.,assistant,2,high-uptake,,
U013,"Good job! Peer acknowledged your feedback!
Let's move to the next error!",system,2,high-uptake,,
U013,Can you give me feedback on this part?,assistant,2,high-uptake,,
U054,some food is the singular,user,2,low-uptake,Amplification,Constructive
U054,What does singular mean?,assistant,2,low-uptake,,
U053,effectively manage,user,2,mixed-uptake,Reformulate,Active
U054,only one,user,2,low-uptake,Reformulate,Active
U054,What is content in this sentence?,assistant,2,low-uptake,,
U053,Okay. I will change 'manage' to 'effectively manage' here.,assistant,2,mixed-uptake,,
U053,"Good job! Peer acknowledged your feedback!
Let's move to the next error!",system,2,mixed-uptake,,
U053,What's wrong here?,assistant,2,mixed-uptake,,
U023,"you can see tree, sky, and sounds",user,2,low-uptake,Exemplification,Constructive
U023,Okay. I will change 'notice' to 'can notice' here.,assistant,2,low-uptake,,
U023,"Good job! Peer acknowledged your feedback!
Let's move to the next error!",system,2,low-uptake,,
U023,How do I fix this?,assistant,2,low-uptake,,
U054,I don;t know,user,2,low-uptake,Others,Others
U054,Okay. I will change 'have' to 'has' here.,assistant,2,low-uptake,,
U054,"Good job! Peer acknowledged your feedback!
Let's move to the next error!",system,2,low-uptake,,
U054,What's wrong here?,assistant,2,low-uptake,,
U014,"because ""technology"" is 3rd person singular noun",user,2,high-uptake,Amplification,Constructive
U014,Okay. I will change 'improve' to 'improves' here.,assistant,2,high-uptake,,
U014,"Good job! Peer acknowledged your feedback!
Let's move to the next error!",system,2,high-uptake,,
U014,How can I improve here?,assistant,2,high-uptake,,
U023,make -> makes,user,2,low-uptake,Reformulate,Active
U003,"you should write ""which"" instead of ""when""",user,2,mixed-uptake,Reformulate,Active
U023,Why do I need to change 'make' to 'makes'?,assistant,2,low-uptake,,
U003,I will change 'when' to 'which' here.,assistant,2,mixed-uptake,,
U003,"Good job! Peer acknowledged your feedback!
Let's move to the next error!",system,2,mixed-uptake,,
U003,Can you give me feedback on this part?,assistant,2,mixed-uptake,,
U049,"It is because the verb tense that used previously is ""prefer"" and it is present tense",user,2,high-uptake,Amplification,Constructive
U049,Okay. I will change 'involved' to 'involves' here.,assistant,2,high-uptake,,
U049,"Good job! Peer acknowledged your feedback!
Let's move to the next error!",system,2,high-uptake,,
U049,How can I improve here?,assistant,2,high-uptake,,
U007,"some person? let's use some people, and uses changing to use",user,2,high-uptake,Reformulate,Active
U007,Okay. I will change 'some person uses' to 'some people use'.,assistant,2,high-uptake,,
U007,"Good job! Peer acknowledged your feedback!
Let's move to the next error!",system,2,high-uptake,,
U007,What's wrong here?,assistant,2,high-uptake,,
U023,"I said before!! ""walking"" is a singular noun",user,2,low-uptake,Amplification,Constructive
U023,What does it mean to be a singular noun?,assistant,2,low-uptake,,
U054,This is unnecessary,user,2,low-uptake,Reject,Active
U054,Why is this unnecessary?,assistant,2,low-uptake,,
U023,A singular noun is a word that refers to one person or thing,user,2,low-uptake,Amplification,Constructive
U023,What does it mean to be a singular noun?,assistant,2,low-uptake,,
U049,are better choice ->  are a better choice,user,2,high-uptake,Reformulate,Active
U049,I will add 'a' here.,assistant,2,high-uptake,,
U049,"Good job! Peer acknowledged your feedback!
Let's move to the next error!",system,2,high-uptake,,
U049,What's wrong here?,assistant,2,high-uptake,,
U054,It is just statement,user,2,low-uptake,Amplification,Constructive
U054,What does just statement mean?,assistant,2,low-uptake,,
U054,miss main idea,user,2,low-uptake,Amplification,Constructive
U054,What is main idea?,assistant,2,low-uptake,,
U054,fast food,user,2,low-uptake,Exemplification,Constructive
U023,"one person or thing, in this case, just one activity ""walking""!!",user,2,low-uptake,Exemplification,Constructive
U054,Okay. I will change 'three fast foods that are best' to 'three best fast foods' here.,assistant,2,low-uptake,,
U054,"Good job! Peer acknowledged your feedback!
Let's move to the next error!",system,2,low-uptake,,
U054,How do I fix this?,assistant,2,low-uptake,,
U023,Okay. I will change 'make' to 'makes' here.,assistant,2,low-uptake,,
U023,"Good job! Peer acknowledged your feedback!
Let's move to the next error!",system,2,low-uptake,,
U023,How can I improve here?,assistant,2,low-uptake,,
U007,"it isnt have main clause. so using when, because",user,2,high-uptake,Amplification,Constructive
U007,I will change the sentence to include a main clause.,assistant,2,high-uptake,,
U007,"Good job! Peer acknowledged your feedback!
Let's move to the next error!",system,2,high-uptake,,
U007,How can I improve here?,assistant,2,high-uptake,,
U013,"First, you should use 'a' instead of 'an' in front of celebration. Next, you should change 'much times' to 'too much time' because it's more natural and time is uncountable word.",user,2,high-uptake,Amplification,Constructive
U023,increase -> increases,user,2,low-uptake,Reformulate,Active
U013,It should be a celebration and took too much time?,assistant,2,high-uptake,,
U013,"Oh no, peer made a mistake while applying your feedback.
Please give a more detailed feedback",system,2,high-uptake,,
U003,Only one hour for taking rest is too short to recharge energy,user,2,mixed-uptake,Reformulate,Active
U023,Why do I need to change 'increase' to 'increases'?,assistant,2,low-uptake,,
U049,choose fast food -> choose the fast food,user,2,high-uptake,Reformulate,Active
U003,What does too short mean?,assistant,2,mixed-uptake,,
U049,What does 'the fast food' mean?,assistant,2,high-uptake,,
U014,I think informed should be changed to inform,user,2,high-uptake,Reformulate,Active
U013,yes,user,2,high-uptake,Accept,Passive
U014,Okay. I will change 'informed' to 'inform' here.,assistant,2,high-uptake,,
U014,"Good job! Peer acknowledged your feedback!
Let's move to the next error!",system,2,high-uptake,,
U014,Can you give me feedback on this part?,assistant,2,high-uptake,,
U013,What does uncountable word mean?,assistant,2,high-uptake,,
U054,This is not conclusion,user,2,low-uptake,Reject,Active
U054,What is conclusion?,assistant,2,low-uptake,,
U053,need -> takes,user,2,mixed-uptake,Reformulate,Active
U053,Okay. I will change 'need' to 'takes' here.,assistant,2,mixed-uptake,,
U053,"Good job! Peer acknowledged your feedback!
Let's move to the next error!",system,2,mixed-uptake,,
U053,How can I improve here?,assistant,2,mixed-uptake,,
U007,it help?? noooo it helps right?,user,2,high-uptake,Reformulate,Active
U007,Okay. I will change 'help' to 'helps' here.,assistant,2,high-uptake,,
U007,"Good job! Peer acknowledged your feedback!
Let's move to the next error!",system,2,high-uptake,,
U007,What's wrong here?,assistant,2,high-uptake,,
U023,"Sitting is just an one activity. It means ""sitting"" is a singular noun",user,2,low-uptake,Amplification,Constructive
U003,your highlated sentence should be Only one hour for taking rest is too short to recharge energy,user,2,mixed-uptake,Reformulate,Active
U023,What does it mean to be a singular noun?,assistant,2,low-uptake,,
U003,What does it mean to take rest?,assistant,2,mixed-uptake,,
U054,Three best fast food,user,2,low-uptake,Reject,Active
U054,What does miss main idea mean?,assistant,2,low-uptake,,
U049,Fast food that I mentioned at the previous paragraph.,user,2,high-uptake,Connection,Constructive
U023,A singular noun is a word that refers to one person or thing,user,2,low-uptake,Amplification,Constructive
U049,What does nutritious value mean?,assistant,2,high-uptake,,
U023,What is a singular noun again?,assistant,2,low-uptake,,
U013,It's not countable as it says. You can't really count time.,user,2,high-uptake,Amplification,Constructive
U013,Okay. I will change 'an celebration' to 'a celebration' and 'much times' to 'too much time'.,assistant,2,high-uptake,,
U013,"Good job! Peer acknowledged your feedback!
Let's move to the next error!",system,2,high-uptake,,
U013,Can you give me feedback on this part?,assistant,2,high-uptake,,
U054,Not conclusion,user,2,low-uptake,Reject,Active
U054,What is conclusion?,assistant,2,low-uptake,,
U003,what do you want,user,2,mixed-uptake,Metacognitive,Constructive
U003,What does taking rest mean?,assistant,2,mixed-uptake,,
U054,Three best fast food,user,2,low-uptake,Amplification,Constructive
U054,Okay. I will change 'be careful to choose healthy fast food' to 'choose healthy fast food carefully' here.,assistant,2,low-uptake,,
U054,"Good job! Peer acknowledged your feedback!
Let's move to the next error!",system,2,low-uptake,,
U054,What's wrong here?,assistant,2,low-uptake,,
U007,"eassy, capitalization error, so, first word always big",user,2,high-uptake,Amplification,Constructive
U007,I will change the first word to capital letter.,assistant,2,high-uptake,,
U007,"Good job! Peer acknowledged your feedback!
Let's move to the next error!",system,2,high-uptake,,
U007,How do I fix this?,assistant,2,high-uptake,,
U003,you shoud insert that sentence to the essay,user,2,mixed-uptake,Reformulate,Active
U003,Okay. I will insert that sentence to the essay.,assistant,2,mixed-uptake,,
U003,"Good job! Peer acknowledged your feedback!
Let's move to the next error!",system,2,mixed-uptake,,
U003,What's wrong here?,assistant,2,mixed-uptake,,
U053,yet -> still,user,2,mixed-uptake,Reformulate,Active
U053,So it should be still smartphone also provide solutions too?,assistant,2,mixed-uptake,,
U053,"Oh no, peer made a mistake while applying your feedback.
Please give a more detailed feedback",system,2,mixed-uptake,,
U003,where,user,2,mixed-uptake,Others,Others
U003,What does where mean?,assistant,2,mixed-uptake,,
U023,"one person or thing. In this case, just one activity ""sitting"" similar to ""walking""",user,2,low-uptake,Reformulate,Active
U023,Okay. I will change 'increase' to 'increases' here.,assistant,2,low-uptake,,
U023,"Good job! Peer acknowledged your feedback!
Let's move to the next error!",system,2,low-uptake,,
U003,where mean which place,user,2,mixed-uptake,Others,Others
U003,I think I should use where like mean which place.,assistant,2,mixed-uptake,,
U003,"Oh no, peer made a mistake while applying your feedback.
Please give a more detailed feedback",system,2,mixed-uptake,,
U003,maybe,user,2,mixed-uptake,Reject,Active
U003,What does maybe mean?,assistant,2,mixed-uptake,,
U053,no,user,2,mixed-uptake,Reject,Active
U053,What does that mean?,assistant,2,mixed-uptake,,
U049,It means the something's value about nutrition,user,2,high-uptake,Amplification,Constructive
U003,what does maybe mean,user,2,mixed-uptake,Reformulate,Active
U007,uses to talk about what? which object?,user,2,high-uptake,Metacognitive,Constructive
U003,"Okay, maybe means 'perhaps' or 'possibly'.",assistant,2,mixed-uptake,,
U003,"Good job! Peer acknowledged your feedback!
Let's move to the next error!",system,2,mixed-uptake,,
U003,How can I improve here?,assistant,2,mixed-uptake,,
U049,I will change 'the nutritious value of meals will be suffered' to 'the nutritious value of the meals will be suffered'.,assistant,2,high-uptake,,
U049,"Good job! Peer acknowledged your feedback!
Let's move to the next error!",system,2,high-uptake,,
U049,What's wrong here?,assistant,2,high-uptake,,
U007,What does that mean?,assistant,2,high-uptake,,
U003,where,user,2,mixed-uptake,Metacognitive,Constructive
U003,"Okay, I will use 'where' to mean 'which place'.",assistant,2,mixed-uptake,,
U003,"Good job! Peer acknowledged your feedback!
Let's move to the next error!",system,2,mixed-uptake,,
U003,Can you give me feedback on this part?,assistant,2,mixed-uptake,,
U054,It is just privacy so you delete this sentendce,user,2,low-uptake,Reject,Active
U014,I think change should be changed to changes,user,2,high-uptake,Reformulate,Active
U054,What does privacy mean?,assistant,2,low-uptake,,
U014,Okay. I will change 'change' to 'changes' here.,assistant,2,high-uptake,,
U014,"Good job! Peer acknowledged your feedback!
Let's move to the next error!",system,2,high-uptake,,
U014,How can I improve here?,assistant,2,high-uptake,,
U053,remove too,user,2,mixed-uptake,Reformulate,Active
U003,which part,user,2,mixed-uptake,Metacognitive,Constructive
U003,What do you mean by which part?,assistant,2,mixed-uptake,,
U053,Why should I remove 'too'?,assistant,2,mixed-uptake,,
U054,It is your own,user,2,low-uptake,Amplification,Constructive
U054,What does it mean 'it is your own'?,assistant,2,low-uptake,,
U049,persons -> people,user,2,high-uptake,Reformulate,Active
U049,Okay. I will change 'persons' to 'people' here.,assistant,2,high-uptake,,
U049,"Good job! Peer acknowledged your feedback!
Let's move to the next error!",system,2,high-uptake,,
U049,Can you give me feedback on this part?,assistant,2,high-uptake,,
U054,only your experience,user,2,low-uptake,Amplification,Constructive
U054,What does only your experience mean?,assistant,2,low-uptake,,
U007,"so it needs to like smartphone,technology, research and so on..",user,2,high-uptake,Exemplification,Constructive
U007,Okay. I will change 'expert uses' to 'experts [use] smartphones to talk about effects of daily life.',assistant,2,high-uptake,,
U007,"Good job! Peer acknowledged your feedback!
Let's move to the next error!",system,2,high-uptake,,
U007,What's wrong here?,assistant,2,high-uptake,,
U053,remove also\,user,2,mixed-uptake,Reformulate,Active
U054,it;s as it should be,user,2,low-uptake,Amplification,Constructive
U053,Okay. I will remove 'also' here.,assistant,2,mixed-uptake,,
U053,"Good job! Peer acknowledged your feedback!
Let's move to the next error!",system,2,mixed-uptake,,
U053,How do I fix this?,assistant,2,mixed-uptake,,
U054,Okay. I will change 'I have a favorite food' to 'I had a favorite food' here.,assistant,2,low-uptake,,
U054,"Good job! Peer acknowledged your feedback!
Let's move to the next error!",system,2,low-uptake,,
U054,Can you give me feedback on this part?,assistant,2,low-uptake,,
U007,"you know, first word always big",user,2,high-uptake,Reformulate,Active
U007,Why first word needs to be big?,assistant,2,high-uptake,,
U013,"It's not really true that the electric lights reduced time for cooking, reading, working kind of things.",user,2,high-uptake,Reformulate,Active
U013,"What do you mean by reduced time for cooking, reading, working?",assistant,2,high-uptake,,
U007,capitalization,user,2,high-uptake,Amplification,Constructive
U007,I will change 'i' to 'I' at the start.,assistant,2,high-uptake,,
U007,"Good job! Peer acknowledged your feedback!
Let's move to the next error!",system,2,high-uptake,,
U007,What's wrong here?,assistant,2,high-uptake,,
U013,"It's not true that the electric lights reduced cooking, reading, working time",user,2,high-uptake,Reformulate,Active
U013,"I will change 'reduced' to 'not really true that electric lights saved time for cooking, reading, working'.",assistant,2,high-uptake,,
U013,"Good job! Peer acknowledged your feedback!
Let's move to the next error!",system,2,high-uptake,,
U013,How do I fix this?,assistant,2,high-uptake,,
U054,you use 'of' between aware and nutirtional,user,2,low-uptake,Reformulate,Active
U054,What does it mean to use 'of' here?,assistant,2,low-uptake,,
U054,use 'of',user,2,low-uptake,Reformulate,Active
U054,What does it mean to use 'of' here?,assistant,2,low-uptake,,
U054,it is word,user,2,low-uptake,Amplification,Constructive
U054,What does it mean to use 'of' here?,assistant,2,low-uptake,,
U054,it is just word,user,2,low-uptake,Amplification,Constructive
U054,Okay. I will change 'aware' to 'aware of' here.,assistant,2,low-uptake,,
U054,"Good job! Peer acknowledged your feedback!
Let's move to the next error!",system,2,low-uptake,,
U054,Can you give me feedback on this part?,assistant,2,low-uptake,,
U053,consider the situation -> what,user,2,mixed-uptake,Reformulate,Active
U053,What do you mean by what?,assistant,2,mixed-uptake,,
U007,"video call feature very good , where is verve",user,2,high-uptake,Reformulate,Active
U007,Okay. I will change 'video call feature very good' to 'video call feature is very good'.,assistant,2,high-uptake,,
U007,"Good job! Peer acknowledged your feedback!
Let's move to the next error!",system,2,high-uptake,,
U007,Can you give me feedback on this part?,assistant,2,high-uptake,,
U054,are -> is,user,2,low-uptake,Reformulate,Active
U054,Why is it 'is' here?,assistant,2,low-uptake,,
U054,it is grammer rule,user,2,low-uptake,Amplification,Constructive
U054,What does it mean to be grammer rule?,assistant,2,low-uptake,,
U054,just rule,user,2,low-uptake,Amplification,Constructive
U054,What does it mean to be just rule?,assistant,2,low-uptake,,
U053,and .->?,user,2,mixed-uptake,Reformulate,Active
U053,What does and .->? mean?,assistant,2,mixed-uptake,,
U007,smartphone is many?,user,2,high-uptake,Amplification,Constructive
U007,Okay. I will change 'help' to 'helps' here.,assistant,2,high-uptake,,
U007,"Good job! Peer acknowledged your feedback!
Let's move to the next error!",system,2,high-uptake,,
U007,Can you give me feedback on this part?,assistant,2,high-uptake,,
U054,it is rule,user,2,low-uptake,Amplification,Constructive
U054,Okay. I will change 'are' to 'is' here.,assistant,2,low-uptake,,
U054,"Good job! Peer acknowledged your feedback!
Let's move to the next error!",system,2,low-uptake,,
U054,How do I fix this?,assistant,2,low-uptake,,
U007,same as,user,2,high-uptake,Connection,Constructive
U007,Okay. I will change 'include' to 'includes' here.,assistant,2,high-uptake,,
U007,"Good job! Peer acknowledged your feedback!
Let's move to the next error!",system,2,high-uptake,,
U007,How do I fix this?,assistant,2,high-uptake,,
U014,"i hope you support the word connection to ""long-distance connection""",user,2,high-uptake,Reformulate,Active
U053,What if we banned smartphone due to their social issues?,user,2,mixed-uptake,Reformulate,Active
U014,Okay. I will change 'the connection' to 'the long-distance connection' here.,assistant,2,high-uptake,,
U014,"Good job! Peer acknowledged your feedback!
Let's move to the next error!",system,2,high-uptake,,
U014,Can you give me feedback on this part?,assistant,2,high-uptake,,
U053,What does that mean?,assistant,2,mixed-uptake,,
U054,has -> had,user,2,low-uptake,Reformulate,Active
U054,Why is it had here?,assistant,2,low-uptake,,
U039,"This sentence summerizes the essay. However, it miss the contents that books offer new experiments which is in fourth paragraph.",user,2,low-uptake,Amplification,Constructive
U054,it is past,user,2,low-uptake,Amplification,Constructive
U039,What does it mean to miss the contents?,assistant,2,low-uptake,,
U054,What does it mean to be past?,assistant,2,low-uptake,,
U054,before doing present,user,2,low-uptake,Reformulate,Active
U054,What does it mean to be before doing present?,assistant,2,low-uptake,,
U054,it is past,user,2,low-uptake,Reformulate,Active
U054,Okay. I will change 'has' to 'had' here.,assistant,2,low-uptake,,
U054,"Good job! Peer acknowledged your feedback!
Let's move to the next error!",system,2,low-uptake,,
U007,"you ahve to check ""use note app""",user,2,high-uptake,Reformulate,Active
U007,Okay. I will change 'use note app' to 'use [the] note app' here.,assistant,2,high-uptake,,
U007,"Good job! Peer acknowledged your feedback!
Let's move to the next error!",system,2,high-uptake,,
U007,Can you give me feedback on this part?,assistant,2,high-uptake,,
U014,"i think you should remove ""is""",user,2,high-uptake,Reformulate,Active
U039,It means the sentence does not include the necessary contents.,user,2,low-uptake,Amplification,Constructive
U014,Okay. I will remove 'is' here.,assistant,2,high-uptake,,
U013,Split it to two sentences. Split them and erase 'and'.,user,2,high-uptake,Reformulate,Active
U014,"Good job! Peer acknowledged your feedback!
Let's move to the next error!",system,2,high-uptake,,
U014,Can you give me feedback on this part?,assistant,2,high-uptake,,
U013,I will split it into two sentences and erase 'and'.,assistant,2,high-uptake,,
U053,What if we inhibit smartphone due to their social issues??,user,2,mixed-uptake,Reformulate,Active
U013,"Good job! Peer acknowledged your feedback!
Let's move to the next error!",system,2,high-uptake,,
U013,How can I improve here?,assistant,2,high-uptake,,
U053,Okay. I will change 'banned' to 'inhibit' here.,assistant,2,mixed-uptake,,
U053,"Good job! Peer acknowledged your feedback!
Let's move to the next error!",system,2,mixed-uptake,,
U039,What does it mean to miss the necessary contents?,assistant,2,low-uptake,,
U053,How can I improve here?,assistant,2,mixed-uptake,,
U007,"inconclusion, smartphone very helpful, people connect, learn, remember many things / can you guess where is wrong?",user,2,high-uptake,Metacognitive,Constructive
U007,I will correct 'inconclusion' to 'in conclusion' and add 'is' for clarity.,assistant,2,high-uptake,,
U007,"Good job! Peer acknowledged your feedback!
Let's move to the next error!",system,2,high-uptake,,
U007,How can I improve here?,assistant,2,high-uptake,,
U007,yees,user,2,high-uptake,Accept,Passive
U007,Okay. I will change 'smartphone very helpful' to 'smartphone [is] very helpful' here.,assistant,2,high-uptake,,
U007,"Good job! Peer acknowledged your feedback!
Let's move to the next error!",system,2,high-uptake,,
U053,"remove second ,",user,2,mixed-uptake,Reformulate,Active
U053,I think it should be everyone has specialized work and that we cannot survive without smartphone help.,assistant,2,mixed-uptake,,
U053,"Oh no, peer made a mistake while applying your feedback.
Please give a more detailed feedback",system,2,mixed-uptake,,
U014,i think make should be changed to makes,user,2,high-uptake,Reformulate,Active
U014,So it should be this makes it easy to stay in touch with friends or meet coworker for project?,assistant,2,high-uptake,,
U014,"Oh no, peer made a mistake while applying your feedback.
Please give a more detailed feedback",system,2,high-uptake,,
U039,It is better to put a contents than not to do.,user,2,low-uptake,Amplification,Constructive
U039,What does it mean to put a contents?,assistant,2,low-uptake,,
U014,"you don't have to change the part except ""make""",user,2,high-uptake,Reject,Active
U014,I don't get it,assistant,2,high-uptake,,
U014,"Good job! Peer acknowledged your feedback!
Let's move to the next error!",system,2,high-uptake,,
U014,How can I improve here?,assistant,2,high-uptake,,
U013,Conclusion is a bit short. Write your idea a bit more. Add a sentence 'We should live with grateful thoughts toward electric light.'.,user,2,high-uptake,Reformulate,Active
U013,"It should be 'In conclusion, electric light has enhanced modern life, we should live with grateful thoughts toward electric light'.",assistant,2,high-uptake,,
U013,"Oh no, peer made a mistake while applying your feedback.
Please give a more detailed feedback",system,2,high-uptake,,
U039,It means writing or adding some contents.,user,2,low-uptake,Amplification,Constructive
U039,Okay. I will add the contents about books offering new experiences.,assistant,2,low-uptake,,
U039,"Good job! Peer acknowledged your feedback!
Let's move to the next error!",system,2,low-uptake,,
U039,What's wrong here?,assistant,2,low-uptake,,
U053,helps?,user,2,mixed-uptake,Reformulate,Active
U053,I think it should be everyone has specialized works and that we cannot survive without smartphone helps.,assistant,2,mixed-uptake,,
U053,"Oh no, peer made a mistake while applying your feedback.
Please give a more detailed feedback",system,2,mixed-uptake,,
U014,"I think it is better to change ""delivered rapidly"" to ""by rapid delivering""",user,2,high-uptake,Reformulate,Active
U014,"So it should be even if they are home, now they can get anything by rapid delivering?",assistant,2,high-uptake,,
U014,"Oh no, peer made a mistake while applying your feedback.
Please give a more detailed feedback",system,2,high-uptake,,
U053,that -> than,user,2,mixed-uptake,Reformulate,Active
U053,I think it should be everyone has specialized work than we cannot survive without smartphone helps.,assistant,2,mixed-uptake,,
U053,"Oh no, peer made a mistake while applying your feedback.
Please give a more detailed feedback",system,2,mixed-uptake,,
U053,ok,user,2,mixed-uptake,Accept,Passive
U053,Okay. I will change 'than' to 'that' here.,assistant,2,mixed-uptake,,
U053,"Good job! Peer acknowledged your feedback!
Let's move to the next error!",system,2,mixed-uptake,,
U053,How can I improve here?,assistant,2,mixed-uptake,,
U014,"let's change ""by rapid delivering"" to rapidly",user,2,high-uptake,Reformulate,Active
U014,Okay. I will change 'by rapid delivering' to 'rapidly' here.,assistant,2,high-uptake,,
U014,"Good job! Peer acknowledged your feedback!
Let's move to the next error!",system,2,high-uptake,,
U014,How can I improve here?,assistant,2,high-uptake,,
U053,emerges,user,2,mixed-uptake,Reformulate,Active
U053,I will change 'emerge' to 'emerges' here.,assistant,2,mixed-uptake,,
U053,"Good job! Peer acknowledged your feedback!
Let's move to the next error!",system,2,mixed-uptake,,
U053,How can I improve here?,assistant,2,mixed-uptake,,
U039,The phrase 'in different ways' is too vague to explain the effects.,user,2,low-uptake,Amplification,Constructive
U039,What does it mean to be vague?,assistant,2,low-uptake,,
U014,"i think we should change ""while"" to ""although""",user,2,high-uptake,Reformulate,Active
U014,Okay. I will change 'while' to 'although' here.,assistant,2,high-uptake,,
U014,"Good job! Peer acknowledged your feedback!
Let's move to the next error!",system,2,high-uptake,,
U014,How do I fix this?,assistant,2,high-uptake,,
U039,It means there are some difficulties to understand.,user,2,low-uptake,Amplification,Constructive
U039,What does it mean to be difficult to understand?,assistant,2,low-uptake,,
U053,"This effect our communication speed, efficiency in work and personal life improvement.",user,2,mixed-uptake,Reformulate,Active
U053,I think it should be this affects our communication speed and efficiency in work and personal life improvements.,assistant,2,mixed-uptake,,
U053,"Oh no, peer made a mistake while applying your feedback.
Please give a more detailed feedback",system,2,mixed-uptake,,
U014,you should change the first letter of this sentence to capital letter.,user,2,high-uptake,Reformulate,Active
U047,Can you give me feedback on this part?,assistant,1,mixed-uptake,,
U014,Okay. I will change the first letter to capital letter here.,assistant,2,high-uptake,,
U014,"Good job! Peer acknowledged your feedback!
Let's move to the next error!",system,2,high-uptake,,
U014,How can I improve here?,assistant,2,high-uptake,,
U014,you should change the first letter of this sentence to capital letter.,user,2,high-uptake,Reformulate,Active
U014,"So it should be If a firm has good service or product, it can reach many customer's fast?",assistant,2,high-uptake,,
U014,"Oh no, peer made a mistake while applying your feedback.
Please give a more detailed feedback",system,2,high-uptake,,
U053,"this affects our communication speed, efficiency in works and personal life improvements.",user,2,mixed-uptake,Reformulate,Active
U053,"I think it should be this affect our communication speed, efficiency in work and personal life improvement.",assistant,2,mixed-uptake,,
U053,"Oh no, peer made a mistake while applying your feedback.
Please give a more detailed feedback",system,2,mixed-uptake,,
U014,you should not change  except the first letter,user,2,high-uptake,Reject,Active
U053,ok,user,2,mixed-uptake,Accept,Passive
U014,Okay. I will change the first letter to capital here.,assistant,2,high-uptake,,
U014,"Good job! Peer acknowledged your feedback!
Let's move to the next error!",system,2,high-uptake,,
U053,Okay. I will change 'effect' to 'affects' and 'improvement' to 'improvements' here.,assistant,2,mixed-uptake,,
U053,"Good job! Peer acknowledged your feedback!
Let's move to the next error!",system,2,mixed-uptake,,
U053,Can you give me feedback on this part?,assistant,2,mixed-uptake,,
U014,Can you give me feedback on this part?,assistant,2,high-uptake,,
U039,It means there are too many ways to understand or we cannot understand what writer does say exactly.,user,2,low-uptake,Amplification,Constructive
U039,What does vague mean?,assistant,2,low-uptake,,
U014,"you should change ""help"" to ""helps""",user,2,high-uptake,Reformulate,Active
U014,I don't get it,assistant,2,high-uptake,,
U014,"Good job! Peer acknowledged your feedback!
Let's move to the next error!",system,2,high-uptake,,
U014,How can I improve here?,assistant,2,high-uptake,,
U047,stuck in -> stucks,user,1,mixed-uptake,Reformulate,Active
U053,I try to show that is smartphone has problems.,user,2,mixed-uptake,Reformulate,Active
U053,Okay. I will change 'is' to 'that smartphone' here.,assistant,2,mixed-uptake,,
U053,"Good job! Peer acknowledged your feedback!
Let's move to the next error!",system,2,mixed-uptake,,
U053,What's wrong here?,assistant,2,mixed-uptake,,
U047,I will change 'stuck' to 'stucks' here.,assistant,1,mixed-uptake,,
U047,"Good job! Peer acknowledged your feedback!
Let's move to the next error!",system,1,mixed-uptake,,
U047,Can you give me feedback on this part?,assistant,1,mixed-uptake,,
U039,The word 'vague' means something can be confused or misunderstood.,user,2,low-uptake,Amplification,Constructive
U039,Okay. I will make it clearer.,assistant,2,low-uptake,,
U039,"Good job! Peer acknowledged your feedback!
Let's move to the next error!",system,2,low-uptake,,
U039,How can I improve here?,assistant,2,low-uptake,,
U053,remove that,user,2,mixed-uptake,Reformulate,Active
U053,I will remove 'And also' here.,assistant,2,mixed-uptake,,
U053,"Good job! Peer acknowledged your feedback!
Let's move to the next error!",system,2,mixed-uptake,,
U053,How do I fix this?,assistant,2,mixed-uptake,,
U053,"Nowadays, we can receive emergency services in 10 min.",user,2,mixed-uptake,Reformulate,Active
U053,So I change it to we can receive emergency services in just 10 min.,assistant,2,mixed-uptake,,
U053,"Oh no, peer made a mistake while applying your feedback.
Please give a more detailed feedback",system,2,mixed-uptake,,
U031,How do I fix this?,assistant,1,high-uptake,,
U047,Many persone -> Many people. it's more right,user,1,mixed-uptake,Reformulate,Active
U047,It should be many peoples think “I’ll reach destination soon.”,assistant,1,mixed-uptake,,
U047,"Oh no, peer made a mistake while applying your feedback.
Please give a more detailed feedback",system,1,mixed-uptake,,
U053,receive -> take,user,2,mixed-uptake,Reformulate,Active
U053,So I change it to we can take help in just 10 min by emergency services?,assistant,2,mixed-uptake,,
U053,"Oh no, peer made a mistake while applying your feedback.
Please give a more detailed feedback",system,2,mixed-uptake,,
U034,How can I improve here?,assistant,1,high-uptake,,
U053,no,user,2,mixed-uptake,Reject,Active
U004,How do I fix this?,assistant,1,high-uptake,,
U053,So I change it to we can take help in just 10 min from emergency services?,assistant,2,mixed-uptake,,
U053,"Oh no, peer made a mistake while applying your feedback.
Please give a more detailed feedback",system,2,mixed-uptake,,
U047,not peoples. just people,user,1,mixed-uptake,Reformulate,Active
U047,It should be in modern worlds transportations are a important part.,assistant,1,mixed-uptake,,
U047,"Oh no, peer made a mistake while applying your feedback.
Please give a more detailed feedback",system,1,mixed-uptake,,
U053,helps,user,2,mixed-uptake,Accept,Passive
U053,Okay. I will change 'take help' to 'receive help' here.,assistant,2,mixed-uptake,,
U053,"Good job! Peer acknowledged your feedback!
Let's move to the next error!",system,2,mixed-uptake,,
U004,"we are not talking about pet, but automobiles",user,1,high-uptake,Amplification,Constructive
U004,I will change the topic to automobiles instead.,assistant,1,high-uptake,,
U004,"Good job! Peer acknowledged your feedback!
Let's move to the next error!",system,1,high-uptake,,
U004,How can I improve here?,assistant,1,high-uptake,,
U034,"The word 'Firstly' is adverb, then you have to add comma after that.",user,1,high-uptake,Reformulate,Active
U034,Why add a comma after 'Firstly'?,assistant,1,high-uptake,,
U034,"That is because, the word 'Firstly' is adverb",user,1,high-uptake,Amplification,Constructive
U004,pet is singular. you should add 's' after the verb,user,1,high-uptake,Amplification,Constructive
U034,Okay. I will add a comma after 'Firstly'.,assistant,1,high-uptake,,
U034,"Good job! Peer acknowledged your feedback!
Let's move to the next error!",system,1,high-uptake,,
U034,How can I improve here?,assistant,1,high-uptake,,
U004,I will add 's' to the verb here.,assistant,1,high-uptake,,
U004,"Good job! Peer acknowledged your feedback!
Let's move to the next error!",system,1,high-uptake,,
U004,How can I improve here?,assistant,1,high-uptake,,
U047,then --> than,user,1,mixed-uptake,Reformulate,Active
U034,You didn't and comma.,user,1,high-uptake,Reformulate,Active
U047,What is the difference between then and than?,assistant,1,mixed-uptake,,
U009,What's wrong here?,assistant,1,high-uptake,,
U034,Okay. I will add a comma after 'sad'.,assistant,1,high-uptake,,
U034,"Good job! Peer acknowledged your feedback!
Let's move to the next error!",system,1,high-uptake,,
U034,Can you give me feedback on this part?,assistant,1,high-uptake,,
U031,You need to strengthen your thesis statement. Make it specific and powerful.,user,1,high-uptake,Reformulate,Active
U031,What makes a thesis statement strong and specific?,assistant,1,high-uptake,,
U047,then means 'next' but than use comparative sentence,user,1,mixed-uptake,Amplification,Constructive
U047,I will change 'then' to 'than' here.,assistant,1,mixed-uptake,,
U047,"Good job! Peer acknowledged your feedback!
Let's move to the next error!",system,1,mixed-uptake,,
U047,Can you give me feedback on this part?,assistant,1,mixed-uptake,,
U034,"Sentence have to have only one verb, so 'depend' is have to be changed to 'depending'.",user,1,high-uptake,Amplification,Constructive
U034,I will change 'depend' to 'depending' here.,assistant,1,high-uptake,,
U034,"Good job! Peer acknowledged your feedback!
Let's move to the next error!",system,1,high-uptake,,
U034,How can I improve here?,assistant,1,high-uptake,,
U039,knowledges->knowledge,user,2,low-uptake,Reformulate,Active
U039,Why is it 'knowledge' and not 'knowledges'?,assistant,2,low-uptake,,
U004,you should suggest how much they provide is worth.,user,1,high-uptake,Reformulate,Active
U004,Okay. I will suggest how much benefit they provide is worth.,assistant,1,high-uptake,,
U004,"Good job! Peer acknowledged your feedback!
Let's move to the next error!",system,1,high-uptake,,
U004,How can I improve here?,assistant,1,high-uptake,,
U004,Tense have to be past,user,1,high-uptake,Reformulate,Active
U004,Okay. I will change the tense to past here.,assistant,1,high-uptake,,
U004,"Good job! Peer acknowledged your feedback!
Let's move to the next error!",system,1,high-uptake,,
U004,What's wrong here?,assistant,1,high-uptake,,
U039,"knowledge' is uncountable, so it cannot be plural",user,2,low-uptake,Amplification,Constructive
U039,What does uncountable mean?,assistant,2,low-uptake,,
U047,fastly -> fast,user,1,mixed-uptake,Reformulate,Active
U047,Why fastly is not correct?,assistant,1,mixed-uptake,,
U031,Clearly shows your opinion or argument.,user,1,high-uptake,Reformulate,Active
U031,I think I should say regular exercise is a wonderful idea.,assistant,1,high-uptake,,
U031,"Oh no, peer made a mistake while applying your feedback.
Please give a more detailed feedback",system,1,high-uptake,,
U039,"It cannot be counted like one, two, three.",user,2,low-uptake,Exemplification,Constructive
U039,"What does it mean that it cannot be counted like one, two, three?",assistant,2,low-uptake,,
U039,"Knowledge is just knowledge, not one knowledge, two knowledge, etc.",user,2,low-uptake,Exemplification,Constructive
U039,Okay. I will change 'knowledges' to 'knowledge' here.,assistant,2,low-uptake,,
U039,"Good job! Peer acknowledged your feedback!
Let's move to the next error!",system,2,low-uptake,,
U039,How can I improve here?,assistant,2,low-uptake,,
U034,The verb 'listen' has to have object.,user,1,high-uptake,Reformulate,Active
U047,"in this sentence, fast is used in adverb. so not fastly.",user,1,mixed-uptake,Amplification,Constructive
U047,What does using adverb mean?,assistant,1,mixed-uptake,,
U031,"You're close, but your sentence still doesn’t work as a proper thesis statement. Instead of saying what you should say, just directly say it. Also, make it more specific by including the key reasons you’ll discuss in your essay. For example: “Regular exercise is a wonderful idea because it improves physical health, saves time through routine, and strengthens the mind.” Try writing your thesis again using this structure.",user,1,high-uptake,Amplification,Constructive
U034,Okay. I will add an object to 'listen' here.,assistant,1,high-uptake,,
U034,"Good job! Peer acknowledged your feedback!
Let's move to the next error!",system,1,high-uptake,,
U034,What's wrong here?,assistant,1,high-uptake,,
U031,I will rewrite the thesis to be more specific.,assistant,1,high-uptake,,
U031,"Good job! Peer acknowledged your feedback!
Let's move to the next error!",system,1,high-uptake,,
U009,"You should eliminate ""it mean""",user,1,high-uptake,Reformulate,Active
U009,Okay. I will remove 'it mean' here.,assistant,1,high-uptake,,
U009,"Good job! Peer acknowledged your feedback!
Let's move to the next error!",system,1,high-uptake,,
U009,Can you give me feedback on this part?,assistant,1,high-uptake,,
U047,"Actually, there is no such word as fastly",user,1,mixed-uptake,Amplification,Constructive
U047,Okay. I will change 'fastly' to 'fast' here.,assistant,1,mixed-uptake,,
U047,"Good job! Peer acknowledged your feedback!
Let's move to the next error!",system,1,mixed-uptake,,
U004,"Because 'Growing up ...' is subject, the word 'mean' have to be 'means'. In addition, 'you have learn' is not appropriate. I think 'you have to learn' is better.",user,1,high-uptake,Amplification,Constructive
U004,I will change 'mean' to 'means' and 'you have learn' to 'you have to learn'.,assistant,1,high-uptake,,
U004,"Good job! Peer acknowledged your feedback!
Let's move to the next error!",system,1,high-uptake,,
U039,The phrase 'making them seem more believable' is improper.,user,2,low-uptake,Reject,Active
U039,What does improper mean?,assistant,2,low-uptake,,
U039,It means not good to use.\,user,2,low-uptake,Amplification,Constructive
U039,What does it mean to be not good to use?,assistant,2,low-uptake,,
U039,"The phrase makes reader confusing, so it needs more explanation or be deleted.",user,2,low-uptake,Amplification,Constructive
U039,What does it mean that the phrase makes reader confusing?,assistant,2,low-uptake,,
U039,It is too sudden to understand naturally.,user,2,low-uptake,Amplification,Constructive
U039,Okay. I will change the phrase to make it clearer.,assistant,2,low-uptake,,
U039,"Good job! Peer acknowledged your feedback!
Let's move to the next error!",system,2,low-uptake,,
U039,How can I improve here?,assistant,2,low-uptake,,
U039,The comma should be deleted.,user,2,low-uptake,Reformulate,Active
U039,Why should I delete the comma?,assistant,2,low-uptake,,
U039,"Without traveling' is not a sentence, so it is not enough to put a commoa.",user,2,low-uptake,Amplification,Constructive
U039,What does it mean that 'Without traveling' is not a sentence?,assistant,2,low-uptake,,
U039,"It does not have subject and verb, so it is just phrase",user,2,low-uptake,Amplification,Constructive
U039,What does it mean to have subject and verb?,assistant,2,low-uptake,,
U037,What's wrong here?,assistant,3,low-uptake,,
U037,"I think you should use 'are' , not 'be'",user,3,low-uptake,Reformulate,Active
U037,Why do I need to use 'are' instead of 'be'?,assistant,3,low-uptake,,
U037,"Because you use 'many points', which is not singular number",user,3,low-uptake,Amplification,Constructive
U037,What does singular number mean?,assistant,3,low-uptake,,
U037,That is exists just one.,user,3,low-uptake,Amplification,Constructive
U037,"What does that mean, singular number?",assistant,3,low-uptake,,
U037,It means that something exists as single,user,3,low-uptake,Amplification,Constructive
U037,Okay. I will change 'be' to 'are' here.,assistant,3,low-uptake,,
U037,"Good job! Peer acknowledged your feedback!
Let's move to the next error!",system,3,low-uptake,,
U037,How do I fix this?,assistant,3,low-uptake,,
U037,"I think you should use 'families', not 'family'",user,3,low-uptake,Reformulate,Active
U037,Why do I need to use 'families' instead of 'family'?,assistant,3,low-uptake,,
U024,How do I fix this?,assistant,2,mixed-uptake,,
U037,"Because you use 'teens' before. Family means their family, so you should use 'families'",user,3,low-uptake,Amplification,Constructive
U037,What does it mean to use 'families' instead of 'family'?,assistant,3,low-uptake,,
U037,It is not exists as single,user,3,low-uptake,Amplification,Constructive
U037,What does it mean to use 'families' instead of 'family'?,assistant,3,low-uptake,,
U030,What's wrong here?,assistant,3,mixed-uptake,,
U037,Because you used word 'teens' before using 'family',user,3,low-uptake,Amplification,Constructive
U037,Okay. I will change 'family' to 'families' here.,assistant,3,low-uptake,,
U037,"Good job! Peer acknowledged your feedback!
Let's move to the next error!",system,3,low-uptake,,
U037,What's wrong here?,assistant,3,low-uptake,,
U030,do it ->does,user,3,mixed-uptake,Reformulate,Active
U030,I will change 'do' to 'does' here.,assistant,3,mixed-uptake,,
U030,"Good job! Peer acknowledged your feedback!
Let's move to the next error!",system,3,mixed-uptake,,
U030,How do I fix this?,assistant,3,mixed-uptake,,
U024,"""many people"" means two or more people so you have to use plural expression of wonders-->wonder",user,2,mixed-uptake,Amplification,Constructive
U024,So it should be many people wonder how these tiny creatures can endure cold?,assistant,2,mixed-uptake,,
U024,"Oh no, peer made a mistake while applying your feedback.
Please give a more detailed feedback",system,2,mixed-uptake,,
U030,"When exercise area be near people home, they are more likely to use it sometime.--> If exercise areas are near people home, they are more likely to use it sometime.",user,3,mixed-uptake,Reformulate,Active
U030,Why is it 'are' instead of 'be'?,assistant,3,mixed-uptake,,
U037,I think you should make your opinion one more time.,user,3,low-uptake,Reformulate,Active
U037,What do you mean by make my opinion one more time?,assistant,3,low-uptake,,
U030,because it is more natural,user,3,mixed-uptake,Amplification,Constructive
U030,Okay. I will change 'be' to 'are' here.,assistant,3,mixed-uptake,,
U030,"Good job! Peer acknowledged your feedback!
Let's move to the next error!",system,3,mixed-uptake,,
U030,What's wrong here?,assistant,3,mixed-uptake,,
U024,you should,user,2,mixed-uptake,Reject,Active
U024,So it should be many people wonders how those tiny creatures endure the cold?,assistant,2,mixed-uptake,,
U024,"Oh no, peer made a mistake while applying your feedback.
Please give a more detailed feedback",system,2,mixed-uptake,,
U030,start to -> to start,user,3,mixed-uptake,Reformulate,Active
U030,Why it is 'to start' not 'start to'?,assistant,3,mixed-uptake,,
U037,"Because the sentence is in conclusion, it is good to make your opinion one more time",user,3,low-uptake,Amplification,Constructive
U037,What do you mean by make your opinion one more time?,assistant,3,low-uptake,,
U030,it is rule,user,3,mixed-uptake,Amplification,Constructive
U030,I think it should be we need to start do these things.,assistant,3,mixed-uptake,,
U030,"Oh no, peer made a mistake while applying your feedback.
Please give a more detailed feedback",system,3,mixed-uptake,,
U030,okay,user,3,mixed-uptake,Accept,Passive
U030,I think it should be we need to start to do these things.,assistant,3,mixed-uptake,,
U030,"Oh no, peer made a mistake while applying your feedback.
Please give a more detailed feedback",system,3,mixed-uptake,,
U037,Mention your opinion one more time,user,3,low-uptake,Reformulate,Active
U037,What do you mean by mentioning my opinion one more time?,assistant,3,low-uptake,,
U030,you are right,user,3,mixed-uptake,Accept,Passive
U030,I will change 'We need start' to 'We need to start' and 'thats' to 'that' here.,assistant,3,mixed-uptake,,
U030,"Good job! Peer acknowledged your feedback!
Let's move to the next error!",system,3,mixed-uptake,,
U030,How do I fix this?,assistant,3,mixed-uptake,,
U037,Repeating your opinion one more time,user,3,low-uptake,Reformulate,Active
U037,Okay. I will repeat my opinion here in conclusion.,assistant,3,low-uptake,,
U037,"Good job! Peer acknowledged your feedback!
Let's move to the next error!",system,3,low-uptake,,
U037,How do I fix this?,assistant,3,low-uptake,,
U030,Too->to,user,3,mixed-uptake,Reformulate,Active
U030,So it should be to local government can create parks?,assistant,3,mixed-uptake,,
U030,"Oh no, peer made a mistake while applying your feedback.
Please give a more detailed feedback",system,3,mixed-uptake,,
U030,yes,user,3,mixed-uptake,Accept,Passive
U030,I think it should be to local government create parks.,assistant,3,mixed-uptake,,
U030,"Oh no, peer made a mistake while applying your feedback.
Please give a more detailed feedback",system,3,mixed-uptake,,
U030,you are right,user,3,mixed-uptake,Accept,Passive
U030,So it should be to local government create parks?,assistant,3,mixed-uptake,,
U030,"Oh no, peer made a mistake while applying your feedback.
Please give a more detailed feedback",system,3,mixed-uptake,,
U030,yes,user,3,mixed-uptake,Accept,Passive
U030,Okay. I will change 'with sport facilities being more available' to 'and make sport facilities more available'.,assistant,3,mixed-uptake,,
U030,"Good job! Peer acknowledged your feedback!
Let's move to the next error!",system,3,mixed-uptake,,
U030,Can you give me feedback on this part?,assistant,3,mixed-uptake,,
U027,How can I improve here?,assistant,3,high-uptake,,
U037,It is not good that mentioning person who only you know.,user,3,low-uptake,Amplification,Constructive
U037,What does it mean that mentioning person who only you know?,assistant,3,low-uptake,,
U030,it shoud be eliminated,user,3,mixed-uptake,Reformulate,Active
U030,What does eliminated mean?,assistant,3,mixed-uptake,,
U030,its gone,user,3,mixed-uptake,Reformulate,Active
U001,Can you give me feedback on this part?,assistant,2,low-uptake,,
U030,What does its gone mean?,assistant,3,mixed-uptake,,
U037,Talk about person who others don't know.,user,3,low-uptake,Amplification,Constructive
U037,What does it mean to talk about a person who others don't know?,assistant,3,low-uptake,,
U030,there is no more it,user,3,mixed-uptake,Reformulate,Active
U030,What does it mean there is no more it?,assistant,3,mixed-uptake,,
U037,It just mean other don't know about that person,user,3,low-uptake,Amplification,Constructive
U037,What does it mean to talk about a person who others don't know?,assistant,3,low-uptake,,
U037,Other person can't know about that person,user,3,low-uptake,Amplification,Constructive
U037,Okay. I will remove the specific person I mentioned.,assistant,3,low-uptake,,
U037,"Good job! Peer acknowledged your feedback!
Let's move to the next error!",system,3,low-uptake,,
U037,How do I fix this?,assistant,3,low-uptake,,
U027,spent -> that spent,user,3,high-uptake,Reformulate,Active
U027,I will change 'spent' to 'that spent' here.,assistant,3,high-uptake,,
U027,"Good job! Peer acknowledged your feedback!
Let's move to the next error!",system,3,high-uptake,,
U027,What's wrong here?,assistant,3,high-uptake,,
U030,There should be more ways to help people make exercise a part of there daily life.-> There should be more ways to help people exercise a part of there daily life.,user,3,mixed-uptake,Reformulate,Active
U030,Okay. I will change 'make' to 'exercise' here.,assistant,3,mixed-uptake,,
U030,"Good job! Peer acknowledged your feedback!
Let's move to the next error!",system,3,mixed-uptake,,
U030,What's wrong here?,assistant,3,mixed-uptake,,
U030,Worker -> Work,user,3,mixed-uptake,Reformulate,Active
U030,What does Worker mean?,assistant,3,mixed-uptake,,
U030,people that work,user,3,mixed-uptake,Amplification,Constructive
U030,"What does that mean, people that work?",assistant,3,mixed-uptake,,
U030,peoples do work,user,3,mixed-uptake,Amplification,Constructive
U030,I think it should be work productivity can increase.,assistant,3,mixed-uptake,,
U030,"Oh no, peer made a mistake while applying your feedback.
Please give a more detailed feedback",system,3,mixed-uptake,,
U030,yes,user,3,mixed-uptake,Accept,Passive
U030,Okay. I will change 'Worker' to 'Work'.,assistant,3,mixed-uptake,,
U030,"Good job! Peer acknowledged your feedback!
Let's move to the next error!",system,3,mixed-uptake,,
U030,Can you give me feedback on this part?,assistant,3,mixed-uptake,,
U027,"reasons. -> reasons,",user,3,high-uptake,Reformulate,Active
U027,"I will change 'reasons.' to 'reasons,' here.",assistant,3,high-uptake,,
U027,"Good job! Peer acknowledged your feedback!
Let's move to the next error!",system,3,high-uptake,,
U027,Can you give me feedback on this part?,assistant,3,high-uptake,,
U030,was->is,user,3,mixed-uptake,Reformulate,Active
U030,Why is it is instead of was?,assistant,3,mixed-uptake,,
U030,it is more natural,user,3,mixed-uptake,Amplification,Constructive
U030,What does more natural mean?,assistant,3,mixed-uptake,,
U030,i din't know,user,3,mixed-uptake,Reject,Active
U024,"let's attach more detail. Before this sentense, you're talking about the insects that use diapause After that include more information about insects which don't do diapause",user,2,mixed-uptake,Reformulate,Active
U030,What does costful mean?,assistant,3,mixed-uptake,,
U030,it takes lots of money,user,3,mixed-uptake,Amplification,Constructive
U030,Okay. I will change 'costful' to 'takes lots of money'.,assistant,3,mixed-uptake,,
U030,"Good job! Peer acknowledged your feedback!
Let's move to the next error!",system,3,mixed-uptake,,
U030,What's wrong here?,assistant,3,mixed-uptake,,
U001,learning to cook 으로 고치는게 더 자연스러운 것 같은데?,user,2,low-uptake,Reformulate,Active
U024,"this is singular noun, then we should use singular verb.",user,2,mixed-uptake,Amplification,Constructive
U001,What does learning to cook mean?,assistant,2,low-uptake,,
U024,I don't get it,assistant,2,mixed-uptake,,
U024,"Good job! Peer acknowledged your feedback!
Let's move to the next error!",system,2,mixed-uptake,,
U024,How do I fix this?,assistant,2,mixed-uptake,,
U037,"""And teens find themselves influenced by strangers"" not make sense",user,3,low-uptake,Reject,Active
U037,How does that not make sense?,assistant,3,low-uptake,,
U001,요리하는 것을 배운다는 뜻이야,user,2,low-uptake,Amplification,Constructive
U001,What does learning to cook mean?,assistant,2,low-uptake,,
U024,winter is genral don't use the,user,2,mixed-uptake,Reformulate,Active
U024,So I can say they survive the winter surprising?,assistant,2,mixed-uptake,,
U024,"Oh no, peer made a mistake while applying your feedback.
Please give a more detailed feedback",system,2,mixed-uptake,,
U037,Meaning in sentence doesn't make sense at all,user,3,low-uptake,Reject,Active
U024,"no, do not use the before winter",user,2,mixed-uptake,Reformulate,Active
U037,What does it mean that sentence doesn't make sense?,assistant,3,low-uptake,,
U024,Why can't I use the before winter?,assistant,2,mixed-uptake,,
U001,요리하는것을 배운다는 뜻이야,user,2,low-uptake,Amplification,Constructive
U001,What does it mean to learn cooking?,assistant,2,low-uptake,,
U001,그것은 또한 맞는 표현이지만 약간 어색하다고 생각했어,user,2,low-uptake,Amplification,Constructive
U001,I will change it to 'Learning [to cook] will also help them to be more independent.',assistant,2,low-uptake,,
U001,"Good job! Peer acknowledged your feedback!
Let's move to the next error!",system,2,low-uptake,,
U001,How can I improve here?,assistant,2,low-uptake,,
U037,Meaning of sentence is nonsense,user,3,low-uptake,Reject,Active
U037,What does it mean when a sentence is nonsense?,assistant,3,low-uptake,,
U024,"because it is not a winter of specific year, just general winter",user,2,mixed-uptake,Amplification,Constructive
U024,What does it mean that winter is general?,assistant,2,mixed-uptake,,
U037,It is not good for understanding the paragraph,user,3,low-uptake,Amplification,Constructive
U037,Okay. I will change this sentence for better understanding.,assistant,3,low-uptake,,
U037,"Good job! Peer acknowledged your feedback!
Let's move to the next error!",system,3,low-uptake,,
U037,How can I improve here?,assistant,3,low-uptake,,
U024,it's not specific,user,2,mixed-uptake,Amplification,Constructive
U024,Okay. I will change 'the winter' to 'winter' here.,assistant,2,mixed-uptake,,
U024,"Good job! Peer acknowledged your feedback!
Let's move to the next error!",system,2,mixed-uptake,,
U024,How can I improve here?,assistant,2,mixed-uptake,,
U001,very 앞에 a 를 붙여서 a very important 으로 고치고 learn cooking 보다 learn how to cook 이 좋은거 같아,user,2,low-uptake,Reformulate,Active
U001,Why do I need to add a before very?,assistant,2,low-uptake,,
U037,"Use 'in these times', and make verb after 'social media'",user,3,low-uptake,Reformulate,Active
U037,What does it mean to make verb after 'social media'?,assistant,3,low-uptake,,
U037,There is not verb in sentence,user,3,low-uptake,Reject,Active
U037,What does it mean to have no verb?,assistant,3,low-uptake,,
U001,a 는 관사야 문장구조상 꼭 필요한데 빼먹었어,user,2,low-uptake,Amplification,Constructive
U001,What does a article mean?,assistant,2,low-uptake,,
U037,It means there is not verb in that sentences,user,3,low-uptake,Reformulate,Active
U037,What does it mean to have no verb?,assistant,3,low-uptake,,
U037,You should put verb in sentences to make sense,user,3,low-uptake,Reformulate,Active
U037,Okay. I will change the sentence this way.,assistant,3,low-uptake,,
U037,"Good job! Peer acknowledged your feedback!
Let's move to the next error!",system,3,low-uptake,,
U037,How can I improve here?,assistant,3,low-uptake,,
U001,명사앞에 붙여서 명사가 어떤 명사인지 말해주는거야 특정하지 않은 하나의 것에 대해 말할때 a 를 붙여,user,2,low-uptake,Amplification,Constructive
U001,What does it mean to put a before very?,assistant,2,low-uptake,,
U001,very 이전의 위치에 붙인다는 거야,user,2,low-uptake,Amplification,Constructive
U001,I will change it to 'a very important skill everybody should learn.',assistant,2,low-uptake,,
U001,"Good job! Peer acknowledged your feedback!
Let's move to the next error!",system,2,low-uptake,,
U001,Can you give me feedback on this part?,assistant,2,low-uptake,,
U001,m 을 M 으로 바꿔야해,user,2,low-uptake,Reformulate,Active
U001,Why do I need to change m to M?,assistant,2,low-uptake,,
U001,대문자화해야지,user,2,low-uptake,Reformulate,Active
U001,What does 대문자화 mean?,assistant,2,low-uptake,,
U001,대문자를 이용하는거야 문장의 처음은 그렇게 시작해,user,2,low-uptake,Amplification,Constructive
U001,What does 대문자를 이용하는거야 mean?,assistant,2,low-uptake,,
U001,대문자로 문장을 시작해야해,user,2,low-uptake,Amplification,Constructive
U001,Okay. I will start the sentence with a capital letter.,assistant,2,low-uptake,,
U001,"Good job! Peer acknowledged your feedback!
Let's move to the next error!",system,2,low-uptake,,
U001,How do I fix this?,assistant,2,low-uptake,,
U001,두문장을 하나로 합쳐서 적자 점을 빼고,user,2,low-uptake,Reformulate,Active
U001,What does 합쳐서 적자 점을 빼고 mean?,assistant,2,low-uptake,,
U001,점을 빼고 두문장을 연결하자는 뜻이었어,user,2,low-uptake,Amplification,Constructive
U001,What does 점을 빼고 두문장을 연결하자는 뜻이었어 mean?,assistant,2,low-uptake,,
U001,Punctuation 을 제거하는거야,user,2,low-uptake,Reformulate,Active
U001,What does Punctuation 을 제거하는거야 mean?,assistant,2,low-uptake,,
U001,delete 하는 거야,user,2,low-uptake,Amplification,Constructive
U001,Okay. I will combine the sentences and remove the period.,assistant,2,low-uptake,,
U001,"Good job! Peer acknowledged your feedback!
Let's move to the next error!",system,2,low-uptake,,
U001,How do I fix this?,assistant,2,low-uptake,,
U001,이번에도 아까와 같이 대문자로 시작할 수 있게 It 으로 바꾸자,user,2,low-uptake,Reformulate,Active
U001,What does 대문자로 시작할 수 있게 mean?,assistant,2,low-uptake,,
U001,앞에서 했던거야 It!,user,2,low-uptake,Connection,Constructive
U001,What does 대문자로 시작할 수 있게 mean?,assistant,2,low-uptake,,
U001,대문자를 이용해서 적는거야 원래 문장의 시작은 대문자야,user,2,low-uptake,Amplification,Constructive
U001,What does 대문자를 이용해서 적는거야 mean?,assistant,2,low-uptake,,
U001,using characteraize,user,2,low-uptake,Amplification,Constructive
U001,I will start this sentence with a capital letter.,assistant,2,low-uptake,,
U001,"Good job! Peer acknowledged your feedback!
Let's move to the next error!",system,2,low-uptake,,
U001,Can you give me feedback on this part?,assistant,2,low-uptake,,
U001,이제 괜찮은거 같애,user,2,low-uptake,Accept,Passive
U001,What does now seem okay mean?,assistant,2,low-uptake,,
U001,good!,user,2,low-uptake,Praise,Passive
U055,How can I improve here?,assistant,3,low-uptake,,
U055,You should change 'become' into 'becomes'.,user,3,low-uptake,Reformulate,Active
U055,Why should I change 'become'?,assistant,3,low-uptake,,
U055,Because the subject in this sentence is third person singular.,user,3,low-uptake,Amplification,Constructive
U055,What does third person singular mean?,assistant,3,low-uptake,,
U055,Third person singular means something single not you and I.,user,3,low-uptake,Amplification,Constructive
U055,What does it mean that something is single?,assistant,3,low-uptake,,
U055,It means that the quantity of the thing is only one.,user,3,low-uptake,Amplification,Constructive
U055,I will change 'have' to 'has' here.,assistant,3,low-uptake,,
U055,"Good job! Peer acknowledged your feedback!
Let's move to the next error!",system,3,low-uptake,,
U055,How do I fix this?,assistant,3,low-uptake,,
U055,You should change 'Thirdly' into 'Third'.,user,3,low-uptake,Reformulate,Active
U055,Why should I change 'Thirdly' to 'Third'?,assistant,3,low-uptake,,
U055,Thirdly is not usually used.,user,3,low-uptake,Amplification,Constructive
U055,What does it mean that 'Thirdly' is not usually used?,assistant,3,low-uptake,,
U055,It means that many people use 'Third' instead of 'Thirdly'.,user,3,low-uptake,Amplification,Constructive
U055,What does it mean that many people use 'Third' instead of 'Thirdly'?,assistant,3,low-uptake,,
U055,It means that many people use Third.,user,3,low-uptake,Amplification,Constructive
U055,Okay. I will change 'Thirdly' to 'Third' here.,assistant,3,low-uptake,,
U055,"Good job! Peer acknowledged your feedback!
Let's move to the next error!",system,3,low-uptake,,
U055,How can I improve here?,assistant,3,low-uptake,,
U055,You can add more information about fast food outlets around us.,user,3,low-uptake,Reformulate,Active
U055,What do you mean by more information about fast food outlets?,assistant,3,low-uptake,,
U055,It can consist of the specific quantity of fast food outlets.,user,3,low-uptake,Reformulate,Active
U055,What does specific quantity mean?,assistant,3,low-uptake,,
U055,The number of fast food outlets.,user,3,low-uptake,Reformulate,Active
U055,What does the number of fast food outlets mean?,assistant,3,low-uptake,,
U055,The restaurant that sells fast food.,user,3,low-uptake,Reformulate,Active
U055,I will replace 'more' with 'many' in this sentence.,assistant,3,low-uptake,,
U055,"Good job! Peer acknowledged your feedback!
Let's move to the next error!",system,3,low-uptake,,
U055,Can you give me feedback on this part?,assistant,3,low-uptake,,
U055,You should change 'Second' into 'Secondly'.,user,3,low-uptake,Reformulate,Active
U055,Why should I change 'It' to 'it'?,assistant,3,low-uptake,,
U055,It' is not the first word in this sentence.,user,3,low-uptake,Amplification,Constructive
U055,Why can't 'It' be the first word?,assistant,3,low-uptake,,
U055,"It' can be the first word, but in this sentence, the first word is 'Secondly'.",user,3,low-uptake,Amplification,Constructive
U055,Why is 'It' not the first word?,assistant,3,low-uptake,,
U055,Because 'Secondly' is the first word.,user,3,low-uptake,Amplification,Constructive
U055,Okay. I will change 'It' to 'it' here.,assistant,3,low-uptake,,
U055,"Good job! Peer acknowledged your feedback!
Let's move to the next error!",system,3,low-uptake,,
U050,What's wrong here?,assistant,2,high-uptake,,
U017,How can I improve here?,assistant,2,low-uptake,,
U017,you should write 'an' in front of environment,user,2,low-uptake,Reformulate,Active
U017,Why do I need to write 'an' in front of environment?,assistant,2,low-uptake,,
U050,"In this essay, I will share my perspective on a vegetarian diet.",user,2,high-uptake,Reformulate,Active
U050,I think it should be a vegetarian diets.,assistant,2,high-uptake,,
U050,"Oh no, peer made a mistake while applying your feedback.
Please give a more detailed feedback",system,2,high-uptake,,
U017,"It needs to write article in uncertain words, such as environment",user,2,low-uptake,Amplification,Constructive
U017,What does article in uncertain words mean?,assistant,2,low-uptake,,
U050,a' and 'diets' contradict.,user,2,high-uptake,Amplification,Constructive
U050,What does 'contradict' mean?,assistant,2,high-uptake,,
U017,environment' is not certain. It's not yours or mine or other's,user,2,low-uptake,Exemplification,Constructive
U017,What does not certain mean?,assistant,2,low-uptake,,
U017,It's unclear about one's possession,user,2,low-uptake,Amplification,Constructive
U017,I understand. I will add 'an' before 'environment'.,assistant,2,low-uptake,,
U017,"Good job! Peer acknowledged your feedback!
Let's move to the next error!",system,2,low-uptake,,
U017,How do I fix this?,assistant,2,low-uptake,,
U050,"It means 'a' is a singular, and 'diets' is a multiple.",user,2,high-uptake,Amplification,Constructive
U050,I will change 'a vegetarian diets' to 'a vegetarian diet' here.,assistant,2,high-uptake,,
U050,"Good job! Peer acknowledged your feedback!
Let's move to the next error!",system,2,high-uptake,,
U050,Can you give me feedback on this part?,assistant,2,high-uptake,,
U017,we should add linking verb in front of 'used',user,2,low-uptake,Reformulate,Active
U017,What is a linking verb?,assistant,2,low-uptake,,
U050,This is crucial for maintaining a good health and proper functioning of the body.,user,2,high-uptake,Reformulate,Active
U017,"It's 'be' verb , such as 'is', 'are'",user,2,low-uptake,Exemplification,Constructive
U050,I will change 'a good health' to '[good health]' here.,assistant,2,high-uptake,,
U050,"Good job! Peer acknowledged your feedback!
Let's move to the next error!",system,2,high-uptake,,
U050,Can you give me feedback on this part?,assistant,2,high-uptake,,
U017,How do I add 'is' or 'are' in this sentence?,assistant,2,low-uptake,,
U050,"Second, food options can be limited for vegetarians.",user,2,high-uptake,Reformulate,Active
U050,Okay. I will change 'vegetarian' to 'vegetarians' here.,assistant,2,high-uptake,,
U050,"Good job! Peer acknowledged your feedback!
Let's move to the next error!",system,2,high-uptake,,
U050,Can you give me feedback on this part?,assistant,2,high-uptake,,
U017,"after 'if', the subject is less plastic, so we can add 'is'",user,2,low-uptake,Amplification,Constructive
U017,How can I add 'is' after 'if'?,assistant,2,low-uptake,,
U017,like 'if less plastic is used',user,2,low-uptake,Reformulate,Active
U017,Okay. I will change the sentence to 'people would benefit from cleaner environments if [less plastic is] used.',assistant,2,low-uptake,,
U017,"Good job! Peer acknowledged your feedback!
Let's move to the next error!",system,2,low-uptake,,
U017,What's wrong here?,assistant,2,low-uptake,,
U050,The term 'eating out' became difficult when there are few vegetarian dishes.,user,2,high-uptake,Reformulate,Active
U050,I will change 'become' to 'became' here.,assistant,2,high-uptake,,
U050,"Good job! Peer acknowledged your feedback!
Let's move to the next error!",system,2,high-uptake,,
U050,Can you give me feedback on this part?,assistant,2,high-uptake,,
U017,"In this sentence, you should write in 'passive voice'",user,2,low-uptake,Reformulate,Active
U017,What does write in 'passive voice' mean?,assistant,2,low-uptake,,
U017,"Oh my bad, I think the active voice is correct here because, the government could 'see' the reduction",user,2,low-uptake,Amplification,Constructive
U017,What does active voice mean?,assistant,2,low-uptake,,
U017,It is the form of sentence that is focus on acting,user,2,low-uptake,Amplification,Constructive
U017,What does it mean to focus on acting?,assistant,2,low-uptake,,
U017,"For example, when you focus on eating we can write 'you are eating' but when we focus on the object, we can write 'the food is eaten by you'",user,2,low-uptake,Exemplification,Constructive
U017,"Okay. I will change the sentence to 'For example, significant waste reduction [can be seen] by governments whose policies restrict plastic usage.'",assistant,2,low-uptake,,
U017,"Good job! Peer acknowledged your feedback!
Let's move to the next error!",system,2,low-uptake,,
U017,What's wrong here?,assistant,2,low-uptake,,
U038,Can you give me feedback on this part?,assistant,1,mixed-uptake,,
U017,"because 'world' is the third person singular, we should change 'use' to 'uses'",user,2,low-uptake,Amplification,Constructive
U017,Why change 'use' to 'uses'?,assistant,2,low-uptake,,
U017,because 'world' which is the subject of sentence is the third person singular,user,2,low-uptake,Amplification,Constructive
U017,What does third person singular mean?,assistant,2,low-uptake,,
U017,These are some words that not you and I,user,2,low-uptake,Exemplification,Constructive
U017,What does 'the world is the third person singular' mean?,assistant,2,low-uptake,,
U017,word 'world' is the third person singular,user,2,low-uptake,Exemplification,Constructive
U017,Okay. I will change 'use' to 'uses' here.,assistant,2,low-uptake,,
U017,"Good job! Peer acknowledged your feedback!
Let's move to the next error!",system,2,low-uptake,,
U038,"It should be written as eating, not eat",user,1,mixed-uptake,Reformulate,Active
U038,I will change 'eat' to 'eating' here.,assistant,1,mixed-uptake,,
U038,"Good job! Peer acknowledged your feedback!
Let's move to the next error!",system,1,mixed-uptake,,
U038,How do I fix this?,assistant,1,mixed-uptake,,
U038,"add comma in front of and, should be written as enviornmental, not enviornment",user,1,mixed-uptake,Reformulate,Active
U038,"So it should be for health, taste and environmetal recovery?",assistant,1,mixed-uptake,,
U038,"Oh no, peer made a mistake while applying your feedback.
Please give a more detailed feedback",system,1,mixed-uptake,,
U038,and also add a in front of good,user,1,mixed-uptake,Reformulate,Active
U038,Why add a in front of good?,assistant,1,mixed-uptake,,
U038,"Diet is *countable noun*.  When using singular additional nouns, it should always be followed by an article (a/an), the, or possessive (my, this, etc.).  Therefore, using only plant-based diet is grammatically incomplete.",user,1,mixed-uptake,Amplification,Constructive
U038,What does countable noun mean?,assistant,1,mixed-uptake,,
U038,"A countable noun is a noun that refers to things which can be counted individually. They have both singular and plural forms.  1. Singular and Plural Forms  Singular: refers to one item → a book, an apple, one student  Plural: refers to more than one item → books, apples, students  2. Use with Numbers and Articles  Countable nouns can be used with numbers: two chairs, five cars  Singular countable nouns must have an article (a/an, the) or a determiner (my, this, that) in front of them.  ✅ I bought a car.  ❌ I bought car. (incorrect)",user,1,mixed-uptake,Exemplification,Constructive
U038,I will change the sentence to include 'a' and correct 'environmetal'.,assistant,1,mixed-uptake,,
U038,"Good job! Peer acknowledged your feedback!
Let's move to the next error!",system,1,mixed-uptake,,
U038,Can you give me feedback on this part?,assistant,1,mixed-uptake,,
U038,"The sentence “First, health and wellness become much important than past” is grammatically incorrect.  “much important” is wrong because important is not a comparative form. The correct expression is “much more important.”  “than past” is incomplete. It should be “than in the past.”  The verb “become” sounds unnatural in the simple present. To describe change over time, we usually use “have become” (emphasizing the result) or “are becoming” (emphasizing the process).  ✅ Correct versions:  “First, health and wellness have become much more important than in the past.”  “First, health and wellness are becoming much more important than in the past.”",user,1,mixed-uptake,Amplification,Constructive
U038,What does it mean that important is not a comparative form?,assistant,1,mixed-uptake,,
U038,"The word important by itself is just the basic adjective (positive form). It only describes something without comparison.  This book is important. (no comparison)  To compare, we must make a comparative form:  This book is more important than that one.  Health is much more important than money.  So when you wrote “much important”, it was incorrect because “important” alone cannot be used as a comparative form. It must be “more important.”",user,1,mixed-uptake,Amplification,Constructive
U038,I will change it to 'health and wellness have become [much more] important than [in the past]'.,assistant,1,mixed-uptake,,
U038,"Good job! Peer acknowledged your feedback!
Let's move to the next error!",system,1,mixed-uptake,,
U038,How do I fix this?,assistant,1,mixed-uptake,,
U005,How do I fix this?,assistant,2,high-uptake,,
U032,How can I improve here?,assistant,3,high-uptake,,
U032,How can I improve here?,assistant,3,high-uptake,,
U004,What's wrong here?,assistant,2,high-uptake,,
U005,Subject,user,2,high-uptake,Reject,Active
U004,your money' is uncountable. you should use 'is' after the phrase rather than 'are',user,2,high-uptake,Amplification,Constructive
U004,I will change 'are' to 'is' in this sentence.,assistant,2,high-uptake,,
U004,"Good job! Peer acknowledged your feedback!
Let's move to the next error!",system,2,high-uptake,,
U005,So it should be exercise has many health benefits?,assistant,2,high-uptake,,
U004,How can I improve here?,assistant,2,high-uptake,,
U005,"Oh no, peer made a mistake while applying your feedback.
Please give a more detailed feedback",system,2,high-uptake,,
U032,"On my view, I believe that dogs are the better choice. -> In my view, dogs are the better choice.",user,3,high-uptake,Reformulate,Active
U032,I will change 'On my view' to 'In my view'.,assistant,3,high-uptake,,
U032,"Good job! Peer acknowledged your feedback!
Let's move to the next error!",system,3,high-uptake,,
U032,Can you give me feedback on this part?,assistant,3,high-uptake,,
U032,is -> are,user,3,high-uptake,Reformulate,Active
U032,Okay. I will change 'is' to 'are' here.,assistant,3,high-uptake,,
U032,"Good job! Peer acknowledged your feedback!
Let's move to the next error!",system,3,high-uptake,,
U032,What's wrong here?,assistant,3,high-uptake,,
U004,I think the phrase 'emergencies fund' doesn't make sense,user,2,high-uptake,Reject,Active
U004,I will change 'emergencies fund' to 'emergency fund'.,assistant,2,high-uptake,,
U004,"Good job! Peer acknowledged your feedback!
Let's move to the next error!",system,2,high-uptake,,
U004,Can you give me feedback on this part?,assistant,2,high-uptake,,
U032,"Some people prefer cats, other people think dogs are better. -> Some people prefer cats, while others think dogs are better.",user,3,high-uptake,Reformulate,Active
U032,What does 'while' mean?,assistant,3,high-uptake,,
U032,It means 'however',user,3,high-uptake,Amplification,Constructive
U032,Okay. I will change 'other people' to 'while others' here.,assistant,3,high-uptake,,
U032,"Good job! Peer acknowledged your feedback!
Let's move to the next error!",system,3,high-uptake,,
U032,How do I fix this?,assistant,3,high-uptake,,
U004,"It is not relevant to topic. The essay wants to tell about why saving money is good, not how to save money",user,2,high-uptake,Amplification,Constructive
U004,It should say saving begins with stop spending money on entertainment.,assistant,2,high-uptake,,
U004,"Oh no, peer made a mistake while applying your feedback.
Please give a more detailed feedback",system,2,high-uptake,,
U032,"For instance, in Germany, it is common for people to take with their dogs everywhere.->For instance, in Germany, it is common for people to take their dogs everywhere.",user,3,high-uptake,Reformulate,Active
U032,What does 'take with their dogs' mean?,assistant,3,high-uptake,,
U044,What's wrong here?,assistant,3,mixed-uptake,,
U004,The sentence is out of bound. I think you should replace whole sentence,user,2,high-uptake,Reject,Active
U004,Okay. I will replace the whole sentence.,assistant,2,high-uptake,,
U004,"Good job! Peer acknowledged your feedback!
Let's move to the next error!",system,2,high-uptake,,
U004,How can I improve here?,assistant,2,high-uptake,,
U005,This is not overall conclusion. You need to add some reason why do we exercise,user,2,high-uptake,Amplification,Constructive
U005,So it should be exercise are not only solution for good health?,assistant,2,high-uptake,,
U005,"Oh no, peer made a mistake while applying your feedback.
Please give a more detailed feedback",system,2,high-uptake,,
U032,"It means ""go with their dogs""",user,3,high-uptake,Reformulate,Active
U032,Okay. I will change 'take with their dogs' to 'take their dogs' here.,assistant,3,high-uptake,,
U032,"Good job! Peer acknowledged your feedback!
Let's move to the next error!",system,3,high-uptake,,
U032,Can you give me feedback on this part?,assistant,3,high-uptake,,
U004,save money is not acceptable. saving money is better,user,2,high-uptake,Reformulate,Active
U044,really exciting -> really exciting because technology advancing so rapidly,user,3,mixed-uptake,Amplification,Constructive
U004,I will change 'save money' to 'saving money'.,assistant,2,high-uptake,,
U004,"Good job! Peer acknowledged your feedback!
Let's move to the next error!",system,2,high-uptake,,
U004,How do I fix this?,assistant,2,high-uptake,,
U044,Why add because technology advancing so rapidly?,assistant,3,mixed-uptake,,
U044,because it's unclear,user,3,mixed-uptake,Amplification,Constructive
U044,What is unclear in that sentence?,assistant,3,mixed-uptake,,
U044,There are no reason why you think the future will be exciting,user,3,mixed-uptake,Reformulate,Active
U044,It need to be because technology is advancing so rapid.,assistant,3,mixed-uptake,,
U044,"Oh no, peer made a mistake while applying your feedback.
Please give a more detailed feedback",system,3,mixed-uptake,,
U005,You add another reason behind the sentence,user,2,high-uptake,Reject,Active
U005,Okay. I will add a reason why we exercise.,assistant,2,high-uptake,,
U005,"Good job! Peer acknowledged your feedback!
Let's move to the next error!",system,2,high-uptake,,
U005,How do I fix this?,assistant,2,high-uptake,,
U004,"Readers can confuse with the meaning of the sentence because the order are not clear. I think 'planning well, preparing for unexpected cost, and creating a balance ...' is better.",user,2,high-uptake,Amplification,Constructive
U004,What does order are not clear mean?,assistant,2,high-uptake,,
U032,"make enrich->enriches //  Dogs are participate in various activities, which enhance the relationship of family members.->Dogs participate in various activities that enhance family relationships.",user,3,high-uptake,Reformulate,Active
U032,Why does 'make enrich' need to change to 'enriches'?,assistant,3,high-uptake,,
U044,So you need to write down in that sentence,user,3,mixed-uptake,Reject,Active
U048,What's wrong here?,assistant,1,low-uptake,,
U044,Okay. I will add a reason to that sentence.,assistant,3,mixed-uptake,,
U044,"Good job! Peer acknowledged your feedback!
Let's move to the next error!",system,3,mixed-uptake,,
U044,How do I fix this?,assistant,3,mixed-uptake,,
U032,They are two continuous verbs.,user,3,high-uptake,Reject,Active
U032,Okay. I will change 'make enrich' to 'enriches' here.,assistant,3,high-uptake,,
U032,"Good job! Peer acknowledged your feedback!
Let's move to the next error!",system,3,high-uptake,,
U032,How can I improve here?,assistant,3,high-uptake,,
U004,"Reader can think planning is not combined with creating, but spending and saving.",user,2,high-uptake,Reformulate,Active
U004,"Okay. I will change the order to 'planning well, preparing for unexpected cost, and creating a balance ...'",assistant,2,high-uptake,,
U004,"Good job! Peer acknowledged your feedback!
Let's move to the next error!",system,2,high-uptake,,
U032,"Dogs are participate in various activities, which enhance the relationship of family members.->Dogs participate in various activities that enhance family relationships.",user,3,high-uptake,Reformulate,Active
U032,Okay. I will change 'Dogs are participate' to 'Dogs participate' here.,assistant,3,high-uptake,,
U032,"Good job! Peer acknowledged your feedback!
Let's move to the next error!",system,3,high-uptake,,
U032,Can you give me feedback on this part?,assistant,3,high-uptake,,
U005,You must express your assay's main idea,user,2,high-uptake,Reformulate,Active
U005,Okay. I will express the main idea clearly.,assistant,2,high-uptake,,
U005,"Good job! Peer acknowledged your feedback!
Let's move to the next error!",system,2,high-uptake,,
U005,Can you give me feedback on this part?,assistant,2,high-uptake,,
U048,주어와 동사의 수일치를 시켜봐,user,1,low-uptake,Reformulate,Active
U048,What does subject-verb agreement mean?,assistant,1,low-uptake,,
U044,"truely -> truly, add 'it can improve our situation.'",user,3,mixed-uptake,Reformulate,Active
U044,Okay. I will change 'truely' to 'truly' and add 'it can improve our situation.',assistant,3,mixed-uptake,,
U044,"Good job! Peer acknowledged your feedback!
Let's move to the next error!",system,3,mixed-uptake,,
U044,How do I fix this?,assistant,3,mixed-uptake,,
U044,unnecssary -> unnecessay,user,3,mixed-uptake,Reformulate,Active
U044,What does unnecessay mean?,assistant,3,mixed-uptake,,
U005,I don't understand why time consumption can be the reason about doing exercise,user,2,high-uptake,Reject,Active
U005,Okay. I will change it to make it clearer.,assistant,2,high-uptake,,
U005,"Good job! Peer acknowledged your feedback!
Let's move to the next error!",system,2,high-uptake,,
U005,How do I fix this?,assistant,2,high-uptake,,
U044,"Not unnecessay, it's unnecessary",user,3,mixed-uptake,Reformulate,Active
U044,What does unnecessary mean?,assistant,3,mixed-uptake,,
U005,"It is not effective. Because, this sentence don't have any idea about doing exercise",user,2,high-uptake,Amplification,Constructive
U005,Okay. I will add 'to' before 'spend' here.,assistant,2,high-uptake,,
U005,"Good job! Peer acknowledged your feedback!
Let's move to the next error!",system,2,high-uptake,,
U048,주어와 동사의 일치는 주어가 복수일 때 동사도 복수형이 되어야 해. 지금 네가 쓴 문장의 주어는 복수형이니까 동사도 복수형으로 맞춰서 써 봐.,user,1,low-uptake,Amplification,Constructive
U005,How do I fix this?,assistant,2,high-uptake,,
U048,How do I change the verb to plural?,assistant,1,low-uptake,,
U044,it means something that is not needed or not required,user,3,mixed-uptake,Amplification,Constructive
U044,So it has to be unnecessay to rush everything?,assistant,3,mixed-uptake,,
U044,"Oh no, peer made a mistake while applying your feedback.
Please give a more detailed feedback",system,3,mixed-uptake,,
U044,unnecessary to rush everything,user,3,mixed-uptake,Reformulate,Active
U044,"Okay, I will change it to unnecessary.",assistant,3,mixed-uptake,,
U044,"Good job! Peer acknowledged your feedback!
Let's move to the next error!",system,3,mixed-uptake,,
U044,What's wrong here?,assistant,3,mixed-uptake,,
U048,"have의 경우 has가 단수형, have가 복수형이야.",user,1,low-uptake,Exemplification,Constructive
U048,How do I know if it's singular or plural?,assistant,1,low-uptake,,
U048,동사가 -s나 -es로 끝나면 보통 단수형이야,user,1,low-uptake,Amplification,Constructive
U048,I will change 'has' to 'have' here.,assistant,1,low-uptake,,
U048,"Good job! Peer acknowledged your feedback!
Let's move to the next error!",system,1,low-uptake,,
U048,What's wrong here?,assistant,1,low-uptake,,
U048,주어와 동사의 수일치를 시켜봐,user,1,low-uptake,Reformulate,Active
U048,What does it mean to change the verb for plural?,assistant,1,low-uptake,,
U048,주어가 복수일 때는 동사에서 -s를 빼고 쓰는 걸 말해. 근데 is의 경우 be동사라는 특이한 경우인걸 참고해,user,1,low-uptake,Amplification,Constructive
U048,How do I know it's plural?,assistant,1,low-uptake,,
U048,동사를 말하는거야? 명사를 말하는거야?,user,1,low-uptake,Metacognitive,Constructive
U048,Are you talking about the verb or the noun?,assistant,1,low-uptake,,
U048,"명사의 경우 보통 복수면 -s, -es를 붙여",user,1,low-uptake,Exemplification,Constructive
U048,Okay. I will change 'There is' to 'There are' here.,assistant,1,low-uptake,,
U048,"Good job! Peer acknowledged your feedback!
Let's move to the next error!",system,1,low-uptake,,
U048,Can you give me feedback on this part?,assistant,1,low-uptake,,
U048,"they는 복수주어인데, 동사가 단수형이야",user,1,low-uptake,Amplification,Constructive
U048,What does it mean that the verb is singular?,assistant,1,low-uptake,,
U048,"동사의 경우, 보통 기본형에서 s가 붙으면 단수형이야.",user,1,low-uptake,Exemplification,Constructive
U048,Why does adding s make it singular?,assistant,1,low-uptake,,
U048,"영어의 문법 체계에서 주어가 3인칭 단수일 때, 이는 동사에 영향을 미쳐서 s나 es를 붙여. 이것이 동사의 단수형이야.",user,1,low-uptake,Amplification,Constructive
U048,What does it mean that the verb is singular?,assistant,1,low-uptake,,
U048,"주어가 단수이고, 3인칭일때 이를 동사에 적용시켜 s를 붙이는게 동사의 단수형이야",user,1,low-uptake,Amplification,Constructive
U048,Okay. I will change 'needs' to 'need' here.,assistant,1,low-uptake,,
U048,"Good job! Peer acknowledged your feedback!
Let's move to the next error!",system,1,low-uptake,,
U048,How can I improve here?,assistant,1,low-uptake,,
U048,"fast food restaurant를 eating fast food로 바꿔봐. 서술어가 '건강하다'인데, 패스트 푸드 레스토랑이 건강하다는 표현은 어색해.",user,1,low-uptake,Exemplification,Constructive
U048,What does it mean that it's awkward to say fast food restaurant is healthy?,assistant,1,low-uptake,,
U048,건강하다는 보통 사람이나 동물 등 생명체에 사용되는 서술어야. 레스토랑은 건강하다라는 표현이 어색해.,user,1,low-uptake,Amplification,Constructive
U048,What does it mean that it's awkward to say a restaurant is healthy?,assistant,1,low-uptake,,
U048,건강하다의 주체는 보통 사람이나 생명체야. 이 기준으로 보면 레스토랑이라는 주어와 서술어의 호응이 맞지않아서 어색해.,user,1,low-uptake,Amplification,Constructive
U048,What does it mean that the subject and predicate do not match?,assistant,1,low-uptake,,
U048,주어가 가진 성격이나 성질과 서술어가 맞지않다는거야.,user,1,low-uptake,Amplification,Constructive
U048,Okay. I will change 'fast food restaurant' to 'eating fast food' here.,assistant,1,low-uptake,,
U048,"Good job! Peer acknowledged your feedback!
Let's move to the next error!",system,1,low-uptake,,
U048,How can I improve here?,assistant,1,low-uptake,,
U048,How can I improve here?,assistant,1,low-uptake,,
U048,How do I fix this?,assistant,1,low-uptake,,
U048,How do I fix this?,assistant,1,low-uptake,,
U048,Can you give me feedback on this part?,assistant,1,low-uptake,,
U048,What's wrong here?,assistant,1,low-uptake,,
U048,How can I improve here?,assistant,1,low-uptake,,
U019,How can I improve here?,assistant,2,mixed-uptake,,
U019,gets--> get,user,2,mixed-uptake,Reformulate,Active
U019,Why does gets change to get?,assistant,2,mixed-uptake,,
U019,"you can only use an original form of verb when it comes right after ""will""",user,2,mixed-uptake,Amplification,Constructive
U019,Okay. I will change 'gets' to 'get' here.,assistant,2,mixed-uptake,,
U019,"Good job! Peer acknowledged your feedback!
Let's move to the next error!",system,2,mixed-uptake,,
U019,Can you give me feedback on this part?,assistant,2,mixed-uptake,,
U019,"""it"" should be deleted",user,2,mixed-uptake,Reformulate,Active
U019,Why should I delete 'it'?,assistant,2,mixed-uptake,,
U019,"""linked to"" should be used in a row",user,2,mixed-uptake,Amplification,Constructive
U019,What does 'linked to' used in a row mean?,assistant,2,mixed-uptake,,
U019,And this is linked to better health is right sentence,user,2,mixed-uptake,Amplification,Constructive
U019,Okay. I will change 'linked it to' to 'linked to' here.,assistant,2,mixed-uptake,,
U019,"Good job! Peer acknowledged your feedback!
Let's move to the next error!",system,2,mixed-uptake,,
U019,What's wrong here?,assistant,2,mixed-uptake,,
U019,cans --> can,user,2,mixed-uptake,Reformulate,Active
U019,So it should be can be leaded to poor performance?,assistant,2,mixed-uptake,,
U019,"Oh no, peer made a mistake while applying your feedback.
Please give a more detailed feedback",system,2,mixed-uptake,,
U019,yes,user,2,mixed-uptake,Accept,Passive
U019,So it should be can be lead to poor performance?,assistant,2,mixed-uptake,,
U019,"Oh no, peer made a mistake while applying your feedback.
Please give a more detailed feedback",system,2,mixed-uptake,,
U019,yes,user,2,mixed-uptake,Accept,Passive
U019,So it should be can be leaded to poor performance?,assistant,2,mixed-uptake,,
U019,"Oh no, peer made a mistake while applying your feedback.
Please give a more detailed feedback",system,2,mixed-uptake,,
U019,yes. that is correct,user,2,mixed-uptake,Accept,Passive
U019,Okay. I will change 'leaded' to 'led' and 'cans' to 'can' here.,assistant,2,mixed-uptake,,
U019,"Good job! Peer acknowledged your feedback!
Let's move to the next error!",system,2,mixed-uptake,,
U019,Can you give me feedback on this part?,assistant,2,mixed-uptake,,
U028,How can I improve here?,assistant,3,low-uptake,,
U019,understanding --> following,user,2,mixed-uptake,Reformulate,Active
U019,Okay. I will change 'understanding' to 'following' here.,assistant,2,mixed-uptake,,
U019,"Good job! Peer acknowledged your feedback!
Let's move to the next error!",system,2,mixed-uptake,,
U019,How do I fix this?,assistant,2,mixed-uptake,,
U019,Let's go into more detail about these sounds more natural,user,2,mixed-uptake,Reformulate,Active
U019,What does it mean to sound more natural?,assistant,2,mixed-uptake,,
U028,side word is vague. you want to argue about social media`s good and bad points. So choose another word more obvious.,user,3,low-uptake,Amplification,Constructive
U028,What word should I use instead of vague?,assistant,3,low-uptake,,
U019,it means that is smoother expression,user,2,mixed-uptake,Amplification,Constructive
U019,What does smoother expression mean?,assistant,2,mixed-uptake,,
U019,easy to read,user,2,mixed-uptake,Amplification,Constructive
U019,What does easy to read mean?,assistant,2,mixed-uptake,,
U028,"instead of sides, i think aspects is more good word in this purpose and paragragh.",user,3,low-uptake,Reformulate,Active
U028,Why is aspects a better word than sides?,assistant,3,low-uptake,,
U019,easy to understand directly,user,2,mixed-uptake,Amplification,Constructive
U019,Okay. I will change 'Let's go deeply about these' to 'Let's go [into more detail] about these'.,assistant,2,mixed-uptake,,
U019,"Good job! Peer acknowledged your feedback!
Let's move to the next error!",system,2,mixed-uptake,,
U019,How can I improve here?,assistant,2,mixed-uptake,,
U028,more concrete and intuitive,user,3,low-uptake,Amplification,Constructive
U028,What does more concrete and intuitive mean?,assistant,3,low-uptake,,
U028,reader can understand easily.,user,3,low-uptake,Amplification,Constructive
U028,I will use 'aspects' instead of 'sides' to make it clearer.,assistant,3,low-uptake,,
U028,"Good job! Peer acknowledged your feedback!
Let's move to the next error!",system,3,low-uptake,,
U028,How can I improve here?,assistant,3,low-uptake,,
U019,needed -> essential,user,2,mixed-uptake,Reformulate,Active
U019,What does essential mean?,assistant,2,mixed-uptake,,
U019,needed,user,2,mixed-uptake,Reformulate,Active
U019,What does essential mean?,assistant,2,mixed-uptake,,
U019,necessary,user,2,mixed-uptake,Reformulate,Active
U019,Okay. I will change 'needed' to 'essential' here.,assistant,2,mixed-uptake,,
U019,"Good job! Peer acknowledged your feedback!
Let's move to the next error!",system,2,mixed-uptake,,
U019,Can you give me feedback on this part?,assistant,2,mixed-uptake,,
U028,"You want to say emotion change because of social media. So instead of feel, get is better.",user,3,low-uptake,Reformulate,Active
U028,Why is get better than feel?,assistant,3,low-uptake,,
U028,"than feel the influence, get the influence is more general and natural. even intuitive word.",user,3,low-uptake,Amplification,Constructive
U028,What does general and natural mean?,assistant,3,low-uptake,,
U028,reader have experienced about using that representation in daily.,user,3,low-uptake,Amplification,Constructive
U028,What does reader have experienced about using that representation in daily mean?,assistant,3,low-uptake,,
U028,it means to be socially accepted,user,3,low-uptake,Reformulate,Active
U028,Okay. I will change 'feel' to 'get' here.,assistant,3,low-uptake,,
U028,"Good job! Peer acknowledged your feedback!
Let's move to the next error!",system,3,low-uptake,,
U028,How can I improve here?,assistant,3,low-uptake,,
U028,you said good and bad impacts. So you add 'good and bad' before impacts.,user,3,low-uptake,Reformulate,Active
U028,Why I need to add 'good and bad' before impacts?,assistant,3,low-uptake,,
U028,"this sentence is not handle overall. So by adding this phrase, you can make sure your paragragh overally.",user,3,low-uptake,Amplification,Constructive
U028,What does it mean to handle overall?,assistant,3,low-uptake,,
U028,it means to cover the entire paragragh.,user,3,low-uptake,Amplification,Constructive
U028,What does it mean to cover the entire paragragh?,assistant,3,low-uptake,,
U028,it means to organize the whole thing you wanted to convey.,user,3,low-uptake,Amplification,Constructive
U028,I will add 'good and bad' before 'impacts'.,assistant,3,low-uptake,,
U028,"Good job! Peer acknowledged your feedback!
Let's move to the next error!",system,3,low-uptake,,
U028,How can I improve here?,assistant,3,low-uptake,,
U028,You should change gets -> get. Because subject is plural form,user,3,low-uptake,Amplification,Constructive
U028,What does plural form mean?,assistant,3,low-uptake,,
U028,"it means not just one, but several.",user,3,low-uptake,Amplification,Constructive
U028,What does it mean to have several?,assistant,3,low-uptake,,
U028,not one,user,3,low-uptake,Reformulate,Active
U028,What does not one mean?,assistant,3,low-uptake,,
U028,many!,user,3,low-uptake,Reformulate,Active
U028,Okay. I will change 'can' to 'could' here.,assistant,3,low-uptake,,
U028,"Good job! Peer acknowledged your feedback!
Let's move to the next error!",system,3,low-uptake,,
U028,How do I fix this?,assistant,3,low-uptake,,
U028,connect must be changed connects,user,3,low-uptake,Reformulate,Active
U028,How do I change connect to connects?,assistant,3,low-uptake,,
U028,"instead of 'connect', you have to use 'connects'.",user,3,low-uptake,Reformulate,Active
U028,Why do I need to change connect to connects?,assistant,3,low-uptake,,
U028,because subject is one!,user,3,low-uptake,Amplification,Constructive
U028,What does subject is one mean?,assistant,3,low-uptake,,
U028,subject is not many things.,user,3,low-uptake,Amplification,Constructive
U028,Okay. I will change 'connect' to 'connects' here.,assistant,3,low-uptake,,
U028,"Good job! Peer acknowledged your feedback!
Let's move to the next error!",system,3,low-uptake,,
U028,Can you give me feedback on this part?,assistant,3,low-uptake,,
U028,"instead of peoples, 'people`s' is better.",user,3,low-uptake,Reformulate,Active
U028,What does 'people's' mean?,assistant,3,low-uptake,,
U028,"you have to decorate the back with a formal, that is, a set with a back secntence.",user,3,low-uptake,Amplification,Constructive
U028,What does decorate the back with a formal mean?,assistant,3,low-uptake,,
U028,it means to give a modification.,user,3,low-uptake,Amplification,Constructive
U028,What does give a modification mean?,assistant,3,low-uptake,,
U028,it means to clarify meaning by giving additional information.,user,3,low-uptake,Amplification,Constructive
U028,Okay. I will change 'peoples' to 'people's' here.,assistant,3,low-uptake,,
U028,"Good job! Peer acknowledged your feedback!
Let's move to the next error!",system,3,low-uptake,,
U028,How can I improve here?,assistant,3,low-uptake,,
U018,What's wrong here?,assistant,2,high-uptake,,
U018,Can you give me feedback on this part?,assistant,2,high-uptake,,
U018,What is the meaning you are trying to say,user,2,high-uptake,Metacognitive,Constructive
U018,I will revise it to make the meaning clearer.,assistant,2,high-uptake,,
U018,"Good job! Peer acknowledged your feedback!
Let's move to the next error!",system,2,high-uptake,,
U018,Can you give me feedback on this part?,assistant,2,high-uptake,,
U018,change 'make' to 'changes' because 'it' is singular.,user,2,high-uptake,Amplification,Constructive
U018,Okay. I will change 'make' to 'changes' here.,assistant,2,high-uptake,,
U018,"Good job! Peer acknowledged your feedback!
Let's move to the next error!",system,2,high-uptake,,
U018,What's wrong here?,assistant,2,high-uptake,,
U018,put 'but' between 'tasty' and 'it'.,user,2,high-uptake,Reformulate,Active
U018,I will put 'but' between 'tasty' and 'it'.,assistant,2,high-uptake,,
U018,"Good job! Peer acknowledged your feedback!
Let's move to the next error!",system,2,high-uptake,,
U018,How can I improve here?,assistant,2,high-uptake,,
U018,Where?,user,2,high-uptake,Others,Others
U018,So it should be tasty but it are not as good?,assistant,2,high-uptake,,
U018,"Oh no, peer made a mistake while applying your feedback.
Please give a more detailed feedback",system,2,high-uptake,,
U018,yes,user,2,high-uptake,Accept,Passive
U018,Okay. I will change 'it are' to 'it is' here.,assistant,2,high-uptake,,
U018,"Good job! Peer acknowledged your feedback!
Let's move to the next error!",system,2,high-uptake,,
U018,What's wrong here?,assistant,2,high-uptake,,
U018,I can't see hightlight,user,2,high-uptake,Others,Others
U018,Okay. I will change 'hightlight' to 'highlight' here.,assistant,2,high-uptake,,
U018,"Good job! Peer acknowledged your feedback!
Let's move to the next error!",system,2,high-uptake,,
U018,Can you give me feedback on this part?,assistant,2,high-uptake,,
U018,where?,user,2,high-uptake,Others,Others
U018,Okay. I will change 'where?' to 'where'.,assistant,2,high-uptake,,
U018,"Good job! Peer acknowledged your feedback!
Let's move to the next error!",system,2,high-uptake,,
U018,How can I improve here?,assistant,2,high-uptake,,
U024,Can you give me feedback on this part?,assistant,3,mixed-uptake,,
U024,"the sky is singular noun, so you have to use singular verb, which is seems",user,3,mixed-uptake,Amplification,Constructive
U024,Why is it seems?,assistant,3,mixed-uptake,,
U024,What's wrong here?,assistant,3,mixed-uptake,,
U024,How do I fix this?,assistant,3,mixed-uptake,,
U024,"In this sentence, you used plural subject, so you should use plural verb, experience.",user,3,mixed-uptake,Amplification,Constructive
U024,Okay. I will change 'experiences' to 'experience' here.,assistant,3,mixed-uptake,,
U024,"Good job! Peer acknowledged your feedback!
Let's move to the next error!",system,3,mixed-uptake,,
U024,How can I improve here?,assistant,3,mixed-uptake,,
U024,"this sentence needs more explaination about ""this situation""",user,3,mixed-uptake,Reject,Active
U024,How do I explain 'this situation' more?,assistant,3,mixed-uptake,,
U024,use previous sentence,user,3,mixed-uptake,Connection,Constructive
U024,How do I use the previous sentence?,assistant,3,mixed-uptake,,
U024,think about what does this situation mean.,user,3,mixed-uptake,Metacognitive,Constructive
U024,What does this situation mean?,assistant,3,mixed-uptake,,
U024,then tell me what you disagree about,user,3,mixed-uptake,Metacognitive,Constructive
U024,Okay. I will change the sentence to clarify my disagreement.,assistant,3,mixed-uptake,,
U024,"Good job! Peer acknowledged your feedback!
Let's move to the next error!",system,3,mixed-uptake,,
U024,What's wrong here?,assistant,3,mixed-uptake,,
U024,there's missing thesis statement,user,3,mixed-uptake,Reject,Active
U024,So I need to add thesis statement in my main idea?,assistant,3,mixed-uptake,,
U024,"Oh no, peer made a mistake while applying your feedback.
Please give a more detailed feedback",system,3,mixed-uptake,,
U043,How can I improve here?,assistant,2,low-uptake,,
U043,Can you give me feedback on this part?,assistant,2,low-uptake,,
U024,"these state ""change of original habits"", so it is singualr. these should be this",user,3,mixed-uptake,Amplification,Constructive
U024,So I need to say this change of original habits?,assistant,3,mixed-uptake,,
U024,"Oh no, peer made a mistake while applying your feedback.
Please give a more detailed feedback",system,3,mixed-uptake,,
U024,"no, i was talking about ""these"" after what",user,3,mixed-uptake,Amplification,Constructive
U043,"there is problem with 'Do""",user,2,low-uptake,Reject,Active
U024,I will change 'these' to 'this' after what.,assistant,3,mixed-uptake,,
U024,"Good job! Peer acknowledged your feedback!
Let's move to the next error!",system,3,mixed-uptake,,
U024,How do I fix this?,assistant,3,mixed-uptake,,
U043,What is wrong with 'Do'?,assistant,2,low-uptake,,
U043,change it to Does,user,2,low-uptake,Reformulate,Active
U043,Why change it to Does?,assistant,2,low-uptake,,
U043,correct usage of present simple,user,2,low-uptake,Amplification,Constructive
U043,What is correct usage of present simple?,assistant,2,low-uptake,,
U043,changing do to does,user,2,low-uptake,Reformulate,Active
U043,I will change 'Do' to 'Does' here.,assistant,2,low-uptake,,
U043,"Good job! Peer acknowledged your feedback!
Let's move to the next error!",system,2,low-uptake,,
U043,How can I improve here?,assistant,2,low-uptake,,
U024,"cars are plural, we must not use a",user,3,mixed-uptake,Amplification,Constructive
U024,Why can't I use 'a' with cars?,assistant,3,mixed-uptake,,
U024,because a mean just one thing,user,3,mixed-uptake,Amplification,Constructive
U024,What does it mean a mean just one thing?,assistant,3,mixed-uptake,,
U043,change peoples to people,user,2,low-uptake,Reformulate,Active
U043,What does changing peoples to people mean?,assistant,2,low-uptake,,
U024,"we use ""a"" before the singular noun",user,3,mixed-uptake,Reformulate,Active
U024,Okay. I will change 'a' to remove it here.,assistant,3,mixed-uptake,,
U024,"Good job! Peer acknowledged your feedback!
Let's move to the next error!",system,3,mixed-uptake,,
U024,How do I fix this?,assistant,3,mixed-uptake,,
U043,because people is already plural,user,2,low-uptake,Amplification,Constructive
U043,What does plural mean?,assistant,2,low-uptake,,
U043,a word denoting more than one,user,2,low-uptake,Exemplification,Constructive
U043,What does a word denoting more than one mean?,assistant,2,low-uptake,,
U043,plural,user,2,low-uptake,Reformulate,Active
U043,I will change 'peoples' to 'people' here.,assistant,2,low-uptake,,
U043,"Good job! Peer acknowledged your feedback!
Let's move to the next error!",system,2,low-uptake,,
U043,What's wrong here?,assistant,2,low-uptake,,
U043,change to communicate to communication,user,2,low-uptake,Reformulate,Active
U043,Why change to communication?,assistant,2,low-uptake,,
U043,How do I fix this?,assistant,3,low-uptake,,
U043,change enhance to enhanced,user,3,low-uptake,Reformulate,Active
U043,Why change enhance to enhanced?,assistant,3,low-uptake,,
U043,correct usage of past simple,user,3,low-uptake,Amplification,Constructive
U043,What is correct usage of past simple?,assistant,3,low-uptake,,
U043,changing enhance to enhanced,user,3,low-uptake,Reformulate,Active
U043,What is past simple?,assistant,3,low-uptake,,
U043,a grammar rule,user,3,low-uptake,Amplification,Constructive
U043,Okay. I will change 'have' to 'has' and 'enhance' to 'enhanced' here.,assistant,3,low-uptake,,
U043,"Good job! Peer acknowledged your feedback!
Let's move to the next error!",system,3,low-uptake,,
U043,How do I fix this?,assistant,3,low-uptake,,
U043,"add to between ""hard"" and ""envision""",user,3,low-uptake,Reformulate,Active
U043,Why add to between 'hard' and 'envision'?,assistant,3,low-uptake,,
U043,correct usage of infinitive,user,3,low-uptake,Amplification,Constructive
U043,What is correct usage of infinitive?,assistant,3,low-uptake,,
U043,"adding ""t""",user,3,low-uptake,Reformulate,Active
U043,What does adding 't' mean?,assistant,3,low-uptake,,
U043,"adding ""to""",user,3,low-uptake,Reformulate,Active
U043,Okay. I will add 'to' here.,assistant,3,low-uptake,,
U043,"Good job! Peer acknowledged your feedback!
Let's move to the next error!",system,3,low-uptake,,
U043,How can I improve here?,assistant,3,low-uptake,,
U018,How do I fix this?,assistant,3,high-uptake,,
U018,How do I fix this?,assistant,3,high-uptake,,
U018,How do I fix this?,assistant,3,high-uptake,,
U018,change 'worsen' to worse,user,3,high-uptake,Reformulate,Active
U018,"Okay, I will change 'worsen' to 'worse' here.",assistant,3,high-uptake,,
U018,"Good job! Peer acknowledged your feedback!
Let's move to the next error!",system,3,high-uptake,,
U018,How can I improve here?,assistant,3,high-uptake,,
U048,Can you give me feedback on this part?,assistant,2,low-uptake,,
U014,How can I improve here?,assistant,3,high-uptake,,
U014,"change ""cause"" to ""causes""",user,3,high-uptake,Reformulate,Active
U014,Okay. I will change 'cause' to 'causes' here.,assistant,3,high-uptake,,
U014,"Good job! Peer acknowledged your feedback!
Let's move to the next error!",system,3,high-uptake,,
U014,Can you give me feedback on this part?,assistant,3,high-uptake,,
U014,"change ""reasons"" to ""reason""",user,3,high-uptake,Reformulate,Active
U014,Why do I need to change 'reasons' to 'reason'?,assistant,3,high-uptake,,
U014,because we will talk about only one reason in this paragraph,user,3,high-uptake,Amplification,Constructive
U014,Okay. I will change 'reasons' to 'reason' here.,assistant,3,high-uptake,,
U014,"Good job! Peer acknowledged your feedback!
Let's move to the next error!",system,3,high-uptake,,
U014,How do I fix this?,assistant,3,high-uptake,,
U014,change the first letter of this sentence to capital letter,user,3,high-uptake,Reformulate,Active
U014,Okay. I will change 'if' to 'If' here.,assistant,3,high-uptake,,
U014,"Good job! Peer acknowledged your feedback!
Let's move to the next error!",system,3,high-uptake,,
U014,What's wrong here?,assistant,3,high-uptake,,
U048,and so on 뒤에 구두점을 하나만 찍어,user,2,low-uptake,Reformulate,Active
U048,What does 구두점 mean?,assistant,2,low-uptake,,
U048,구두점은 . 이거야,user,2,low-uptake,Amplification,Constructive
U048,What is 구두점?,assistant,2,low-uptake,,
U048,구두점 is punctuation mark,user,2,low-uptake,Amplification,Constructive
U048,What does punctuation mark mean?,assistant,2,low-uptake,,
U014,"it is better that change ""First of all"" to ""The first reason is""",user,3,high-uptake,Reformulate,Active
U014,Why should I change it to 'The first reason is'?,assistant,3,high-uptake,,
U014,because you can emphasize that your are giving a reason,user,3,high-uptake,Amplification,Constructive
U014,Okay. I will change 'First of all' to 'The first reason is' here.,assistant,3,high-uptake,,
U014,"Good job! Peer acknowledged your feedback!
Let's move to the next error!",system,3,high-uptake,,
U014,What's wrong here?,assistant,3,high-uptake,,
U014,please delete the second comma,user,3,high-uptake,Reformulate,Active
U014,Okay. I will delete the second comma here.,assistant,3,high-uptake,,
U014,"Good job! Peer acknowledged your feedback!
Let's move to the next error!",system,3,high-uptake,,
U014,Can you give me feedback on this part?,assistant,3,high-uptake,,
U048,지금 Many앞에 있는 명사구뒤에 구두점은 불필요해보여,user,2,low-uptake,Reject,Active
U048,Okay. I will remove the punctuation after 'honesty'.,assistant,2,low-uptake,,
U048,"Good job! Peer acknowledged your feedback!
Let's move to the next error!",system,2,low-uptake,,
U048,How do I fix this?,assistant,2,low-uptake,,
U048,구두점을 없애고 Many를 many로 바꿔,user,2,low-uptake,Reformulate,Active
U048,What does punctuation mark mean in this case?,assistant,2,low-uptake,,
U048,punctuation mark는 문장을 끝맺을때 사용하는 문법기호야,user,2,low-uptake,Amplification,Constructive
U048,What does punctuation mark mean in this case?,assistant,2,low-uptake,,
U048,punctuation mark는 문장을 끝맺을때 사용하는 문법기호야,user,2,low-uptake,Amplification,Constructive
U048,What does a punctuation mark mean?,assistant,2,low-uptake,,
U048,"punctuation mark는 문장을 끝낼 때 사용하는 문법기호로, . 이거야",user,2,low-uptake,Amplification,Constructive
U048,Okay. I will change 'Many' to 'many' here.,assistant,2,low-uptake,,
U048,"Good job! Peer acknowledged your feedback!
Let's move to the next error!",system,2,low-uptake,,
U048,How do I fix this?,assistant,2,low-uptake,,
U052,How can I improve here?,assistant,1,high-uptake,,
U021,Can you give me feedback on this part?,assistant,1,mixed-uptake,,
U052,not doesn't. You have to use don't because people is a plural form,user,1,high-uptake,Amplification,Constructive
U052,Okay. I will change 'doesn't' to 'don't' here.,assistant,1,high-uptake,,
U052,"Good job! Peer acknowledged your feedback!
Let's move to the next error!",system,1,high-uptake,,
U052,Can you give me feedback on this part?,assistant,1,high-uptake,,
U021,book provides a depth knowledge -> books provide some depth knowledge,user,1,mixed-uptake,Reformulate,Active
U021,I will change 'book' to 'books' here.,assistant,1,mixed-uptake,,
U021,"Good job! Peer acknowledged your feedback!
Let's move to the next error!",system,1,mixed-uptake,,
U021,Can you give me feedback on this part?,assistant,1,mixed-uptake,,
U021,Firstly -> First,user,1,mixed-uptake,Reformulate,Active
U021,Why should it be 'First' instead of 'Firstly'?,assistant,1,mixed-uptake,,
U052,"has not much high degree, has lower is unnatural expressions. So how about how about change to doesn't have a high degree, and has fewer nutriednt sources",user,1,high-uptake,Amplification,Constructive
U052,Okay. I will change 'has not much high degree' to 'doesn't have a high degree' and 'has lower nutrient sources' to 'has fewer nutrient sources'.,assistant,1,high-uptake,,
U052,"Good job! Peer acknowledged your feedback!
Let's move to the next error!",system,1,high-uptake,,
U052,Can you give me feedback on this part?,assistant,1,high-uptake,,
U052,"This is present sentence, so you have to use believe",user,1,high-uptake,Amplification,Constructive
U052,So I will change it to I believe fast food affect people's health negatively?,assistant,1,high-uptake,,
U052,"Oh no, peer made a mistake while applying your feedback.
Please give a more detailed feedback",system,1,high-uptake,,
U021,it help -> it helps,user,1,mixed-uptake,Reformulate,Active
U052,yes,user,1,high-uptake,Accept,Passive
U021,Why is it 'helps' instead of 'help'?,assistant,1,mixed-uptake,,
U052,Okay. I will change 'believed' to 'believe' here.,assistant,1,high-uptake,,
U052,"Good job! Peer acknowledged your feedback!
Let's move to the next error!",system,1,high-uptake,,
U052,How do I fix this?,assistant,1,high-uptake,,
U021,it is pronoun of singular noun,user,1,mixed-uptake,Amplification,Constructive
U021,What does pronoun of singular noun mean?,assistant,1,mixed-uptake,,
U021,it' indicates singular noun. So you have to add 's' on verb,user,1,mixed-uptake,Amplification,Constructive
U021,Okay. I will change 'help' to 'helps' here.,assistant,1,mixed-uptake,,
U021,"Good job! Peer acknowledged your feedback!
Let's move to the next error!",system,1,mixed-uptake,,
U021,What's wrong here?,assistant,1,mixed-uptake,,
U021,expirences -> experiences,user,1,mixed-uptake,Reformulate,Active
U021,Okay. I will change 'expirences' to 'experiences' here.,assistant,1,mixed-uptake,,
U021,"Good job! Peer acknowledged your feedback!
Let's move to the next error!",system,1,mixed-uptake,,
U021,Can you give me feedback on this part?,assistant,1,mixed-uptake,,
U021,Can you give me feedback on this part?,assistant,2,mixed-uptake,,
U050,Can you give me feedback on this part?,assistant,3,high-uptake,,
U050,How do I fix this?,assistant,3,high-uptake,,
U021,they is not aware -> they are not aware,user,2,mixed-uptake,Reformulate,Active
U021,Why is it is instead of are?,assistant,2,mixed-uptake,,
U009,How can I improve here?,assistant,2,high-uptake,,
U021,"they' is plural pronoun. After plural pronoun, 'are' is correct grammatically",user,2,mixed-uptake,Amplification,Constructive
U008,How do I fix this?,assistant,3,low-uptake,,
U021,What does plural pronoun mean?,assistant,2,mixed-uptake,,
U009,travel을 traveling으로 바꾸면 좋을 것 같아,user,2,high-uptake,Reformulate,Active
U009,I will change 'travel' to 'traveling' here.,assistant,2,high-uptake,,
U009,"Good job! Peer acknowledged your feedback!
Let's move to the next error!",system,2,high-uptake,,
U009,How can I improve here?,assistant,2,high-uptake,,
U021,plural pronoun mean a pronoun that indicates 'many things',user,2,mixed-uptake,Amplification,Constructive
U021,I think it should be they is not aware because many things.,assistant,2,mixed-uptake,,
U021,"Oh no, peer made a mistake while applying your feedback.
Please give a more detailed feedback",system,2,mixed-uptake,,
U008,"In brief, ' they felt tired' is subject verb agreement error. If you want to passive verb, you have to use ""be+p.p"" form.",user,3,low-uptake,Amplification,Constructive
U008,What does subject verb agreement error mean?,assistant,3,low-uptake,,
U050,How can you fix it?,user,3,high-uptake,Metacognitive,Constructive
U050,I will change 'might be good' to 'can be good' here.,assistant,3,high-uptake,,
U050,"Good job! Peer acknowledged your feedback!
Let's move to the next error!",system,3,high-uptake,,
U050,Can you give me feedback on this part?,assistant,3,high-uptake,,
U009,동사가 없어. prives 뒤에 are이 들어가면 좋을 것 같아,user,2,high-uptake,Amplification,Constructive
U035,What's wrong here?,assistant,2,mixed-uptake,,
U009,I will add 'are' after 'prices' here.,assistant,2,high-uptake,,
U009,"Good job! Peer acknowledged your feedback!
Let's move to the next error!",system,2,high-uptake,,
U009,Can you give me feedback on this part?,assistant,2,high-uptake,,
U008,It means that you mistake writting in form.,user,3,low-uptake,Amplification,Constructive
U008,What does mistake writing in form mean?,assistant,3,low-uptake,,
U052,How do I fix this?,assistant,2,high-uptake,,
U035,Let's add Let's in front of this sentence,user,2,mixed-uptake,Reformulate,Active
U035,Why do we add Let's?,assistant,2,mixed-uptake,,
U021,"they is not -> they are not, become -> becomes",user,2,mixed-uptake,Reformulate,Active
U021,I understand now; I will use 'are' and 'becomes' correctly.,assistant,2,mixed-uptake,,
U021,"Good job! Peer acknowledged your feedback!
Let's move to the next error!",system,2,mixed-uptake,,
U021,How do I fix this?,assistant,2,mixed-uptake,,
U008,"If you want to use passive verb, you have to use not 'they felt tired' but 'they are felt tired'.",user,3,low-uptake,Exemplification,Constructive
U008,Why do I have to use 'they are felt tired'?,assistant,3,low-uptake,,
U035,"This is not a full-sentence. Consider is verb, so it cannot be a subject",user,2,mixed-uptake,Amplification,Constructive
U035,What does it mean that consider is a verb?,assistant,2,mixed-uptake,,
U008,"If you use only 'they felt tired', readers can not read easily that sentence.",user,3,low-uptake,Amplification,Constructive
U008,I will change 'they felt tired' to 'they are felt tired' here.,assistant,3,low-uptake,,
U008,"Good job! Peer acknowledged your feedback!
Let's move to the next error!",system,3,low-uptake,,
U008,How can I improve here?,assistant,3,low-uptake,,
U035,There's 5 types of sentence; are always verb here.,user,2,mixed-uptake,Amplification,Constructive
U035,What does it mean that are always verb?,assistant,2,mixed-uptake,,
U009,글에서는 bad point만 이야기하고 있어. good point는 주제에 맞지 않아서 빼야할 것 같아,user,2,high-uptake,Amplification,Constructive
U009,So I should just say there are only bad point?,assistant,2,high-uptake,,
U009,"Oh no, peer made a mistake while applying your feedback.
Please give a more detailed feedback",system,2,high-uptake,,
U035,You should use verb to every sentence,user,2,mixed-uptake,Amplification,Constructive
U035,Okay. I will change this to 'Let's [consider] learning without any guidance.',assistant,2,mixed-uptake,,
U035,"Good job! Peer acknowledged your feedback!
Let's move to the next error!",system,2,mixed-uptake,,
U035,How do I fix this?,assistant,2,mixed-uptake,,
U008,"In brief, "" that often people become ~~"" have error. The location of often is wrong.",user,3,low-uptake,Reject,Active
U008,What does location of often mean?,assistant,3,low-uptake,,
U021,"randomly, I have -> randomly, and I have",user,2,mixed-uptake,Reformulate,Active
U021,Why do I need to change 'by' to 'and'?,assistant,2,mixed-uptake,,
U021,No. just add and after comma,user,2,mixed-uptake,Reformulate,Active
U021,What does it mean to add 'and' after the comma?,assistant,2,mixed-uptake,,
U035,took comes after would so this word should be 'take',user,2,mixed-uptake,Amplification,Constructive
U035,Okay. I will change 'took' to 'take' here.,assistant,2,mixed-uptake,,
U035,"Good job! Peer acknowledged your feedback!
Let's move to the next error!",system,2,mixed-uptake,,
U035,Can you give me feedback on this part?,assistant,2,mixed-uptake,,
U021,"insert 'and' between 'randomly,' and 'I'",user,2,mixed-uptake,Reformulate,Active
U052,"not seem, you have to use can be seen. Because this sentence means passive",user,2,high-uptake,Amplification,Constructive
U021,I think I got it right with adding and after the comma.,assistant,2,mixed-uptake,,
U021,"Oh no, peer made a mistake while applying your feedback.
Please give a more detailed feedback",system,2,mixed-uptake,,
U052,So it should be language learning can be seen beneficial at first?,assistant,2,high-uptake,,
U052,"Oh no, peer made a mistake while applying your feedback.
Please give a more detailed feedback",system,2,high-uptake,,
U052,yes,user,2,high-uptake,Accept,Passive
U052,Okay. I will change 'seem' to 'be seen' here.,assistant,2,high-uptake,,
U052,"Good job! Peer acknowledged your feedback!
Let's move to the next error!",system,2,high-uptake,,
U052,How can I improve here?,assistant,2,high-uptake,,
U009,어,user,2,high-uptake,Accept,Passive
U009,Okay. I will remove 'good point' here.,assistant,2,high-uptake,,
U009,"Good job! Peer acknowledged your feedback!
Let's move to the next error!",system,2,high-uptake,,
U009,How do I fix this?,assistant,2,high-uptake,,
U035,This essay is about music education so emphasize 'music' to catch subject in this paragraph well.,user,2,mixed-uptake,Amplification,Constructive
U035,So it should be education are essential in our development?,assistant,2,mixed-uptake,,
U035,"Oh no, peer made a mistake while applying your feedback.
Please give a more detailed feedback",system,2,mixed-uptake,,
U021,"erase ',' after 'by'",user,2,mixed-uptake,Reformulate,Active
U021,"I will erase the ',' after 'by'.",assistant,2,mixed-uptake,,
U021,"Good job! Peer acknowledged your feedback!
Let's move to the next error!",system,2,mixed-uptake,,
U021,How can I improve here?,assistant,2,mixed-uptake,,
U050,"After this sentence, author reveal author's opinion. So, I think it is okay.",user,3,high-uptake,Accept,Passive
U050,I will change 'says' to 'say' and 'the others' to 'others' here.,assistant,3,high-uptake,,
U050,"Good job! Peer acknowledged your feedback!
Let's move to the next error!",system,3,high-uptake,,
U050,Can you give me feedback on this part?,assistant,3,high-uptake,,
U021,Erase,user,2,mixed-uptake,Reject,Active
U021,Why should I erase that?,assistant,2,mixed-uptake,,
U035,Yes.,user,2,mixed-uptake,Accept,Passive
U021,It's unnecessary,user,2,mixed-uptake,Amplification,Constructive
U035,Okay. I will change 'be' to 'are' here.,assistant,2,mixed-uptake,,
U035,"Good job! Peer acknowledged your feedback!
Let's move to the next error!",system,2,mixed-uptake,,
U035,What's wrong here?,assistant,2,mixed-uptake,,
U021,Why is it unnecessary?,assistant,2,mixed-uptake,,
U008,"often' is the one of Adverbs of Frequency which is included always, sometimes, etc. And it have to locate in front of normal verb or behind of Be-verb or auxiliary verb.",user,3,low-uptake,Amplification,Constructive
U009,전체적인 주제와 맞지 않아. 여행 하기 전에 그 시기를 생각하라는 내용이 들어가야 할 것 같아,user,2,high-uptake,Reformulate,Active
U008,What does it mean to locate 'often' in front of normal verb or behind Be-verb?,assistant,3,low-uptake,,
U009,What do you mean by thinking about the time before traveling?,assistant,2,high-uptake,,
U021,It's your choice. We don't have to write.,user,2,mixed-uptake,Metacognitive,Constructive
U021,What does it mean we don't have to write?,assistant,2,mixed-uptake,,
U035,This is correspond with in front of this sentence. So we should delete 'But',user,2,mixed-uptake,Amplification,Constructive
U035,So I should say we can relieve ourselves now following simple rhythmic exercises?,assistant,2,mixed-uptake,,
U035,"Oh no, peer made a mistake while applying your feedback.
Please give a more detailed feedback",system,2,mixed-uptake,,
U008,"It is Adverbs, so we have to locate near the verb",user,3,low-uptake,Amplification,Constructive
U008,What does locate near the verb mean?,assistant,3,low-uptake,,
U009,It is important to think about traveling time before planning a trip. 과 같은 느낌으로 바꾸어야 한다는 소리야,user,2,high-uptake,Exemplification,Constructive
U009,It should say think about traveling time for plan trip.,assistant,2,high-uptake,,
U009,"Oh no, peer made a mistake while applying your feedback.
Please give a more detailed feedback",system,2,high-uptake,,
U008,"If not, readers are felt hard when they read the sentence.",user,3,low-uptake,Amplification,Constructive
U009,그치,user,2,high-uptake,Accept,Passive
U008,Okay. I will change the location of 'often' here.,assistant,3,low-uptake,,
U009,What does 'think about traveling time before planning' mean?,assistant,2,high-uptake,,
U008,"Good job! Peer acknowledged your feedback!
Let's move to the next error!",system,3,low-uptake,,
U008,Can you give me feedback on this part?,assistant,3,low-uptake,,
U021,in winter break indicate past. I create -> I created,user,2,mixed-uptake,Amplification,Constructive
U021,I don't get it,assistant,2,mixed-uptake,,
U021,"Good job! Peer acknowledged your feedback!
Let's move to the next error!",system,2,mixed-uptake,,
U021,How do I fix this?,assistant,2,mixed-uptake,,
U052,There is nothing to change,user,2,high-uptake,Accept,Passive
U052,"Okay, I will keep it as is since there is nothing to change.",assistant,2,high-uptake,,
U052,"Good job! Peer acknowledged your feedback!
Let's move to the next error!",system,2,high-uptake,,
U052,Can you give me feedback on this part?,assistant,2,high-uptake,,
U050,"Many pets give unconditional love, which is benefit for humans understandably.",user,3,high-uptake,Reformulate,Active
U050,I will change 'is' to 'a' here.,assistant,3,high-uptake,,
U050,"Good job! Peer acknowledged your feedback!
Let's move to the next error!",system,3,high-uptake,,
U050,How do I fix this?,assistant,3,high-uptake,,
U052,I can't see the highlight parts,user,2,high-uptake,Others,Others
U052,What do you mean by highlight parts?,assistant,2,high-uptake,,
U009,summar에 여행 가는 것은 좋지 않기 때문에 여행 가는 계절을 고려해야 한다는 소리야,user,2,high-uptake,Amplification,Constructive
U009,I will change it to 'It is important to think about [the] traveling time before planning a trip.',assistant,2,high-uptake,,
U009,"Good job! Peer acknowledged your feedback!
Let's move to the next error!",system,2,high-uptake,,
U009,How can I improve here?,assistant,2,high-uptake,,
U021,few days ago' indicate past. explore more -> explored more,user,2,mixed-uptake,Amplification,Constructive
U021,"It should be I learned about nutrition in school last year, and explored more ideas a few days ago.",assistant,2,mixed-uptake,,
U021,"Oh no, peer made a mistake while applying your feedback.
Please give a more detailed feedback",system,2,mixed-uptake,,
U035,There mean two ways so we fix 'is' to 'are',user,2,mixed-uptake,Amplification,Constructive
U035,Why we change 'is' to 'are'?,assistant,2,mixed-uptake,,
U052,What is your part? Can you tell me which sentence it is,user,2,high-uptake,Metacognitive,Constructive
U052,I will clarify which sentence I am referring to.,assistant,2,high-uptake,,
U052,"Good job! Peer acknowledged your feedback!
Let's move to the next error!",system,2,high-uptake,,
U052,What's wrong here?,assistant,2,high-uptake,,
U035,Because there include 2 things,user,2,mixed-uptake,Amplification,Constructive
U035,What does include mean?,assistant,2,mixed-uptake,,
U021,Correct,user,2,mixed-uptake,Accept,Passive
U021,"So I should say I learned about nutrition in school last year, and explored more ideas a few day ago?",assistant,2,mixed-uptake,,
U021,"Oh no, peer made a mistake while applying your feedback.
Please give a more detailed feedback",system,2,mixed-uptake,,
U021,Yes.,user,2,mixed-uptake,Accept,Passive
U021,"It should be I learned about nutrition in school last year, and explore more ideas a few days ago.",assistant,2,mixed-uptake,,
U021,"Oh no, peer made a mistake while applying your feedback.
Please give a more detailed feedback",system,2,mixed-uptake,,
U052,There is nothing to improve in this sentence,user,2,high-uptake,Accept,Passive
U052,Okay. I will keep it as is since there is nothing to change.,assistant,2,high-uptake,,
U052,"Good job! Peer acknowledged your feedback!
Let's move to the next error!",system,2,high-uptake,,
U052,How do I fix this?,assistant,2,high-uptake,,
U021,explore -> explored,user,2,mixed-uptake,Reformulate,Active
U021,Okay. I will change 'explore' to 'explored' here.,assistant,2,mixed-uptake,,
U021,"Good job! Peer acknowledged your feedback!
Let's move to the next error!",system,2,mixed-uptake,,
U021,How do I fix this?,assistant,2,mixed-uptake,,
U009,summar과 비교하는 내용을 추가하면 좋을 것 같아. other less polular times of the year instead of summar과 같이.,user,2,high-uptake,Amplification,Constructive
U009,So I should say other less popular times in the year instead of summer for travel?,assistant,2,high-uptake,,
U009,"Oh no, peer made a mistake while applying your feedback.
Please give a more detailed feedback",system,2,high-uptake,,
U021,my brother ask -> my brother asks,user,2,mixed-uptake,Reformulate,Active
U009,그치,user,2,high-uptake,Accept,Passive
U021,Why does it change from ask to asks?,assistant,2,mixed-uptake,,
U009,"Okay, I will change it to 'other less popular times [of] the year instead of [summer] for [travel].'",assistant,2,high-uptake,,
U009,"Good job! Peer acknowledged your feedback!
Let's move to the next error!",system,2,high-uptake,,
U009,How do I fix this?,assistant,2,high-uptake,,
U021,my brother' is singular noun,user,2,mixed-uptake,Amplification,Constructive
U021,What does singular noun mean?,assistant,2,mixed-uptake,,
U035,oh i correct wrong. 'is' is correct. Let's change 'or' to 'and',user,2,mixed-uptake,Reformulate,Active
U035,Okay. I will change 'or' to 'and' here.,assistant,2,mixed-uptake,,
U035,"Good job! Peer acknowledged your feedback!
Let's move to the next error!",system,2,mixed-uptake,,
U035,How can I improve here?,assistant,2,mixed-uptake,,
U009,"주체가 명확하지 않아. 앞에서 말한, 뜨거운 것을 좋아하지 않는 사람은 tired or sick 할 수 있다는 내용이 들어가면 좋겠어",user,2,high-uptake,Amplification,Constructive
U009,I will make it clear that people who don't like hot weather can feel tired or sick.,assistant,2,high-uptake,,
U009,"Good job! Peer acknowledged your feedback!
Let's move to the next error!",system,2,high-uptake,,
U009,What's wrong here?,assistant,2,high-uptake,,
U008,"In first, ""The amount"" is capitalization error. 'The' is not needed to capitalization. so, you have to change ""The amount of ""into ""the amount of""",user,3,low-uptake,Amplification,Constructive
U008,Why is 'The' a capitalization error?,assistant,3,low-uptake,,
U021,"A singular noun is a word that names one person, place, thing, or idea.",user,2,mixed-uptake,Amplification,Constructive
U035,Let's fix grown to be grown,user,2,mixed-uptake,Reformulate,Active
U035,What does grown to be grown mean?,assistant,2,mixed-uptake,,
U021,I think it should be every day my brother asks me to make desserts.,assistant,2,mixed-uptake,,
U021,"Oh no, peer made a mistake while applying your feedback.
Please give a more detailed feedback",system,2,mixed-uptake,,
U035,Let's fix grown to been grown,user,2,mixed-uptake,Reformulate,Active
U035,Okay. I will change 'grown' to 'been grown' here.,assistant,2,mixed-uptake,,
U035,"Good job! Peer acknowledged your feedback!
Let's move to the next error!",system,2,mixed-uptake,,
U035,Can you give me feedback on this part?,assistant,2,mixed-uptake,,
U009,the hot sun으로 바꿔야할 것 같아,user,2,high-uptake,Reformulate,Active
U009,What does 'the hot sun' mean?,assistant,2,high-uptake,,
U035,Fix as example to for example,user,2,mixed-uptake,Reformulate,Active
U035,Okay. I will change 'as example' to 'for example' here.,assistant,2,mixed-uptake,,
U035,"Good job! Peer acknowledged your feedback!
Let's move to the next error!",system,2,mixed-uptake,,
U035,How do I fix this?,assistant,2,mixed-uptake,,
U009,sun 앞에서는 the가 붙어야하지 않아?,user,2,high-uptake,Metacognitive,Constructive
U009,I will change it to 'the hot sun' here.,assistant,2,high-uptake,,
U009,"Good job! Peer acknowledged your feedback!
Let's move to the next error!",system,2,high-uptake,,
U009,How do I fix this?,assistant,2,high-uptake,,
U035,Fix limits to limitations,user,2,mixed-uptake,Reformulate,Active
U035,What does limits mean?,assistant,2,mixed-uptake,,
U035,Let's fix have to has,user,2,mixed-uptake,Reformulate,Active
U035,Why does it change from have to has?,assistant,2,mixed-uptake,,
U009,go를 going으로 바꿔야할 것 같아,user,2,high-uptake,Reformulate,Active
U009,I will change 'go' to 'going' here.,assistant,2,high-uptake,,
U009,"Good job! Peer acknowledged your feedback!
Let's move to the next error!",system,2,high-uptake,,
U008,"By capitalization rules, capitalization used to the first of word which are the first of sentence or normal noun",user,3,low-uptake,Amplification,Constructive
U008,What does capitalization rules mean?,assistant,3,low-uptake,,
U035,Relying only books is just subject that the number is 1.,user,2,mixed-uptake,Amplification,Constructive
U035,What does it mean to have their limits?,assistant,2,mixed-uptake,,
U008,"So, you have to change 'The amount' into 'the amount'",user,3,low-uptake,Reformulate,Active
U008,What is capitalization error?,assistant,3,low-uptake,,
U035,They can't maintain concentration without music,user,2,mixed-uptake,Amplification,Constructive
U035,Okay. I will change 'limits' to 'limitations' here.,assistant,2,mixed-uptake,,
U035,"Good job! Peer acknowledged your feedback!
Let's move to the next error!",system,2,mixed-uptake,,
U035,Can you give me feedback on this part?,assistant,2,mixed-uptake,,
U008,"The' is not first of sentence, and also 'The amount of enjoyment' is not normal noun. So you have not use 'The'",user,3,low-uptake,Amplification,Constructive
U008,Okay. I will change 'The amount' into 'the amount' here.,assistant,3,low-uptake,,
U008,"Good job! Peer acknowledged your feedback!
Let's move to the next error!",system,3,low-uptake,,
U008,How can I improve here?,assistant,3,low-uptake,,
U035,Let's fix In to When the,user,2,mixed-uptake,Reformulate,Active
U035,"So I should change it to When stressful moments, many minds were overwhelmed by anxiety and stress?",assistant,2,mixed-uptake,,
U035,"Oh no, peer made a mistake while applying your feedback.
Please give a more detailed feedback",system,2,mixed-uptake,,
U035,"When the stressful moments, ~",user,2,mixed-uptake,Reformulate,Active
U035,"It should be when the stressful moments, minds were overwhelmed.",assistant,2,mixed-uptake,,
U035,"Oh no, peer made a mistake while applying your feedback.
Please give a more detailed feedback",system,2,mixed-uptake,,
U035,Right.,user,2,mixed-uptake,Accept,Passive
U035,What does that mean?,assistant,2,mixed-uptake,,
U008,"There are two independent clause, but there are not Coordinating Conjunction. So you have to add Coordinating Conjunction between two independent clause like 'and', 'or', 'so', and 'but'.",user,3,low-uptake,Amplification,Constructive
U008,What are independent clauses and Coordinating Conjunction?,assistant,3,low-uptake,,
U008,"Independent clauses is one perfect clauses, so it used to only one. However, people want to use many independent clauses in one sentence, Coordinating Conjunction is used.",user,3,low-uptake,Amplification,Constructive
U008,What is independent clauses?,assistant,3,low-uptake,,
U008,"Independent clauses is one perfect clauses, so it used to only one",user,3,low-uptake,Amplification,Constructive
U008,What is Coordinating Conjunction?,assistant,3,low-uptake,,
U035,Oh let's fix 'overwhelmed' to 'pressed',user,2,mixed-uptake,Reformulate,Active
U035,Okay. I will change 'overwhelmed' to 'pressed' here.,assistant,2,mixed-uptake,,
U035,"Good job! Peer acknowledged your feedback!
Let's move to the next error!",system,2,mixed-uptake,,
U008,"However, people want to use many independent clauses in one sentence, Coordinating Conjunction is used.",user,3,low-uptake,Amplification,Constructive
U008,I will add a Coordinating Conjunction here.,assistant,3,low-uptake,,
U008,"Good job! Peer acknowledged your feedback!
Let's move to the next error!",system,3,low-uptake,,
U008,How do I fix this?,assistant,3,low-uptake,,
U008,you miss ubject-Verb Agreement.,user,3,low-uptake,Reject,Active
U008,What is ubject-Verb Agreement?,assistant,3,low-uptake,,
U008,subject-Verb Agreement.,user,3,low-uptake,Reject,Active
U008,What is subject-Verb Agreement?,assistant,3,low-uptake,,
U008,"If you use 'It' in subject, you have to change 'make' to 'makes'",user,3,low-uptake,Amplification,Constructive
U008,Why I change 'make' to 'makes'?,assistant,3,low-uptake,,
U008,It is rule.,user,3,low-uptake,Amplification,Constructive
U008,Okay. I will change 'make' to 'makes' here.,assistant,3,low-uptake,,
U008,"Good job! Peer acknowledged your feedback!
Let's move to the next error!",system,3,low-uptake,,
U008,What's wrong here?,assistant,3,low-uptake,,
U022,What's wrong here?,assistant,1,low-uptake,,
U008,it makes them relaxed on weekend.' have error. change 'relaxed' to 'relax',user,3,low-uptake,Reformulate,Active
U008,Why I change 'relaxed' to 'relax'?,assistant,3,low-uptake,,
U008,people feel relax. So we don't have to use 'relax' in passive form.,user,3,low-uptake,Amplification,Constructive
U008,What does passive form mean?,assistant,3,low-uptake,,
U008,passive form is 'relaxed',user,3,low-uptake,Reformulate,Active
U008,What does passive form mean?,assistant,3,low-uptake,,
U022,like this -> that way,user,1,low-uptake,Reformulate,Active
U008,passive form is 'relaxed',user,3,low-uptake,Amplification,Constructive
U022,What does that mean?,assistant,1,low-uptake,,
U008,Okay. I will change 'relaxed' to 'relax' here.,assistant,3,low-uptake,,
U008,"Good job! Peer acknowledged your feedback!
Let's move to the next error!",system,3,low-uptake,,
U008,How do I fix this?,assistant,3,low-uptake,,
U008,"require' is error. 'instrument' is not subject of require much time and practice, so you have to use 'are required' than 'require'",user,3,low-uptake,Amplification,Constructive
U009,How can I improve here?,assistant,3,high-uptake,,
U008,How is 'require' an error?,assistant,3,low-uptake,,
U021,How do I fix this?,assistant,3,mixed-uptake,,
U021,Time fly -> Time flies,user,3,mixed-uptake,Reformulate,Active
U021,Okay. I will change 'fly' to 'flies' here.,assistant,3,mixed-uptake,,
U021,"Good job! Peer acknowledged your feedback!
Let's move to the next error!",system,3,mixed-uptake,,
U021,Can you give me feedback on this part?,assistant,3,mixed-uptake,,
U052,Can you give me feedback on this part?,assistant,3,high-uptake,,
U021,"Time fly -> Time flies, I can't ask -> I couldn't ask",user,3,mixed-uptake,Reformulate,Active
U021,I think it should be fly to flies and I can’t to couldn't ask.,assistant,3,mixed-uptake,,
U021,"Oh no, peer made a mistake while applying your feedback.
Please give a more detailed feedback",system,3,mixed-uptake,,
U008,"Subject Relative Pronoun errors. We can skip 'which','that',or 'who' only be-verb in Subject Relative Pronoun.",user,3,low-uptake,Amplification,Constructive
U022,It is more common that use 'think that way' in order to mean who think in a certain way,user,1,low-uptake,Reformulate,Active
U008,What does Subject Relative Pronoun errors mean?,assistant,3,low-uptake,,
U022,What does it mean to think that way?,assistant,1,low-uptake,,
U052,"teenagers is a plural form, so you have to use don't. And social media is a singular subject, so you have to use behaves",user,3,high-uptake,Amplification,Constructive
U022,someone thinks in a certain way,user,1,low-uptake,Reformulate,Active
U022,What does it mean to think in a certain way?,assistant,1,low-uptake,,
U052,Okay. I will change 'doesn't' to 'don't' and 'behave' to 'behaves' here.,assistant,3,high-uptake,,
U052,"Good job! Peer acknowledged your feedback!
Let's move to the next error!",system,3,high-uptake,,
U052,What's wrong here?,assistant,3,high-uptake,,
U008,"We can skip 'which','that',or 'who' only be-verb in Subject Relative Pronoun. However, in the sentence, there is no 'which' or 'that'.",user,3,low-uptake,Reject,Active
U008,"What does it mean to skip 'which', 'that', or 'who'?",assistant,3,low-uptake,,
U008,not need to write.,user,3,low-uptake,Reject,Active
U008,Okay. I will change 'require' to 'are required' here.,assistant,3,low-uptake,,
U008,"Good job! Peer acknowledged your feedback!
Let's move to the next error!",system,3,low-uptake,,
U009,will의 위치가 알맞지 않아. This will help you to have...으로 고쳐야 할 것 같아,user,3,high-uptake,Reformulate,Active
U009,"Okay, I will change this sentence to 'This [will] help you to have a safe journey and [to] be able to find your way back.'",assistant,3,high-uptake,,
U009,"Good job! Peer acknowledged your feedback!
Let's move to the next error!",system,3,high-uptake,,
U009,How do I fix this?,assistant,3,high-uptake,,
U021,There is no subject anywhere. when reflecting -> when I reflect on my day,user,3,mixed-uptake,Amplification,Constructive
U021,I think it should be when I reflects on my day.,assistant,3,mixed-uptake,,
U021,"Oh no, peer made a mistake while applying your feedback.
Please give a more detailed feedback",system,3,mixed-uptake,,
U021,I reflects -> I reflect,user,3,mixed-uptake,Reformulate,Active
U021,Okay. I will change 'when reflecting' to 'when I reflect' here.,assistant,3,mixed-uptake,,
U021,"Good job! Peer acknowledged your feedback!
Let's move to the next error!",system,3,mixed-uptake,,
U052,"the sentence is unnatural. So change the expression like this. ""they make brain unable to concentrate",user,3,high-uptake,Amplification,Constructive
U021,How do I fix this?,assistant,3,mixed-uptake,,
U009,about it을 빼면 자연스러울 것 같아,user,3,high-uptake,Amplification,Constructive
U052,Okay. I will change the sentence to 'they make [the] brain unable to concentrate.',assistant,3,high-uptake,,
U052,"Good job! Peer acknowledged your feedback!
Let's move to the next error!",system,3,high-uptake,,
U022,"As you referred, the certain way is that people think walking to office is beneficial",user,1,low-uptake,Exemplification,Constructive
U052,What's wrong here?,assistant,3,high-uptake,,
U009,I will remove 'about it' from the sentence.,assistant,3,high-uptake,,
U009,"Good job! Peer acknowledged your feedback!
Let's move to the next error!",system,3,high-uptake,,
U009,What's wrong here?,assistant,3,high-uptake,,
U022,Okay. I will change 'like this' to 'that way' here.,assistant,1,low-uptake,,
U022,"Good job! Peer acknowledged your feedback!
Let's move to the next error!",system,1,low-uptake,,
U022,How can I improve here?,assistant,1,low-uptake,,
U035,How can I improve here?,assistant,3,mixed-uptake,,
U009,can be보다는 is가 더 알맞다고 느껴져,user,3,high-uptake,Reformulate,Active
U009,I will change 'can be' to 'is' in this sentence.,assistant,3,high-uptake,,
U009,"Good job! Peer acknowledged your feedback!
Let's move to the next error!",system,3,high-uptake,,
U009,How can I improve here?,assistant,3,high-uptake,,
U052,one craze of content is wrong. contents.,user,3,high-uptake,Reformulate,Active
U052,Okay. I will change 'craze of content' to 'crazes of contents' here.,assistant,3,high-uptake,,
U052,"Good job! Peer acknowledged your feedback!
Let's move to the next error!",system,3,high-uptake,,
U052,What's wrong here?,assistant,3,high-uptake,,
U052,"No, one craze of contents",user,3,high-uptake,Reformulate,Active
U052,I think it should be one craze of contents.,assistant,3,high-uptake,,
U052,"Oh no, peer made a mistake while applying your feedback.
Please give a more detailed feedback",system,3,high-uptake,,
U021,it can still get hard -> it is still hard,user,3,mixed-uptake,Reformulate,Active
U021,I guess it is still hard then.,assistant,3,mixed-uptake,,
U021,"Oh no, peer made a mistake while applying your feedback.
Please give a more detailed feedback",system,3,mixed-uptake,,
U021,correct.,user,3,mixed-uptake,Accept,Passive
U021,I think it can still gets hard then.,assistant,3,mixed-uptake,,
U021,"Oh no, peer made a mistake while applying your feedback.
Please give a more detailed feedback",system,3,mixed-uptake,,
U022,"Rather than ""walking's influence"", just ""walking"" is simple.",user,1,low-uptake,Reformulate,Active
U022,Why is 'walking' better?,assistant,1,low-uptake,,
U052,"contents is plural form, so you have to use shift. Not shifts",user,3,high-uptake,Amplification,Constructive
U009,forgot이 틀렸어. forget으로 써야해,user,3,high-uptake,Reformulate,Active
U052,I will change 'shifts' to 'shift' here.,assistant,3,high-uptake,,
U052,"Good job! Peer acknowledged your feedback!
Let's move to the next error!",system,3,high-uptake,,
U052,What's wrong here?,assistant,3,high-uptake,,
U009,I will change 'forgot' to 'forget' here.,assistant,3,high-uptake,,
U009,"Good job! Peer acknowledged your feedback!
Let's move to the next error!",system,3,high-uptake,,
U009,Can you give me feedback on this part?,assistant,3,high-uptake,,
U035,Let's fix get to getting because 'getting little progress' is phrase,user,3,mixed-uptake,Amplification,Constructive
U035,I think it should be getting little progress now.,assistant,3,mixed-uptake,,
U035,"Oh no, peer made a mistake while applying your feedback.
Please give a more detailed feedback",system,3,mixed-uptake,,
U035,Good!,user,3,mixed-uptake,Praise,Passive
U035,Okay. I will change 'getting' to 'get' here.,assistant,3,mixed-uptake,,
U035,"Good job! Peer acknowledged your feedback!
Let's move to the next error!",system,3,mixed-uptake,,
U022,"You can mean your intention by using just ""walking""",user,1,low-uptake,Reformulate,Active
U035,Can you give me feedback on this part?,assistant,3,mixed-uptake,,
U022,What does it mean to mean my intention?,assistant,1,low-uptake,,
U009,두 문장이 인과관계여서 and보다는 so가 맞아,user,3,high-uptake,Amplification,Constructive
U052,there are some adverse outcomes of those. Put some,user,3,high-uptake,Reformulate,Active
U052,Okay. I will add 'there are' here.,assistant,3,high-uptake,,
U052,"Good job! Peer acknowledged your feedback!
Let's move to the next error!",system,3,high-uptake,,
U052,How can I improve here?,assistant,3,high-uptake,,
U009,I will change 'and' to 'so' here.,assistant,3,high-uptake,,
U009,"Good job! Peer acknowledged your feedback!
Let's move to the next error!",system,3,high-uptake,,
U009,How can I improve here?,assistant,3,high-uptake,,
U035,Let's fix enable to enables,user,3,mixed-uptake,Reformulate,Active
U035,I think it should be enables us to gain information fasted.,assistant,3,mixed-uptake,,
U035,"Oh no, peer made a mistake while applying your feedback.
Please give a more detailed feedback",system,3,mixed-uptake,,
U022,"You want to walking is beneficial, right?",user,1,low-uptake,Metacognitive,Constructive
U022,What does it mean to encourage it?,assistant,1,low-uptake,,
U021,I’ll explain my opinion based on two different experiences.,user,3,mixed-uptake,Reformulate,Active
U052,the position of engaging is verb. So you have to use engage,user,3,high-uptake,Amplification,Constructive
U021,So I will explaining my opinion based on two experiences?,assistant,3,mixed-uptake,,
U052,I will change 'engaging' to 'engage' here.,assistant,3,high-uptake,,
U052,"Good job! Peer acknowledged your feedback!
Let's move to the next error!",system,3,high-uptake,,
U052,How do I fix this?,assistant,3,high-uptake,,
U021,"Oh no, peer made a mistake while applying your feedback.
Please give a more detailed feedback",system,3,mixed-uptake,,
U022,It means that encourage people to walk,user,1,low-uptake,Amplification,Constructive
U022,Okay. I will change 'walking's influence' to 'walking' here.,assistant,1,low-uptake,,
U022,"Good job! Peer acknowledged your feedback!
Let's move to the next error!",system,1,low-uptake,,
U022,What's wrong here?,assistant,1,low-uptake,,
U051,How do I fix this?,assistant,1,low-uptake,,
U021,Fix sentence to 'I’ll explain my opinion based on two different experiences.',user,3,mixed-uptake,Reformulate,Active
U021,Okay. I will change the sentence.,assistant,3,mixed-uptake,,
U021,"Good job! Peer acknowledged your feedback!
Let's move to the next error!",system,3,mixed-uptake,,
U021,What's wrong here?,assistant,3,mixed-uptake,,
U009,주체가 없어서 it is important to always have a...로 써야해,user,3,high-uptake,Amplification,Constructive
U009,What does it mean to have a subject?,assistant,3,high-uptake,,
U022,"For subject-verb agreement, bring should be replaced with brings",user,1,low-uptake,Reformulate,Active
U022,What does subject-verb agreement mean?,assistant,1,low-uptake,,
U009,주어가 업성,user,3,high-uptake,Amplification,Constructive
U035,Let's fix with to with using,user,3,mixed-uptake,Reformulate,Active
U009,I think it should be it is important to have a steady supply.,assistant,3,high-uptake,,
U009,"Oh no, peer made a mistake while applying your feedback.
Please give a more detailed feedback",system,3,high-uptake,,
U035,"So I change it to but now, with the internet, we can access interactive learning tools with using.",assistant,3,mixed-uptake,,
U035,"Oh no, peer made a mistake while applying your feedback.
Please give a more detailed feedback",system,3,mixed-uptake,,
U035,yes!,user,3,mixed-uptake,Accept,Passive
U035,What does with using mean?,assistant,3,mixed-uptake,,
U022,"If subject is singular, you must use singular form of verb",user,1,low-uptake,Amplification,Constructive
U022,What does it mean to say subject is singular?,assistant,1,low-uptake,,
U035,Same with while using internet,user,3,mixed-uptake,Connection,Constructive
U035,Okay. I will change this to 'same as' for clarity.,assistant,3,mixed-uptake,,
U035,"Good job! Peer acknowledged your feedback!
Let's move to the next error!",system,3,mixed-uptake,,
U035,How do I fix this?,assistant,3,mixed-uptake,,
U022,It means the number of subject is one.,user,1,low-uptake,Amplification,Constructive
U022,What does it mean to say that number of subject is one?,assistant,1,low-uptake,,
U035,The essay's subject is music so we should tell about music,user,3,mixed-uptake,Amplification,Constructive
U035,I will include more about music in this sentence.,assistant,3,mixed-uptake,,
U035,"Good job! Peer acknowledged your feedback!
Let's move to the next error!",system,3,mixed-uptake,,
U035,How do I fix this?,assistant,3,mixed-uptake,,
U051,"Even if the form change, the rhythm inside always stays the same.",user,1,low-uptake,Amplification,Constructive
U051,What does form change mean?,assistant,1,low-uptake,,
U051,It means the form do change,user,1,low-uptake,Reject,Active
U051,What does do change mean?,assistant,1,low-uptake,,
U022,Only one thing do the action,user,1,low-uptake,Reject,Active
U022,"Okay. I will change 'walking to office nowadays, and it is a good habit, I suppose' to 'walking to [the] office nowadays, and it [is] a good habit, I suppose'.",assistant,1,low-uptake,,
U022,"Good job! Peer acknowledged your feedback!
Let's move to the next error!",system,1,low-uptake,,
U022,How can I improve here?,assistant,1,low-uptake,,
U021,"use examples -> uses examples, provide clear homework -> provides clear homework",user,3,mixed-uptake,Reformulate,Active
U021,So it should be I think about the qualities of a great teachers?,assistant,3,mixed-uptake,,
U021,"Oh no, peer made a mistake while applying your feedback.
Please give a more detailed feedback",system,3,mixed-uptake,,
U051,change,user,1,low-uptake,Reject,Active
U051,What does form do change mean?,assistant,1,low-uptake,,
U051,form change,user,1,low-uptake,Reject,Active
U051,Okay. I will change 'form' to 'the form'.,assistant,1,low-uptake,,
U051,"Good job! Peer acknowledged your feedback!
Let's move to the next error!",system,1,low-uptake,,
U051,How do I fix this?,assistant,1,low-uptake,,
U035,"We should tell the difference of form of lessons so fix 'with other option' to 'But nowadays,'",user,3,mixed-uptake,Amplification,Constructive
U035,"So it should be but nowadays, you just pick videos from internet?",assistant,3,mixed-uptake,,
U035,"Oh no, peer made a mistake while applying your feedback.
Please give a more detailed feedback",system,3,mixed-uptake,,
U021,"Fix sentence to 'I think a great teacher is someone who explains well, uses example, provides clear homework, and finds way to make the class interesting.'",user,3,mixed-uptake,Reformulate,Active
U035,yes!!,user,3,mixed-uptake,Accept,Passive
U021,Why do I need to change 'use' to 'uses'?,assistant,3,mixed-uptake,,
U035,"So it should be but nowadays, you just pick videos from the internet?",assistant,3,mixed-uptake,,
U035,"Oh no, peer made a mistake while applying your feedback.
Please give a more detailed feedback",system,3,mixed-uptake,,
U035,oh there are better,user,3,mixed-uptake,Praise,Passive
U022,likely->likely to,user,1,low-uptake,Reformulate,Active
U022,Why is it likely to instead of likely?,assistant,1,low-uptake,,
U035,"I will change 'With other option' to 'But nowadays,'",assistant,3,mixed-uptake,,
U035,"Good job! Peer acknowledged your feedback!
Let's move to the next error!",system,3,mixed-uptake,,
U035,What's wrong here?,assistant,3,mixed-uptake,,
U051,"Without having sadness, we can hear it in blue songs and understand the feeling.",user,1,low-uptake,Exemplification,Constructive
U021,Because 'a great teacher' is singular noun,user,3,mixed-uptake,Amplification,Constructive
U051,What does blue songs mean?,assistant,1,low-uptake,,
U021,What does singular noun mean?,assistant,3,mixed-uptake,,
U051,sad songs,user,1,low-uptake,Amplification,Constructive
U051,What does sad songs mean?,assistant,1,low-uptake,,
U021,"A singular noun is a word that names one person, place, thing, or idea.",user,3,mixed-uptake,Amplification,Constructive
U021,"I see, I will change 'teachers' to 'teacher' in this sentence.",assistant,3,mixed-uptake,,
U021,"Good job! Peer acknowledged your feedback!
Let's move to the next error!",system,3,mixed-uptake,,
U035,Let's show new example is began,user,3,mixed-uptake,Reformulate,Active
U021,What's wrong here?,assistant,3,mixed-uptake,,
U035,Okay. I will change 'is' to 'has been' here.,assistant,3,mixed-uptake,,
U035,"Good job! Peer acknowledged your feedback!
Let's move to the next error!",system,3,mixed-uptake,,
U035,What's wrong here?,assistant,3,mixed-uptake,,
U051,down mood songs,user,1,low-uptake,Amplification,Constructive
U051,What does down mood songs mean?,assistant,1,low-uptake,,
U021,I -> (we),user,3,mixed-uptake,Reformulate,Active
U051,songs of not good feeling,user,1,low-uptake,Amplification,Constructive
U021,Okay. I will change 'I' to 'we' here.,assistant,3,mixed-uptake,,
U021,"Good job! Peer acknowledged your feedback!
Let's move to the next error!",system,3,mixed-uptake,,
U021,How can I improve here?,assistant,3,mixed-uptake,,
U051,Okay. I will change 'Without having sadness' to 'Without sadness'.,assistant,1,low-uptake,,
U051,"Good job! Peer acknowledged your feedback!
Let's move to the next error!",system,1,low-uptake,,
U051,How can I improve here?,assistant,1,low-uptake,,
U035,Music student,user,3,mixed-uptake,Reformulate,Active
U022,"In order to use 'likely' before verb, you need to add preposition 'to'",user,1,low-uptake,Amplification,Constructive
U035,Okay. I will change 'a music student' to 'music students'.,assistant,3,mixed-uptake,,
U035,"Good job! Peer acknowledged your feedback!
Let's move to the next error!",system,3,mixed-uptake,,
U035,Can you give me feedback on this part?,assistant,3,mixed-uptake,,
U022,What does it mean to add preposition 'to'?,assistant,1,low-uptake,,
U051,Music gives us happiness and peace,user,1,low-uptake,Connection,Constructive
U051,How is it better?,assistant,1,low-uptake,,
U051,gives' do not have 'to',user,1,low-uptake,Reformulate,Active
U051,Why 'gives' do not have 'to'?,assistant,1,low-uptake,,
U021,"add ',' after 'semester'",user,3,mixed-uptake,Reformulate,Active
U021,Why add a comma there?,assistant,3,mixed-uptake,,
U051,That is the rule,user,1,low-uptake,Amplification,Constructive
U051,"What does that mean, 'the rule'?",assistant,1,low-uptake,,
U035,schedule is not verb so it cannot come after 'to' so change 'schedule' to 'make schedule',user,3,mixed-uptake,Amplification,Constructive
U035,Why change 'schedule' to 'make schedule'?,assistant,3,mixed-uptake,,
U051,appointment,user,1,low-uptake,Amplification,Constructive
U051,Okay. I will change 'gives to us' to 'gives us'.,assistant,1,low-uptake,,
U051,"Good job! Peer acknowledged your feedback!
Let's move to the next error!",system,1,low-uptake,,
U051,How do I fix this?,assistant,1,low-uptake,,
U022,"By doing that, verb can be put after adjective",user,1,low-uptake,Amplification,Constructive
U022,How can the verb be put after adjective?,assistant,1,low-uptake,,
U035,"oh it is not wrong, let's delete option",user,3,mixed-uptake,Reformulate,Active
U035,Okay. I will change 'For guitar class option' to 'For the guitar class'.,assistant,3,mixed-uptake,,
U035,"Good job! Peer acknowledged your feedback!
Let's move to the next error!",system,3,mixed-uptake,,
U035,How can I improve here?,assistant,3,mixed-uptake,,
U051,music play a essential role to our emotions.,user,1,low-uptake,Reformulate,Active
U051,"What does it mean, 'sv agreement error'?",assistant,1,low-uptake,,
U021,There are two independent clauses.,user,3,mixed-uptake,Amplification,Constructive
U051,I do not know,user,1,low-uptake,Reject,Active
U021,So I should say this fall semester we starting university?,assistant,3,mixed-uptake,,
U022,"Put preposition, or other part of speech",user,1,low-uptake,Reformulate,Active
U021,"Oh no, peer made a mistake while applying your feedback.
Please give a more detailed feedback",system,3,mixed-uptake,,
U051,What is 'a essential role'?,assistant,1,low-uptake,,
U022,Okay. I will change 'likely must' to 'likely [to] must'.,assistant,1,low-uptake,,
U022,"Good job! Peer acknowledged your feedback!
Let's move to the next error!",system,1,low-uptake,,
U022,How do I fix this?,assistant,1,low-uptake,,
U051,surely needed role,user,1,low-uptake,Reformulate,Active
U051,What is 'surely needed role'?,assistant,1,low-uptake,,
U021,"No. this fall semester, I start university.",user,3,mixed-uptake,Reformulate,Active
U021,"I think it should be this fall semester, we start university?",assistant,3,mixed-uptake,,
U021,"Oh no, peer made a mistake while applying your feedback.
Please give a more detailed feedback",system,3,mixed-uptake,,
U021,Yes. Next,user,3,mixed-uptake,Accept,Passive
U051,"As we need that role, that role.",user,1,low-uptake,Reformulate,Active
U021,Okay. I will change 'start' to 'start'.,assistant,3,mixed-uptake,,
U021,"Good job! Peer acknowledged your feedback!
Let's move to the next error!",system,3,mixed-uptake,,
U051,Okay. I will change 'play a essential' to 'plays an essential'.,assistant,1,low-uptake,,
U051,"Good job! Peer acknowledged your feedback!
Let's move to the next error!",system,1,low-uptake,,
U051,Can you give me feedback on this part?,assistant,1,low-uptake,,
U021,How do I fix this?,assistant,3,mixed-uptake,,
U051,We get many sensations from music and we apply them to our lives.,user,1,low-uptake,Reformulate,Active
U051,What does 'out lives' mean?,assistant,1,low-uptake,,
U022,"before and when both indicate time, so when should be removed",user,1,low-uptake,Amplification,Constructive
U051,That is the typo of our lives.,user,1,low-uptake,Amplification,Constructive
U022,What does it mean to remove when?,assistant,1,low-uptake,,
U051,What is a typo?,assistant,1,low-uptake,,
U035,This sentence is not related with education so we should write this. let's fix 'internet has evolved greatly' to 'education has been evolved greatly by the internet',user,3,mixed-uptake,Amplification,Constructive
U035,What does 'not related with education' mean?,assistant,3,mixed-uptake,,
U051,writing wrong.,user,1,low-uptake,Reject,Active
U051,What does writing wrong mean?,assistant,1,low-uptake,,
U035,"internet has evolved greatly' matches the improvement about internet, not education.",user,3,mixed-uptake,Amplification,Constructive
U035,I think it should be education has evolved by the internet greatly.,assistant,3,mixed-uptake,,
U035,"Oh no, peer made a mistake while applying your feedback.
Please give a more detailed feedback",system,3,mixed-uptake,,
U035,oh good,user,3,mixed-uptake,Praise,Passive
U035,It should be education has evolved greatly by internet.,assistant,3,mixed-uptake,,
U035,"Oh no, peer made a mistake while applying your feedback.
Please give a more detailed feedback",system,3,mixed-uptake,,
U051,You write the different word,user,1,low-uptake,Amplification,Constructive
U051,Okay. I will change 'out lives' to 'our lives' here.,assistant,1,low-uptake,,
U051,"Good job! Peer acknowledged your feedback!
Let's move to the next error!",system,1,low-uptake,,
U022,"Sorry, it is better to remove before",user,1,low-uptake,Reformulate,Active
U021,"Divide in two sentence. Fix sentence to 'Moreover, both of us did not communicate. So, the atmosphere in class was uncomfortable.'",user,3,mixed-uptake,Reformulate,Active
U022,Why should I remove before?,assistant,1,low-uptake,,
U035,that's better.,user,3,mixed-uptake,Accept,Passive
U035,I will change 'internet has evolved greatly' to 'education has [been] evolved greatly by [the] internet.',assistant,3,mixed-uptake,,
U035,"Good job! Peer acknowledged your feedback!
Let's move to the next error!",system,3,mixed-uptake,,
U035,How do I fix this?,assistant,3,mixed-uptake,,
U021,"So I should say, moreover, both of us did not communicate. So, the atmosphere in class was uncomfortable?",assistant,3,mixed-uptake,,
U021,"Oh no, peer made a mistake while applying your feedback.
Please give a more detailed feedback",system,3,mixed-uptake,,
U035,let's fix efficient to efficiently,user,3,mixed-uptake,Reformulate,Active
U021,Yes. Next,user,3,mixed-uptake,Accept,Passive
U035,What does efficient to efficiently mean?,assistant,3,mixed-uptake,,
U022,"Although you remove before, you can compare when he took the bus and now",user,1,low-uptake,Amplification,Constructive
U022,What do you mean by comparing when he took the bus and now?,assistant,1,low-uptake,,
U021,What does it mean to divide in two sentences?,assistant,3,mixed-uptake,,
U035,efficient is verb. we are changing part of sentence,user,3,mixed-uptake,Amplification,Constructive
U022,You compare the time when he took the bus to the time when he does not take the bus,user,1,low-uptake,Reformulate,Active
U035,What does it mean that efficient is a verb?,assistant,3,mixed-uptake,,
U022,Okay. I will remove 'before'.,assistant,1,low-uptake,,
U022,"Good job! Peer acknowledged your feedback!
Let's move to the next error!",system,1,low-uptake,,
U022,How do I fix this?,assistant,1,low-uptake,,
U022,bring -> brings,user,1,low-uptake,Reformulate,Active
U022,How does brings change the meaning?,assistant,1,low-uptake,,
U022,"Because the subject of phrase, walking, is singular",user,1,low-uptake,Amplification,Constructive
U022,What does singular mean?,assistant,1,low-uptake,,
U021,use -> uses,user,3,mixed-uptake,Reformulate,Active
U021,"I will say explains well, uses examples, provide clear homework, and find ways to make the class interesting?",assistant,3,mixed-uptake,,
U022,It means one,user,1,low-uptake,Amplification,Constructive
U021,"Oh no, peer made a mistake while applying your feedback.
Please give a more detailed feedback",system,3,mixed-uptake,,
U022,What does it mean to be one?,assistant,1,low-uptake,,
U021,Yes.,user,3,mixed-uptake,Accept,Passive
U021,Okay. I will change 'use' to 'uses' here.,assistant,3,mixed-uptake,,
U021,"Good job! Peer acknowledged your feedback!
Let's move to the next error!",system,3,mixed-uptake,,
U021,How can I improve here?,assistant,3,mixed-uptake,,
U035,oh it is not verb. let's fix share to are sharing,user,3,mixed-uptake,Reformulate,Active
U035,Why are we changing share to are sharing?,assistant,3,mixed-uptake,,
U035,let's fix share to can share,user,3,mixed-uptake,Reformulate,Active
U035,Okay. I will change 'share' to 'can share' here.,assistant,3,mixed-uptake,,
U035,"Good job! Peer acknowledged your feedback!
Let's move to the next error!",system,3,mixed-uptake,,
U035,How do I fix this?,assistant,3,mixed-uptake,,
U021,there are -> there were,user,3,mixed-uptake,Reformulate,Active
U021,So it should be there were big problem?,assistant,3,mixed-uptake,,
U021,"Oh no, peer made a mistake while applying your feedback.
Please give a more detailed feedback",system,3,mixed-uptake,,
U021,Ys.,user,3,mixed-uptake,Accept,Passive
U022,"When 'ing' is added to verb, we regard that form as one thing",user,1,low-uptake,Amplification,Constructive
U021,What does it mean to change to 'there were'?,assistant,3,mixed-uptake,,
U022,Okay. I will change 'bring' to 'brings' here.,assistant,1,low-uptake,,
U022,"Good job! Peer acknowledged your feedback!
Let's move to the next error!",system,1,low-uptake,,
U022,How do I fix this?,assistant,1,low-uptake,,
U021,context indicate past,user,3,mixed-uptake,Amplification,Constructive
U021,What does context indicate past mean?,assistant,3,mixed-uptake,,
U022,", and he -> and",user,1,low-uptake,Reformulate,Active
U022,Why is 'he' not needed here?,assistant,1,low-uptake,,
U021,"regarding to context, it is past tense",user,3,mixed-uptake,Amplification,Constructive
U021,Okay. I will change 'there are' to 'there were' here.,assistant,3,mixed-uptake,,
U021,"Good job! Peer acknowledged your feedback!
Let's move to the next error!",system,3,mixed-uptake,,
U021,How do I fix this?,assistant,3,mixed-uptake,,
U022,The subjects in two phrases are repetitive,user,1,low-uptake,Amplification,Constructive
U022,What does it mean that subjects are repetitive?,assistant,1,low-uptake,,
U022,"The subject in two phrases are the same, so you don't have to write the subject again",user,1,low-uptake,Amplification,Constructive
U022,What does it mean to write the subject again?,assistant,1,low-uptake,,
U022,It can seem to be boring,user,1,low-uptake,Amplification,Constructive
U022,"Okay. I will change 'he felt more healthy, and he' to 'he felt more healthy, and'",assistant,1,low-uptake,,
U022,"Good job! Peer acknowledged your feedback!
Let's move to the next error!",system,1,low-uptake,,
U022,What's wrong here?,assistant,1,low-uptake,,
U022,did->do,user,1,low-uptake,Reformulate,Active
U022,Why is it do instead of did?,assistant,1,low-uptake,,
U022,Because the verb is observe,user,1,low-uptake,Amplification,Constructive
U022,Why is it observe?,assistant,1,low-uptake,,
U022,observe uses infinitive as objective complement',user,1,low-uptake,Amplification,Constructive
U022,What does it mean to use infinitive as objective complement?,assistant,1,low-uptake,,
U022,It is one of the rules in five-form sentences,user,1,low-uptake,Amplification,Constructive
U022,Okay. I will change 'when observed my friend did so' to 'when [I] observed [that] my friend [does] so',assistant,1,low-uptake,,
U022,"Good job! Peer acknowledged your feedback!
Let's move to the next error!",system,1,low-uptake,,
U022,How can I improve here?,assistant,1,low-uptake,,
U022,that should be removed,user,1,low-uptake,Reject,Active
U022,What does that mean?,assistant,1,low-uptake,,
U022,It functions as preposition,user,1,low-uptake,Amplification,Constructive
U022,What does it mean to function as preposition?,assistant,1,low-uptake,,
U022,"Sorry, not preposition, but in this sentence that cannot come after ways",user,1,low-uptake,Reformulate,Active
U022,Why cannot that come after ways?,assistant,1,low-uptake,,
U022,It is the way the word 'way' be used,user,1,low-uptake,Amplification,Constructive
U022,Okay. I will change the sentence to 'impacts the mind in ways that [enhance] production.',assistant,1,low-uptake,,
U022,"Good job! Peer acknowledged your feedback!
Let's move to the next error!",system,1,low-uptake,,
U053,How can I improve here?,assistant,3,mixed-uptake,,
U053,have -> has,user,3,mixed-uptake,Reformulate,Active
U054,How do I fix this?,assistant,3,low-uptake,,
U053,Why is it have changed instead of has?,assistant,3,mixed-uptake,,
U039,How can I improve here?,assistant,3,low-uptake,,
U054,have change to has,user,3,low-uptake,Reformulate,Active
U054,Why do I change have to has?,assistant,3,low-uptake,,
U054,"if you use each, then you use has",user,3,low-uptake,Amplification,Constructive
U054,"What does 'if you use each, then you use has' mean?",assistant,3,low-uptake,,
U053,it is not a multiple pronoun,user,3,mixed-uptake,Amplification,Constructive
U054,just same,user,3,low-uptake,Amplification,Constructive
U053,So it should be mobile phone has changed the worlds?,assistant,3,mixed-uptake,,
U053,"Oh no, peer made a mistake while applying your feedback.
Please give a more detailed feedback",system,3,mixed-uptake,,
U054,What does 'just same' mean?,assistant,3,low-uptake,,
U053,ok,user,3,mixed-uptake,Accept,Passive
U053,What does it mean mobile phone is perfect?,assistant,3,mixed-uptake,,
U054,"if you use each, you must use has it is rule",user,3,low-uptake,Amplification,Constructive
U054,Okay. I will change 'have' to 'has' here.,assistant,3,low-uptake,,
U054,"Good job! Peer acknowledged your feedback!
Let's move to the next error!",system,3,low-uptake,,
U054,How do I fix this?,assistant,3,low-uptake,,
U019,Can you give me feedback on this part?,assistant,3,mixed-uptake,,
U053,offer -> offers,user,3,mixed-uptake,Reformulate,Active
U007,How can I improve here?,assistant,3,high-uptake,,
U053,"Okay, I will change 'offer' to 'offers' here.",assistant,3,mixed-uptake,,
U053,"Good job! Peer acknowledged your feedback!
Let's move to the next error!",system,3,mixed-uptake,,
U053,Can you give me feedback on this part?,assistant,3,mixed-uptake,,
U034,How can I improve here?,assistant,2,high-uptake,,
U019,leaded  to -> lead,user,3,mixed-uptake,Reformulate,Active
U019,So I should say it can lead to travel pollution?,assistant,3,mixed-uptake,,
U007,i think you have to change verve,user,3,high-uptake,Reformulate,Active
U019,"Oh no, peer made a mistake while applying your feedback.
Please give a more detailed feedback",system,3,mixed-uptake,,
U007,I will change 'has change' to 'has changed' now.,assistant,3,high-uptake,,
U007,"Good job! Peer acknowledged your feedback!
Let's move to the next error!",system,3,high-uptake,,
U007,How can I improve here?,assistant,3,high-uptake,,
U054,I think it is too brief,user,3,low-uptake,Reject,Active
U054,What does too brief mean?,assistant,3,low-uptake,,
U054,it is brief,user,3,low-uptake,Reject,Active
U019,"delete ""to""",user,3,mixed-uptake,Reformulate,Active
U054,What does it mean to be brief?,assistant,3,low-uptake,,
U019,Okay. I will delete 'to' here.,assistant,3,mixed-uptake,,
U019,"Good job! Peer acknowledged your feedback!
Let's move to the next error!",system,3,mixed-uptake,,
U019,How do I fix this?,assistant,3,mixed-uptake,,
U054,it's as it should be,user,3,low-uptake,Reject,Active
U054,What does it mean to be brief?,assistant,3,low-uptake,,
U053,"mobile phone cause some issues on driving, like addiction and distraction.",user,3,mixed-uptake,Reformulate,Active
U053,What does it mean issues on driving?,assistant,3,mixed-uptake,,
U039,I think it should have more details.,user,3,low-uptake,Amplification,Constructive
U039,What do you mean by more details?,assistant,3,low-uptake,,
U054,it's as it should be,user,3,low-uptake,Amplification,Constructive
U054,Okay. I will change 'have' to 'has' here.,assistant,3,low-uptake,,
U054,"Good job! Peer acknowledged your feedback!
Let's move to the next error!",system,3,low-uptake,,
U054,How can I improve here?,assistant,3,low-uptake,,
U049,How can I improve here?,assistant,3,high-uptake,,
U053,during driving?,user,3,mixed-uptake,Amplification,Constructive
U053,What does during driving mean?,assistant,3,mixed-uptake,,
U054,realized -> realize,user,3,low-uptake,Reformulate,Active
U054,Why do I change realized to realize?,assistant,3,low-uptake,,
U054,It is rule,user,3,low-uptake,Amplification,Constructive
U054,"What does it mean, It is rule?",assistant,3,low-uptake,,
U054,grammer rule,user,3,low-uptake,Amplification,Constructive
U054,What is grammer rule?,assistant,3,low-uptake,,
U034,"If you want to use present perfect tense, you have to use verb like 'have+ past perfect verb form'.",user,2,high-uptake,Exemplification,Constructive
U053,time that someone drive,user,3,mixed-uptake,Amplification,Constructive
U034,I will change 'wonder' to 'wondered' and 'change' to 'changes'.,assistant,2,high-uptake,,
U034,"Good job! Peer acknowledged your feedback!
Let's move to the next error!",system,2,high-uptake,,
U034,What's wrong here?,assistant,2,high-uptake,,
U053,I think it should be mobile phone cause issues during driving.,assistant,3,mixed-uptake,,
U053,"Oh no, peer made a mistake while applying your feedback.
Please give a more detailed feedback",system,3,mixed-uptake,,
U054,"when you use English, you should use grammer",user,3,low-uptake,Amplification,Constructive
U054,Okay. I will change 'realized' to 'realize' here.,assistant,3,low-uptake,,
U054,"Good job! Peer acknowledged your feedback!
Let's move to the next error!",system,3,low-uptake,,
U049,meals are -> meals is,user,3,high-uptake,Reformulate,Active
U049,I will change 'are' to 'is' here.,assistant,3,high-uptake,,
U049,"Good job! Peer acknowledged your feedback!
Let's move to the next error!",system,3,high-uptake,,
U049,What's wrong here?,assistant,3,high-uptake,,
U007,i think article and preposition error,user,3,high-uptake,Reject,Active
U007,Okay. I will add an article and preposition here.,assistant,3,high-uptake,,
U007,"Good job! Peer acknowledged your feedback!
Let's move to the next error!",system,3,high-uptake,,
U007,How do I fix this?,assistant,3,high-uptake,,
U023,How can I improve here?,assistant,3,low-uptake,,
U053,causes,user,3,mixed-uptake,Reformulate,Active
U023,How do I fix this?,assistant,3,low-uptake,,
U039,"Not just saying 'good ways', at least the sentence has any brief.",user,3,low-uptake,Reject,Active
U053,Okay. I will change 'cause' to 'causes' here.,assistant,3,mixed-uptake,,
U053,"Good job! Peer acknowledged your feedback!
Let's move to the next error!",system,3,mixed-uptake,,
U053,How do I fix this?,assistant,3,mixed-uptake,,
U039,What do you mean by having more brief?,assistant,3,low-uptake,,
U034,Every stances have to have subject noun.,user,2,high-uptake,Amplification,Constructive
U034,Okay. I will add a subject noun here.,assistant,2,high-uptake,,
U034,"Good job! Peer acknowledged your feedback!
Let's move to the next error!",system,2,high-uptake,,
U034,How do I fix this?,assistant,2,high-uptake,,
U007,lack of main point,user,3,high-uptake,Reject,Active
U007,Okay. I will add a main point here.,assistant,3,high-uptake,,
U007,"Good job! Peer acknowledged your feedback!
Let's move to the next error!",system,3,high-uptake,,
U007,How can I improve here?,assistant,3,high-uptake,,
U053,impact -> affect,user,3,mixed-uptake,Reformulate,Active
U053,"It should be those phones affect modern society greatly, right?",assistant,3,mixed-uptake,,
U053,"Oh no, peer made a mistake while applying your feedback.
Please give a more detailed feedback",system,3,mixed-uptake,,
U007,however back have to comma,user,3,high-uptake,Reformulate,Active
U007,Why have to comma?,assistant,3,high-uptake,,
U019,it is good,user,3,mixed-uptake,Accept,Passive
U019,What does it mean that it is good?,assistant,3,mixed-uptake,,
U007,however is transition,user,3,high-uptake,Amplification,Constructive
U007,What does transition mean?,assistant,3,high-uptake,,
U053,society being,user,3,mixed-uptake,Reformulate,Active
U053,I think it should be those phones impact society being greatly.,assistant,3,mixed-uptake,,
U053,"Oh no, peer made a mistake while applying your feedback.
Please give a more detailed feedback",system,3,mixed-uptake,,
U019,you don't need to change your writing,user,3,mixed-uptake,Accept,Passive
U019,So I should say organic food are seen as a healthy choice?,assistant,3,mixed-uptake,,
U019,"Oh no, peer made a mistake while applying your feedback.
Please give a more detailed feedback",system,3,mixed-uptake,,
U015,Can you give me feedback on this part?,assistant,3,high-uptake,,
U007,introductory adverv,user,3,high-uptake,Amplification,Constructive
U007,What is introductory adverv?,assistant,3,high-uptake,,
U053,great,user,3,mixed-uptake,Praise,Passive
U053,What does society being mean?,assistant,3,mixed-uptake,,
U019,"no ""is""is correct",user,3,mixed-uptake,Reformulate,Active
U039,Like 'Technology make us more comfortable',user,3,low-uptake,Reformulate,Active
U019,Why is is correct?,assistant,3,mixed-uptake,,
U039,What does it mean to have more brief?,assistant,3,low-uptake,,
U007,missing comma after introductory adverb,user,3,high-uptake,Amplification,Constructive
U007,Okay. I will add a comma after 'however' here.,assistant,3,high-uptake,,
U007,"Good job! Peer acknowledged your feedback!
Let's move to the next error!",system,3,high-uptake,,
U007,What's wrong here?,assistant,3,high-uptake,,
U051,How do I fix this?,assistant,2,low-uptake,,
U053,society being great,user,3,mixed-uptake,Reformulate,Active
U053,"Got it, I will change 'being' to 'great' here.",assistant,3,mixed-uptake,,
U053,"Good job! Peer acknowledged your feedback!
Let's move to the next error!",system,3,mixed-uptake,,
U053,What's wrong here?,assistant,3,mixed-uptake,,
U019,because food is count as one,user,3,mixed-uptake,Amplification,Constructive
U019,Okay. I will keep 'is' for food.,assistant,3,mixed-uptake,,
U019,"Good job! Peer acknowledged your feedback!
Let's move to the next error!",system,3,mixed-uptake,,
U019,What's wrong here?,assistant,3,mixed-uptake,,
U034,"If you want to express possessiveness, you should use 'their'.",user,2,high-uptake,Reformulate,Active
U034,What does using 'their' mean?,assistant,2,high-uptake,,
U022,How do I fix this?,assistant,2,low-uptake,,
U007,actural errior,user,3,high-uptake,Reject,Active
U007,"I think it should be if we don't secure our data, it leak easily by hacker.",assistant,3,high-uptake,,
U007,"Oh no, peer made a mistake while applying your feedback.
Please give a more detailed feedback",system,3,high-uptake,,
U039,It means it have to contain a part of contents.,user,3,low-uptake,Amplification,Constructive
U039,"I see, I will add more detail to the sentence.",assistant,3,low-uptake,,
U039,"Good job! Peer acknowledged your feedback!
Let's move to the next error!",system,3,low-uptake,,
U039,Can you give me feedback on this part?,assistant,3,low-uptake,,
U019,this sentence is good.,user,3,mixed-uptake,Praise,Passive
U019,Okay. I will change 'good idea' to '[a] good idea'.,assistant,3,mixed-uptake,,
U019,"Good job! Peer acknowledged your feedback!
Let's move to the next error!",system,3,mixed-uptake,,
U019,How can I improve here?,assistant,3,mixed-uptake,,
U053,missing connecting sentence,user,3,mixed-uptake,Reject,Active
U049,result -> results,user,3,high-uptake,Reformulate,Active
U053,It should be everyone's specialize in job for that reason.,assistant,3,mixed-uptake,,
U053,"Oh no, peer made a mistake while applying your feedback.
Please give a more detailed feedback",system,3,mixed-uptake,,
U049,I will change 'result' to 'results' here.,assistant,3,high-uptake,,
U049,"Good job! Peer acknowledged your feedback!
Let's move to the next error!",system,3,high-uptake,,
U049,What's wrong here?,assistant,3,high-uptake,,
U007,"comma splice, verb pattrn",user,3,high-uptake,Reformulate,Active
U034,We can't use nouns continuously and they and habitats are incorrect in this sentence,user,2,high-uptake,Amplification,Constructive
U007,I will change 'requires to' to 'requires' here.,assistant,3,high-uptake,,
U007,"Good job! Peer acknowledged your feedback!
Let's move to the next error!",system,3,high-uptake,,
U007,Can you give me feedback on this part?,assistant,3,high-uptake,,
U034,What does using nouns continuously mean?,assistant,2,high-uptake,,
U023,there are reasons and examples of this main idea in next paragraph,user,3,low-uptake,Amplification,Constructive
U023,What do you mean by reasons and examples?,assistant,3,low-uptake,,
U019,Yes -> No,user,3,mixed-uptake,Reformulate,Active
U053,specialized,user,3,mixed-uptake,Reformulate,Active
U019,I thought it should be yes we is not.,assistant,3,mixed-uptake,,
U019,"Oh no, peer made a mistake while applying your feedback.
Please give a more detailed feedback",system,3,mixed-uptake,,
U053,What does specialized mean?,assistant,3,mixed-uptake,,
U022,How we-> How do we,user,2,low-uptake,Reformulate,Active
U022,Why do we say How do we?,assistant,2,low-uptake,,
U019,what do you mean,user,3,mixed-uptake,Metacognitive,Constructive
U019,What do you mean by that?,assistant,3,mixed-uptake,,
U034,Like 'they habitats'. You use their habitats.,user,2,high-uptake,Exemplification,Constructive
U034,So it should be rapid changes can disrupt their habitats?,assistant,2,high-uptake,,
U034,"Oh no, peer made a mistake while applying your feedback.
Please give a more detailed feedback",system,2,high-uptake,,
U053,is->are,user,3,mixed-uptake,Reformulate,Active
U053,Why is it 'are' and not 'is'?,assistant,3,mixed-uptake,,
U007,run-on,user,3,high-uptake,Reject,Active
U034,Yes,user,2,high-uptake,Accept,Passive
U034,Okay. I will change 'they' to 'their' here.,assistant,2,high-uptake,,
U007,I will fix the run-on by changing it to 'and [hiring experts] increase[s] costs; [the] company may charge more to [its] customer.',assistant,3,high-uptake,,
U034,"Good job! Peer acknowledged your feedback!
Let's move to the next error!",system,2,high-uptake,,
U007,"Good job! Peer acknowledged your feedback!
Let's move to the next error!",system,3,high-uptake,,
U034,What's wrong here?,assistant,2,high-uptake,,
U007,What's wrong here?,assistant,3,high-uptake,,
U023,the error is lack of examples and details that you mention,user,3,low-uptake,Amplification,Constructive
U023,What do you mean by lack of examples and details?,assistant,3,low-uptake,,
U019,No we shouldn't is correct sentence,user,3,mixed-uptake,Reject,Active
U019,So it should be no we should not.,assistant,3,mixed-uptake,,
U019,"Oh no, peer made a mistake while applying your feedback.
Please give a more detailed feedback",system,3,mixed-uptake,,
U007,capitalization,user,3,high-uptake,Reject,Active
U053,everyone are multiple,user,3,mixed-uptake,Amplification,Constructive
U007,Okay. I will change 'we' to 'We' here.,assistant,3,high-uptake,,
U007,"Good job! Peer acknowledged your feedback!
Let's move to the next error!",system,3,high-uptake,,
U007,How can I improve here?,assistant,3,high-uptake,,
U053,Okay. I will change 'everyone are' to 'everyone is' here.,assistant,3,mixed-uptake,,
U053,"Good job! Peer acknowledged your feedback!
Let's move to the next error!",system,3,mixed-uptake,,
U053,Can you give me feedback on this part?,assistant,3,mixed-uptake,,
U039,It have to have more explanation for 'reasons'.,user,3,low-uptake,Amplification,Constructive
U039,What do you mean by more explanation?,assistant,3,low-uptake,,
U049,"I think ""eating balanced meals is very important"" is better than ""regular balanced meals are important""",user,3,high-uptake,Reformulate,Active
U019,yes,user,3,mixed-uptake,Accept,Passive
U019,Okay. I will change 'Yes' to 'No' here.,assistant,3,mixed-uptake,,
U049,I will change 'regular balanced meals are important' to 'eating balanced meals is very important'.,assistant,3,high-uptake,,
U019,"Good job! Peer acknowledged your feedback!
Let's move to the next error!",system,3,mixed-uptake,,
U049,"Good job! Peer acknowledged your feedback!
Let's move to the next error!",system,3,high-uptake,,
U019,Can you give me feedback on this part?,assistant,3,mixed-uptake,,
U049,How do I fix this?,assistant,3,high-uptake,,
U023,There are few supporting sentences,user,3,low-uptake,Reject,Active
U023,What does few supporting sentences mean?,assistant,3,low-uptake,,
U007,funtional error,user,3,high-uptake,Reject,Active
U007,Okay. I will change 'Many of people' to 'Many people' here.,assistant,3,high-uptake,,
U007,"Good job! Peer acknowledged your feedback!
Let's move to the next error!",system,3,high-uptake,,
U007,How do I fix this?,assistant,3,high-uptake,,
U022,"When you use interrogative sentence and general verb, you need to use among do/does",user,2,low-uptake,Amplification,Constructive
U049,You must change because -> because of,user,3,high-uptake,Reformulate,Active
U022,What do you mean by interrogative sentence?,assistant,2,low-uptake,,
U049,Okay. I will change 'because' to 'because of' here.,assistant,3,high-uptake,,
U049,"Good job! Peer acknowledged your feedback!
Let's move to the next error!",system,3,high-uptake,,
U049,How do I fix this?,assistant,3,high-uptake,,
U039,"Reason is reason, but what about? It should explain more.",user,3,low-uptake,Reformulate,Active
U007,"verb, noun form",user,3,high-uptake,Reject,Active
U023,main idea cannot be justified,user,3,low-uptake,Reject,Active
U039,What does it mean to explain more?,assistant,3,low-uptake,,
U023,I will add examples to support the main idea.,assistant,3,low-uptake,,
U023,"Good job! Peer acknowledged your feedback!
Let's move to the next error!",system,3,low-uptake,,
U023,Can you give me feedback on this part?,assistant,3,low-uptake,,
U007,Okay. I will change 'some of website' to 'some websites' here.,assistant,3,high-uptake,,
U007,"Good job! Peer acknowledged your feedback!
Let's move to the next error!",system,3,high-uptake,,
U007,What's wrong here?,assistant,3,high-uptake,,
U019,it is good,user,3,mixed-uptake,Accept,Passive
U019,What do you mean by it is good?,assistant,3,mixed-uptake,,
U051,"Even though we sometimes think it as a waste, the real benefits in the rest are invaluable.",user,2,low-uptake,Amplification,Constructive
U022,It is the sentence indicates that you're question,user,2,low-uptake,Reformulate,Active
U051,What does it mean to see it as a waste?,assistant,2,low-uptake,,
U022,What does it mean that it indicates question?,assistant,2,low-uptake,,
U007,can + makes? more problem?,user,3,high-uptake,Reformulate,Active
U007,Can you explain can + makes more problem?,assistant,3,high-uptake,,
U019,you don't need to fix any part of it,user,3,mixed-uptake,Accept,Passive
U019,So it should be let's go inspects these?,assistant,3,mixed-uptake,,
U010,How do I fix this?,assistant,3,high-uptake,,
U019,"Oh no, peer made a mistake while applying your feedback.
Please give a more detailed feedback",system,3,mixed-uptake,,
U051,think of it like a waste,user,2,low-uptake,Reformulate,Active
U051,What does it mean to think of it like a waste?,assistant,2,low-uptake,,
U022,You have question mark in your sentence,user,2,low-uptake,Amplification,Constructive
U022,Okay. I will change it to 'How do we think about it?',assistant,2,low-uptake,,
U022,"Good job! Peer acknowledged your feedback!
Let's move to the next error!",system,2,low-uptake,,
U022,What's wrong here?,assistant,2,low-uptake,,
U007,how about to change can + makes,user,3,high-uptake,Reformulate,Active
U007,Okay. I will change 'can makes' to 'can make' here.,assistant,3,high-uptake,,
U007,"Good job! Peer acknowledged your feedback!
Let's move to the next error!",system,3,high-uptake,,
U051,you think that a waste,user,2,low-uptake,Reformulate,Active
U051,Why do people think of rest as a waste?,assistant,2,low-uptake,,
U022,affects->affect,user,2,low-uptake,Reformulate,Active
U053,add by the messenger in the phone,user,3,mixed-uptake,Reformulate,Active
U019,no inspect is correct,user,3,mixed-uptake,Reject,Active
U034,Maybe you can add 'the'.,user,2,high-uptake,Reformulate,Active
U022,Why does it need to be affect?,assistant,2,low-uptake,,
U019,So it should be let's go inspects these?,assistant,3,mixed-uptake,,
U034,So it should be the climate challenges?,assistant,2,high-uptake,,
U034,"Oh no, peer made a mistake while applying your feedback.
Please give a more detailed feedback",system,2,high-uptake,,
U019,"Oh no, peer made a mistake while applying your feedback.
Please give a more detailed feedback",system,3,mixed-uptake,,
U053,I think it should be help can be on the way [by the messenger] fast.,assistant,3,mixed-uptake,,
U053,"Oh no, peer made a mistake while applying your feedback.
Please give a more detailed feedback",system,3,mixed-uptake,,
U034,Yes,user,2,high-uptake,Accept,Passive
U019,inspect,user,3,mixed-uptake,Reformulate,Active
U034,I will change 'the climate' to '[the climate]' challenges.,assistant,2,high-uptake,,
U034,"Good job! Peer acknowledged your feedback!
Let's move to the next error!",system,2,high-uptake,,
U034,What's wrong here?,assistant,2,high-uptake,,
U019,Okay. I will change 'inspect' to 'inspect them' here.,assistant,3,mixed-uptake,,
U019,"Good job! Peer acknowledged your feedback!
Let's move to the next error!",system,3,mixed-uptake,,
U019,How do I fix this?,assistant,3,mixed-uptake,,
U022,Because it is written after may,user,2,low-uptake,Amplification,Constructive
U022,How does it being after may change the word?,assistant,2,low-uptake,,
U051,rest does not give a money,user,2,low-uptake,Amplification,Constructive
U051,I will change 'think' to 'see' and 'in the rest' to 'of rest'.,assistant,2,low-uptake,,
U051,"Good job! Peer acknowledged your feedback!
Let's move to the next error!",system,2,low-uptake,,
U051,Can you give me feedback on this part?,assistant,2,low-uptake,,
U053,fast by the messenger,user,3,mixed-uptake,Reformulate,Active
U053,What does fast by the messenger mean?,assistant,3,mixed-uptake,,
U039,Like 'reasons why technology affects peoples behavior positively',user,3,low-uptake,Reformulate,Active
U039,What does it mean to have more explanation?,assistant,3,low-uptake,,
U022,"After may, general verb should be written as infinitive",user,2,low-uptake,Amplification,Constructive
U022,What does it mean that infinitive?,assistant,2,low-uptake,,
U003,How can I improve here?,assistant,3,mixed-uptake,,
U023,"The supporting sentence, an example, is far from the main idea(connection with ideas))",user,3,low-uptake,Amplification,Constructive
U023,What do you mean by far from the main idea?,assistant,3,low-uptake,,
U022,The general from of verb,user,2,low-uptake,Amplification,Constructive
U022,Okay. I will change 'affects' to 'affect' here.,assistant,2,low-uptake,,
U053,faster,user,3,mixed-uptake,Reformulate,Active
U022,"Good job! Peer acknowledged your feedback!
Let's move to the next error!",system,2,low-uptake,,
U022,How can I improve here?,assistant,2,low-uptake,,
U049,"I think to put more detail information in that sentence is better such as ""but this habit, can make some negative impacts, eventually.""",user,3,high-uptake,Reformulate,Active
U053,Okay. I will change 'on the way fast' to 'on the way [faster]' here.,assistant,3,mixed-uptake,,
U053,"Good job! Peer acknowledged your feedback!
Let's move to the next error!",system,3,mixed-uptake,,
U053,Can you give me feedback on this part?,assistant,3,mixed-uptake,,
U049,"I will change the sentence to 'but this habit [can make] some negative [impacts, eventually].'",assistant,3,high-uptake,,
U049,"Good job! Peer acknowledged your feedback!
Let's move to the next error!",system,3,high-uptake,,
U049,Can you give me feedback on this part?,assistant,3,high-uptake,,
U039,It means this sentence needs more details.,user,3,low-uptake,Amplification,Constructive
U023,main idea can't be justified by an example,user,3,low-uptake,Amplification,Constructive
U023,What do you mean by main idea can't be justified?,assistant,3,low-uptake,,
U039,I will explain more about the reasons.,assistant,3,low-uptake,,
U039,"Good job! Peer acknowledged your feedback!
Let's move to the next error!",system,3,low-uptake,,
U039,What's wrong here?,assistant,3,low-uptake,,
U053,now-> recent days,user,3,mixed-uptake,Reformulate,Active
U053,I will change 'Now' to 'In recent days' here.,assistant,3,mixed-uptake,,
U053,"Good job! Peer acknowledged your feedback!
Let's move to the next error!",system,3,mixed-uptake,,
U053,What's wrong here?,assistant,3,mixed-uptake,,
U003,"because is unnecessary and you should put ""."" instead of "",""",user,3,mixed-uptake,Amplification,Constructive
U023,an example is not a detail of main idea,user,3,low-uptake,Amplification,Constructive
U003,I will change the sentence to have a period instead of a comma.,assistant,3,mixed-uptake,,
U003,"Good job! Peer acknowledged your feedback!
Let's move to the next error!",system,3,mixed-uptake,,
U003,How do I fix this?,assistant,3,mixed-uptake,,
U023,What do you mean by an example is not a detail of main idea?,assistant,3,low-uptake,,
U022,and should be added before more,user,2,low-uptake,Reformulate,Active
U022,Why should and be added before more?,assistant,2,low-uptake,,
U051,We can feel more energy after a short nap.,user,2,low-uptake,Reformulate,Active
U051,Why is it energetic instead of energy?,assistant,2,low-uptake,,
U049,"""not eat"" isn't appropriate. You should fix that sentence like ""if people don't eat regularly..""",user,3,high-uptake,Reformulate,Active
U049,Okay. I will change 'not eat' to 'don't eat' here.,assistant,3,high-uptake,,
U049,"Good job! Peer acknowledged your feedback!
Let's move to the next error!",system,3,high-uptake,,
U049,Can you give me feedback on this part?,assistant,3,high-uptake,,
U003,"you should have use ""of"" instead of ""to""",user,3,mixed-uptake,Reformulate,Active
U003,Okay. I will change 'to' to 'of' here.,assistant,3,mixed-uptake,,
U003,"Good job! Peer acknowledged your feedback!
Let's move to the next error!",system,3,mixed-uptake,,
U003,How can I improve here?,assistant,3,mixed-uptake,,
U022,"When you list something, you need to add 'and' before last entry",user,2,low-uptake,Amplification,Constructive
U022,What does it mean to add 'and' before last entry?,assistant,2,low-uptake,,
U003,"""these"" is unnecessary",user,3,mixed-uptake,Reformulate,Active
U003,Okay. I will remove 'these' from the sentence.,assistant,3,mixed-uptake,,
U003,"Good job! Peer acknowledged your feedback!
Let's move to the next error!",system,3,mixed-uptake,,
U003,Can you give me feedback on this part?,assistant,3,mixed-uptake,,
U053,"but, now on,",user,3,mixed-uptake,Reformulate,Active
U053,"So it should be but, in recent days, message can be sent instantly?",assistant,3,mixed-uptake,,
U053,"Oh no, peer made a mistake while applying your feedback.
Please give a more detailed feedback",system,3,mixed-uptake,,
U004,Can you give me feedback on this part?,assistant,3,high-uptake,,
U023,It is not an example of main idea. Because their subjects are different each other,user,3,low-uptake,Amplification,Constructive
U023,Okay. I will change the example to be more related to the main idea.,assistant,3,low-uptake,,
U023,"Good job! Peer acknowledged your feedback!
Let's move to the next error!",system,3,low-uptake,,
U023,How can I improve here?,assistant,3,low-uptake,,
U051,the verb 'feel' need noun like 'energy',user,2,low-uptake,Amplification,Constructive
U051,What does it mean that 'feel' needs a noun?,assistant,2,low-uptake,,
U022,It means the thing after 'and' is the last thing you would mention,user,2,low-uptake,Amplification,Constructive
U022,What does it mean to have more needs solutions?,assistant,2,low-uptake,,
U051,we need a nound behind the 'feel',user,2,low-uptake,Reformulate,Active
U039,help -> helps,user,3,low-uptake,Reformulate,Active
U051,What is a noun behind 'feel'?,assistant,2,low-uptake,,
U039,Why help change to helps?,assistant,3,low-uptake,,
U049,"We need ""a"" in front of ""good health"".",user,3,high-uptake,Reformulate,Active
U053,"but, -> but",user,3,mixed-uptake,Reformulate,Active
U053,"So it should be but, in recent days, message can be sent instantly?",assistant,3,mixed-uptake,,
U053,"Oh no, peer made a mistake while applying your feedback.
Please give a more detailed feedback",system,3,mixed-uptake,,
U049,I will add 'a' in front of 'good health'.,assistant,3,high-uptake,,
U049,"Good job! Peer acknowledged your feedback!
Let's move to the next error!",system,3,high-uptake,,
U049,What's wrong here?,assistant,3,high-uptake,,
U051,energy,user,2,low-uptake,Reformulate,Active
U051,Okay. I will change 'energetic' to 'energy' here.,assistant,2,low-uptake,,
U051,"Good job! Peer acknowledged your feedback!
Let's move to the next error!",system,2,low-uptake,,
U053,"but, <- remove ,",user,3,mixed-uptake,Reformulate,Active
U053,Okay. I will remove the comma here.,assistant,3,mixed-uptake,,
U053,"Good job! Peer acknowledged your feedback!
Let's move to the next error!",system,3,mixed-uptake,,
U053,Can you give me feedback on this part?,assistant,3,mixed-uptake,,
U003,"there is a gramatical error, you should say ""So each child tries to finish playing as early as they can, which means the evening is not full playtime""",user,3,mixed-uptake,Amplification,Constructive
U003,What does grammatical error mean?,assistant,3,mixed-uptake,,
U015,more is not necessary in this sentence,user,3,high-uptake,Reformulate,Active
U010,change is->are,user,3,high-uptake,Reformulate,Active
U010,Why change is to are?,assistant,3,high-uptake,,
U015,Okay. I will remove 'more in detail' here.,assistant,3,high-uptake,,
U015,"Good job! Peer acknowledged your feedback!
Let's move to the next error!",system,3,high-uptake,,
U015,How can I improve here?,assistant,3,high-uptake,,
U049,"""the nutrients"" -> ""nutrients""",user,3,high-uptake,Reformulate,Active
U003,"grammar error in oyu sentence, you should say ""So each child tries to finish playing as early as they can, which means the evening is not full playtime""",user,3,mixed-uptake,Amplification,Constructive
U049,I will change 'which not provide' to 'which [do not] provide'.,assistant,3,high-uptake,,
U049,"Good job! Peer acknowledged your feedback!
Let's move to the next error!",system,3,high-uptake,,
U049,What's wrong here?,assistant,3,high-uptake,,
U003,So it should be each child trying to finish playing as early as they can?,assistant,3,mixed-uptake,,
U003,"Oh no, peer made a mistake while applying your feedback.
Please give a more detailed feedback",system,3,mixed-uptake,,
U039,"The subject of the sentence is 'it', so it needs 'verb+s/es'.",user,3,low-uptake,Amplification,Constructive
U039,What does verb+s/es mean?,assistant,3,low-uptake,,
U023,"more various books you read, more connection we get which makes our knowledge abundant",user,3,low-uptake,Reformulate,Active
U023,What does more various mean?,assistant,3,low-uptake,,
U022,controlling pollution needs solutions,user,2,low-uptake,Amplification,Constructive
U003,yes,user,3,mixed-uptake,Accept,Passive
U022,"Okay. I will change the sentence to 'Then, controlling it is complex, easily causes debates, [and] [needs] solutions.'",assistant,2,low-uptake,,
U022,"Good job! Peer acknowledged your feedback!
Let's move to the next error!",system,2,low-uptake,,
U022,Can you give me feedback on this part?,assistant,2,low-uptake,,
U003,What does that mean?,assistant,3,mixed-uptake,,
U053,textbook,user,3,mixed-uptake,Reformulate,Active
U053,"Okay. I will change to 'For instance, [messages] took months to arrive.'",assistant,3,mixed-uptake,,
U053,"Good job! Peer acknowledged your feedback!
Let's move to the next error!",system,3,mixed-uptake,,
U053,How do I fix this?,assistant,3,mixed-uptake,,
U023,"you have to change sentences to ""more various books you read, more connection we get which makes our knowledge abundant""",user,3,low-uptake,Reformulate,Active
U003,you current version is true,user,3,mixed-uptake,Accept,Passive
U023,What does more various mean?,assistant,3,low-uptake,,
U003,Okay. I will change 'trying' to 'tries' and 'mean' to 'means' here.,assistant,3,mixed-uptake,,
U003,"Good job! Peer acknowledged your feedback!
Let's move to the next error!",system,3,mixed-uptake,,
U003,What's wrong here?,assistant,3,mixed-uptake,,
U004,we keeps' doesn't make sense because we is plural,user,3,high-uptake,Amplification,Constructive
U004,Okay. I will change 'keeps' to 'keep' here.,assistant,3,high-uptake,,
U004,"Good job! Peer acknowledged your feedback!
Let's move to the next error!",system,3,high-uptake,,
U004,How can I improve here?,assistant,3,high-uptake,,
U022,face-> are facing,user,2,low-uptake,Reformulate,Active
U023,lots of type of books,user,3,low-uptake,Amplification,Constructive
U022,Why should it change to are facing?,assistant,2,low-uptake,,
U023,What does lots of type mean?,assistant,3,low-uptake,,
U015,what does it mean by face value? also it is individual's perspective,user,3,high-uptake,Metacognitive,Constructive
U015,I will clarify that it's an individual's perspective.,assistant,3,high-uptake,,
U015,"Good job! Peer acknowledged your feedback!
Let's move to the next error!",system,3,high-uptake,,
U015,What's wrong here?,assistant,3,high-uptake,,
U049,sticking to -> sticking,user,3,high-uptake,Reformulate,Active
U049,I think it should be sticking good meal instead of meal.,assistant,3,high-uptake,,
U049,"Oh no, peer made a mistake while applying your feedback.
Please give a more detailed feedback",system,3,high-uptake,,
U010,"because the subject ""various reasons"" is plural",user,3,high-uptake,Amplification,Constructive
U023,"many type, idea, subject",user,3,low-uptake,Amplification,Constructive
U039,"In this sentence, 'help' becomes 'helps'.",user,3,low-uptake,Reformulate,Active
U023,Okay. I will change this sentence to be clearer.,assistant,3,low-uptake,,
U023,"Good job! Peer acknowledged your feedback!
Let's move to the next error!",system,3,low-uptake,,
U023,What's wrong here?,assistant,3,low-uptake,,
U039,What does verb+s/es mean?,assistant,3,low-uptake,,
U010,Okay. I will change 'is' to 'are' here.,assistant,3,high-uptake,,
U010,"Good job! Peer acknowledged your feedback!
Let's move to the next error!",system,3,high-uptake,,
U010,How can I improve here?,assistant,3,high-uptake,,
U053,economic and social,user,3,mixed-uptake,Reformulate,Active
U053,I think it should be leads to economic and social improvements.,assistant,3,mixed-uptake,,
U053,"Oh no, peer made a mistake while applying your feedback.
Please give a more detailed feedback",system,3,mixed-uptake,,
U015,it suppose to be 'with just a few click',user,3,high-uptake,Reformulate,Active
U015,I think it should be with just a few click.,assistant,3,high-uptake,,
U015,"Oh no, peer made a mistake while applying your feedback.
Please give a more detailed feedback",system,3,high-uptake,,
U053,economical,user,3,mixed-uptake,Reformulate,Active
U022,To stress that it is on the march,user,2,low-uptake,Amplification,Constructive
U053,Okay. I will change 'economy' to 'economical' here.,assistant,3,mixed-uptake,,
U053,"Good job! Peer acknowledged your feedback!
Let's move to the next error!",system,3,mixed-uptake,,
U053,How can I improve here?,assistant,3,mixed-uptake,,
U022,What does it mean to be on the march?,assistant,2,low-uptake,,
U022,The time many countries face the challenge is now,user,2,low-uptake,Amplification,Constructive
U022,What does it mean to stress that it is on the march?,assistant,2,low-uptake,,
U053,"remove ,",user,3,mixed-uptake,Reformulate,Active
U053,Why remove the comma?,assistant,3,mixed-uptake,,
U015,in a way',user,3,high-uptake,Reformulate,Active
U015,Okay. I will change it to 'in [a] way'.,assistant,3,high-uptake,,
U015,"Good job! Peer acknowledged your feedback!
Let's move to the next error!",system,3,high-uptake,,
U015,How can I improve here?,assistant,3,high-uptake,,
U004,"we frequently use phones, computers, ... Therefore, I think you should use 'them' instead of 'it'",user,3,high-uptake,Amplification,Constructive
U004,Okay. I will change 'it' to 'them' here.,assistant,3,high-uptake,,
U004,"Good job! Peer acknowledged your feedback!
Let's move to the next error!",system,3,high-uptake,,
U004,How do I fix this?,assistant,3,high-uptake,,
U053,change left and right,user,3,mixed-uptake,Reformulate,Active
U022,It is proper because you add 'today' at the last,user,2,low-uptake,Amplification,Constructive
U053,"I think it should be if you are in an accident, you will call 911.",assistant,3,mixed-uptake,,
U022,Okay. I will change the sentence to 'Many countries [are facing] the challenge of pollution today.',assistant,2,low-uptake,,
U053,"Oh no, peer made a mistake while applying your feedback.
Please give a more detailed feedback",system,3,mixed-uptake,,
U022,"Good job! Peer acknowledged your feedback!
Let's move to the next error!",system,2,low-uptake,,
U022,How do I fix this?,assistant,2,low-uptake,,
U010,remove the 'is' and change improve->improves,user,3,high-uptake,Reformulate,Active
U010,I think it should be it are improves mental health.,assistant,3,high-uptake,,
U010,"Oh no, peer made a mistake while applying your feedback.
Please give a more detailed feedback",system,3,high-uptake,,
U039,"When the subject is singular and means another person or thing, and talking about present situation, the verb should express about it.",user,3,low-uptake,Amplification,Constructive
U039,Okay. I will change 'help' to 'helps' here.,assistant,3,low-uptake,,
U039,"Good job! Peer acknowledged your feedback!
Let's move to the next error!",system,3,low-uptake,,
U039,What's wrong here?,assistant,3,low-uptake,,
U053,i don't know,user,3,mixed-uptake,Reject,Active
U053,"It should be if you are in accident, you call 911.",assistant,3,mixed-uptake,,
U053,"Oh no, peer made a mistake while applying your feedback.
Please give a more detailed feedback",system,3,mixed-uptake,,
U039,gives->give,user,3,low-uptake,Reformulate,Active
U039,How does gives become give?,assistant,3,low-uptake,,
U010,"the sentence should be ""It also improves mental health""",user,3,high-uptake,Reformulate,Active
U010,Why change improve to improves?,assistant,3,high-uptake,,
U004,will' cannot be there. 'would' is correct,user,3,high-uptake,Reformulate,Active
U004,Okay. I will change 'will' to 'would' here.,assistant,3,high-uptake,,
U004,"Good job! Peer acknowledged your feedback!
Let's move to the next error!",system,3,high-uptake,,
U004,What's wrong here?,assistant,3,high-uptake,,
U015,they want' is not necessary. then from 'even if they are not true' it can be made to new sentece,user,3,high-uptake,Reformulate,Active
U015,I will remove 'they want' and make a new sentence.,assistant,3,high-uptake,,
U015,"Good job! Peer acknowledged your feedback!
Let's move to the next error!",system,3,high-uptake,,
U015,Can you give me feedback on this part?,assistant,3,high-uptake,,
U053,you will call 911 if you are in accident,user,3,mixed-uptake,Reformulate,Active
U053,I will change to 'you will call 911 if you are in an accident.',assistant,3,mixed-uptake,,
U053,"Good job! Peer acknowledged your feedback!
Let's move to the next error!",system,3,mixed-uptake,,
U053,Can you give me feedback on this part?,assistant,3,mixed-uptake,,
U010,because the subject is 'It' so we have to put 's' at the end of the verb,user,3,high-uptake,Amplification,Constructive
U010,What does it mean to put 's' at the end of the verb?,assistant,3,high-uptake,,
U004,has' and 'enhance' are both verb. you should revise it,user,3,high-uptake,Amplification,Constructive
U004,Okay. I will change 'has' to 'have' here.,assistant,3,high-uptake,,
U004,"Good job! Peer acknowledged your feedback!
Let's move to the next error!",system,3,high-uptake,,
U004,What's wrong here?,assistant,3,high-uptake,,
U039,"In this sentence, the subject is plural, so the verb needs not to express singular subject.",user,3,low-uptake,Amplification,Constructive
U039,What does subject is plural mean?,assistant,3,low-uptake,,
U023,"the thesis of a paragraph is ""new experience"".  But the sentence has vague and weak reason, why we are not limited in our own experience when we read a book",user,3,low-uptake,Amplification,Constructive
U022,releases->release,user,2,low-uptake,Reformulate,Active
U023,What does vague and weak reason mean?,assistant,3,low-uptake,,
U022,Why does it change to release?,assistant,2,low-uptake,,
U022,Because subject of it is factories,user,2,low-uptake,Amplification,Constructive
U022,What does subject of it is factories mean?,assistant,2,low-uptake,,
U023,The reason is too simple to support the main idea,user,3,low-uptake,Amplification,Constructive
U023,What does too simple mean?,assistant,3,low-uptake,,
U015,"responsibilitie then period. make a new sentence, starting with ""They become entangled....""",user,3,high-uptake,Reformulate,Active
U022,The subject is plural,user,2,low-uptake,Amplification,Constructive
U022,What does it mean that the subject is plural?,assistant,2,low-uptake,,
U015,I will make a new sentence starting with 'They become entangled....',assistant,3,high-uptake,,
U015,"Good job! Peer acknowledged your feedback!
Let's move to the next error!",system,3,high-uptake,,
U015,Can you give me feedback on this part?,assistant,3,high-uptake,,
U010,the subject is single so it should be changed to improves,user,3,high-uptake,Reformulate,Active
U010,I will change 'improve' to 'improves' here.,assistant,3,high-uptake,,
U010,"Good job! Peer acknowledged your feedback!
Let's move to the next error!",system,3,high-uptake,,
U010,Can you give me feedback on this part?,assistant,3,high-uptake,,
U039,"The subject 'they' means many people or things, and not singular.",user,3,low-uptake,Amplification,Constructive
U039,What does singular subject mean?,assistant,3,low-uptake,,
U015,which part,user,3,high-uptake,Others,Others
U015,I will clarify which part I need to revise.,assistant,3,high-uptake,,
U015,"Good job! Peer acknowledged your feedback!
Let's move to the next error!",system,3,high-uptake,,
U015,What's wrong here?,assistant,3,high-uptake,,
U022,The number of subject is more than one.,user,2,low-uptake,Amplification,Constructive
U022,Okay. I will change 'thinks' to 'think' and 'releases' to 'release' here.,assistant,2,low-uptake,,
U022,"Good job! Peer acknowledged your feedback!
Let's move to the next error!",system,2,low-uptake,,
U022,How do I fix this?,assistant,2,low-uptake,,
U023,not qualify and no quantity,user,3,low-uptake,Reformulate,Active
U023,What does not qualify and no quantity mean?,assistant,3,low-uptake,,
U015,there is no highlight anymore,user,3,high-uptake,Others,Others
U015,So there is still no highlight now?,assistant,3,high-uptake,,
U015,"Oh no, peer made a mistake while applying your feedback.
Please give a more detailed feedback",system,3,high-uptake,,
U015,no,user,3,high-uptake,Others,Others
U023,too short and simple to support idea,user,3,low-uptake,Amplification,Constructive
U015,Okay. I will revise the part about 'chronic presence'.,assistant,3,high-uptake,,
U015,"Good job! Peer acknowledged your feedback!
Let's move to the next error!",system,3,high-uptake,,
U015,How do I fix this?,assistant,3,high-uptake,,
U023,Okay. I will make the reason stronger.,assistant,3,low-uptake,,
U023,"Good job! Peer acknowledged your feedback!
Let's move to the next error!",system,3,low-uptake,,
U039,The singular subject means the subject expresses only one thing,user,3,low-uptake,Amplification,Constructive
U039,Okay. I will change 'gives' to 'give' here.,assistant,3,low-uptake,,
U039,"Good job! Peer acknowledged your feedback!
Let's move to the next error!",system,3,low-uptake,,
U039,What's wrong here?,assistant,3,low-uptake,,
U022,The sentence needs coordinate conjunction,user,2,low-uptake,Amplification,Constructive
U022,What is coordinate conjunction?,assistant,2,low-uptake,,
U022,"for example, for, and, nor, but, or, yet, so",user,2,low-uptake,Exemplification,Constructive
U022,What does coordinate conjunction do?,assistant,2,low-uptake,,
U022,It links sentence,user,2,low-uptake,Amplification,Constructive
U022,What does it mean that it links sentence?,assistant,2,low-uptake,,
U039,look->looks,user,3,low-uptake,Reformulate,Active
U039,Why look becomes looks?,assistant,3,low-uptake,,
U022,to make two sentence into one sentence,user,2,low-uptake,Amplification,Constructive
U022,Okay. I will change the sentence to use 'but' here.,assistant,2,low-uptake,,
U022,"Good job! Peer acknowledged your feedback!
Let's move to the next error!",system,2,low-uptake,,
U004,"after 'if' statement, we should use past tense",user,3,high-uptake,Amplification,Constructive
U004,What does using past tense after 'if' mean?,assistant,3,high-uptake,,
U039,"The verb should express that the subject is singular, means another one, and the situation is present.",user,3,low-uptake,Amplification,Constructive
U039,What does express that the subject is singular mean?,assistant,3,low-uptake,,
U004,"if all technology suddenly ceased to exist' is correct because before if, we used 'would'",user,3,high-uptake,Exemplification,Constructive
U004,Why we use past tense after 'if'?,assistant,3,high-uptake,,
U051,How can I improve here?,assistant,3,low-uptake,,
U039,When the subject is singular and not talking about 'I' and 'You'. And singular means only one.,user,3,low-uptake,Exemplification,Constructive
U039,What does verb express mean?,assistant,3,low-uptake,,
U004,"we should match the tense of two clause. Because first clause used past tense, second clause should also use past tense",user,3,high-uptake,Amplification,Constructive
U004,So it should be if all technology suddenly cease to exist?,assistant,3,high-uptake,,
U004,"Oh no, peer made a mistake while applying your feedback.
Please give a more detailed feedback",system,3,high-uptake,,
U051,Some doctors suggest that it is the most effective way to prevent illnesses.,user,3,low-uptake,Reformulate,Active
U051,Why suggests is wrong?,assistant,3,low-uptake,,
U039,"Verb have to be changed sometimes, because it can be some clues for understanding the situation of sentences.",user,3,low-uptake,Amplification,Constructive
U039,Okay. I will change 'look' to 'looks' here.,assistant,3,low-uptake,,
U039,"Good job! Peer acknowledged your feedback!
Let's move to the next error!",system,3,low-uptake,,
U051,Because 'some doctors' need suggest,user,3,low-uptake,Amplification,Constructive
U051,What does 'some doctors' need suggest mean?,assistant,3,low-uptake,,
U004,"No, second clause should use past tense. Therefore, 'cease' should be changed to 'ceased'",user,3,high-uptake,Reformulate,Active
U004,Okay. I will change 'cease' to 'ceased' here.,assistant,3,high-uptake,,
U004,"Good job! Peer acknowledged your feedback!
Let's move to the next error!",system,3,high-uptake,,
U004,How can I improve here?,assistant,3,high-uptake,,
U010,"doesn't -> does not, come->comes",user,3,high-uptake,Reformulate,Active
U010,Why does doesn't change to does not and how does come change to comes?,assistant,3,high-uptake,,
U051,"some doctors is many people, so suggest is needed not a suggests",user,3,low-uptake,Amplification,Constructive
U051,What does suggest is needed not a suggests mean?,assistant,3,low-uptake,,
U051,"suggests can not be here, but suggest is correct",user,3,low-uptake,Amplification,Constructive
U051,Okay. I will change 'suggests' to 'suggest' here.,assistant,3,low-uptake,,
U051,"Good job! Peer acknowledged your feedback!
Let's move to the next error!",system,3,low-uptake,,
U051,What's wrong here?,assistant,3,low-uptake,,
U004,we should use 'could not' and 'would become' because we use past tense under the 'if' statement,user,3,high-uptake,Amplification,Constructive
U004,Why we use 'could not' and 'would become'?,assistant,3,high-uptake,,
U004,The sentence before the problem sentence used would term. We should maintain it,user,3,high-uptake,Connection,Constructive
U004,I will change 'become' to '[would become]' and 'gaining' to '[could not gain]' here.,assistant,3,high-uptake,,
U004,"Good job! Peer acknowledged your feedback!
Let's move to the next error!",system,3,high-uptake,,
U004,Can you give me feedback on this part?,assistant,3,high-uptake,,
U010,because doesn't is generally more informal for academic writing. the subject for come is single,user,3,high-uptake,Amplification,Constructive
U010,I will change 'doesn't' to 'does not' and 'come' to 'comes' here.,assistant,3,high-uptake,,
U010,"Good job! Peer acknowledged your feedback!
Let's move to the next error!",system,3,high-uptake,,
U010,Can you give me feedback on this part?,assistant,3,high-uptake,,
U004,"we should use individuals because after 'several', we should use plural",user,3,high-uptake,Amplification,Constructive
U004,I will change 'individual' to 'individuals' here.,assistant,3,high-uptake,,
U004,"Oh no, peer made a mistake while applying your feedback.
Please give a more detailed feedback",system,3,high-uptake,,
U051,"For example, lonely people can join group activities filling their lack of companionship, or by engaging in yoga, we can relax our mind and find peace.",user,3,low-uptake,Reformulate,Active
U051,What does that mean exactly?,assistant,3,low-uptake,,
U051,"really, correctly",user,3,low-uptake,Amplification,Constructive
U051,"What does really, correctly mean?",assistant,3,low-uptake,,
U004,In recent years' is weird. change it,user,3,high-uptake,Reject,Active
U004,Okay. I will change 'In recent years' to '[Recently]' here.,assistant,3,high-uptake,,
U004,"Good job! Peer acknowledged your feedback!
Let's move to the next error!",system,3,high-uptake,,
U004,How do I fix this?,assistant,3,high-uptake,,
U004,you should use 'the' before most,user,3,high-uptake,Reformulate,Active
U004,Okay. I will change 'one of most' to 'one of [the] most' here.,assistant,3,high-uptake,,
U004,"Good job! Peer acknowledged your feedback!
Let's move to the next error!",system,3,high-uptake,,
U010,"a remaining hydrated->keeping our body hydrated, necessary->enough",user,3,high-uptake,Reformulate,Active
U010,Okay. I will change 'a remaining hydrated' to 'keeping our body hydrated' and 'necessary' to 'enough' here.,assistant,3,high-uptake,,
U010,"Good job! Peer acknowledged your feedback!
Let's move to the next error!",system,3,high-uptake,,
U051,truely,user,3,low-uptake,Amplification,Constructive
U051,What does truely mean?,assistant,3,low-uptake,,
U051,correct,user,3,low-uptake,Amplification,Constructive
U051,Okay. I will change 'filling' to 'to fill' here.,assistant,3,low-uptake,,
U051,"Good job! Peer acknowledged your feedback!
Let's move to the next error!",system,3,low-uptake,,
U051,How do I fix this?,assistant,3,low-uptake,,
U051,"Despite of any forms, the truth inside it remains constant.",user,3,low-uptake,Reformulate,Active
U051,What does despite of any forms mean?,assistant,3,low-uptake,,
U051,Even though the forms are different,user,3,low-uptake,Amplification,Constructive
U051,What does it mean that the forms are different?,assistant,3,low-uptake,,
U051,There are many types of forms,user,3,low-uptake,Amplification,Constructive
U051,What do you mean by many types of forms?,assistant,3,low-uptake,,
U051,forms are different,user,3,low-uptake,Amplification,Constructive
U051,Okay. I will change 'any form' to 'any forms' here.,assistant,3,low-uptake,,
U051,"Good job! Peer acknowledged your feedback!
Let's move to the next error!",system,3,low-uptake,,
U051,What's wrong here?,assistant,3,low-uptake,,
U051,what,user,3,low-uptake,Metacognitive,Constructive
U051,What does what mean?,assistant,3,low-uptake,,
U048,How do I fix this?,assistant,3,low-uptake,,
U048,but은 앞서 언급한 내용과 반대되는 내용을 전개하는 역접의 의미가 있어. 근데 너가 쓴 상황에서는 역접이 문맥상 맞지않아. but울 빼봐,user,3,low-uptake,Amplification,Constructive
U048,What does it mean that but is not appropriate here?,assistant,3,low-uptake,,
U048,"왜냐면 I think learning a foreign language is essential. 이부분이 앞선 내용과 이어지는데, but이 사용되는 상황은 반대되는 상황일 떄 주로 써. 그래서 맞지않아.",user,3,low-uptake,Amplification,Constructive
U048,What does it mean that it is not appropriate?,assistant,3,low-uptake,,
U048,"문맥의 흐름에 의하면, I think learning a foreign language is essential. 이 문장은 앞선 내용과 유사하기 때문에, 반대되는 경우에 사용되는 but이 적절하지않아.",user,3,low-uptake,Amplification,Constructive
U048,What does it mean when something is not appropriate?,assistant,3,low-uptake,,
U048,문맥의 흐름에 맞지않아.,user,3,low-uptake,Amplification,Constructive
U048,I will remove 'but' here.,assistant,3,low-uptake,,
U048,"Good job! Peer acknowledged your feedback!
Let's move to the next error!",system,3,low-uptake,,
U048,How do I fix this?,assistant,3,low-uptake,,
U048,문장의 첫시작의 단어는 첫 문자를 대문자로 써야해. 따라서 is를 Is로 바꿔야해,user,3,low-uptake,Amplification,Constructive
U048,Why does the first letter need to be capitalized?,assistant,3,low-uptake,,
U048,영문법에서 정한 규정이야,user,3,low-uptake,Amplification,Constructive
U048,What does it mean that it is a rule in English grammar?,assistant,3,low-uptake,,
U048,문장의 첫글자는 대문자로 쓰는게 영문법이야.,user,3,low-uptake,Amplification,Constructive
U048,What does it mean to capitalize the first letter?,assistant,3,low-uptake,,
U048,너가 쓴 문장을 예로 들면 is를 Is로 바꿔야해,user,3,low-uptake,Exemplification,Constructive
U048,Okay. I will change 'is' to 'Is' here.,assistant,3,low-uptake,,
U048,"Good job! Peer acknowledged your feedback!
Let's move to the next error!",system,3,low-uptake,,
U048,What's wrong here?,assistant,3,low-uptake,,
U045,How can I improve here?,assistant,1,high-uptake,,
U045,It's subject-verb agreement error,user,1,high-uptake,Reject,Active
U045,I will change 'majority' to 'the majority' here.,assistant,1,high-uptake,,
U045,"Good job! Peer acknowledged your feedback!
Let's move to the next error!",system,1,high-uptake,,
U045,What's wrong here?,assistant,1,high-uptake,,
U045,"It's subject-verb agreement error,too.",user,1,high-uptake,Reject,Active
U045,So it should be even though it causes stress directly?,assistant,1,high-uptake,,
U045,"Oh no, peer made a mistake while applying your feedback.
Please give a more detailed feedback",system,1,high-uptake,,
U045,"Yes, that's right",user,1,high-uptake,Accept,Passive
U045,I will change 'contribute' to 'contributes' here.,assistant,1,high-uptake,,
U045,"Good job! Peer acknowledged your feedback!
Let's move to the next error!",system,1,high-uptake,,
U045,Can you give me feedback on this part?,assistant,1,high-uptake,,
U045,"It's subject-verb agreement error,too.",user,1,high-uptake,Reject,Active
U045,I will change 'is' to 'are' here.,assistant,1,high-uptake,,
U045,"Good job! Peer acknowledged your feedback!
Let's move to the next error!",system,1,high-uptake,,
U045,How do I fix this?,assistant,1,high-uptake,,
U045,"Without the growth of education and the knowledge it has provided, returning to the past is not an option.",user,1,high-uptake,Reformulate,Active
U045,I will change 'is not option' to 'is not an option' here.,assistant,1,high-uptake,,
U045,"Good job! Peer acknowledged your feedback!
Let's move to the next error!",system,1,high-uptake,,
U045,How do I fix this?,assistant,1,high-uptake,,
U045,"In conclusion, we should continue to embrace automobiles and further innovations, since they not only solve problems but also create a better direction for our future.",user,1,high-uptake,Reformulate,Active
U045,I will change 'could' to 'can' here.,assistant,1,high-uptake,,
U045,"Good job! Peer acknowledged your feedback!
Let's move to the next error!",system,1,high-uptake,,
U045,How can I improve here?,assistant,1,high-uptake,,
U045,"However, I believe education provides us more advantages than challenges, because it allows people to gain new knowledge, improve their quality of life, and contribute to the progress of society.",user,1,high-uptake,Reformulate,Active
U045,I will change 'provides us' to 'gives us' here.,assistant,1,high-uptake,,
U045,"Good job! Peer acknowledged your feedback!
Let's move to the next error!",system,1,high-uptake,,
U045,What's wrong here?,assistant,1,high-uptake,,
U045,It's article usage error,user,1,high-uptake,Reject,Active
U045,Okay. I will change 'an' to 'a' and 'sees' to 'see' here.,assistant,1,high-uptake,,
U045,"Good job! Peer acknowledged your feedback!
Let's move to the next error!",system,1,high-uptake,,
U045,Can you give me feedback on this part?,assistant,1,high-uptake,,
U045,punctuation error,user,1,high-uptake,Reject,Active
U045,Okay. I will add a comma after 'course' here.,assistant,1,high-uptake,,
U045,"Good job! Peer acknowledged your feedback!
Let's move to the next error!",system,1,high-uptake,,
U045,Can you give me feedback on this part?,assistant,1,high-uptake,,
U045,same as before,user,1,high-uptake,Connection,Constructive
U045,What does that mean?,assistant,1,high-uptake,,
U045,punctuation error,user,1,high-uptake,Reject,Active
U045,What is punctuation error?,assistant,1,high-uptake,,
U045,"A punctuation error means a mistake in how you use punctuation marks (such as . , ? ! : ; ' "" - ( )).",user,1,high-uptake,Exemplification,Constructive
U045,Okay. I will add a comma after 'it' here.,assistant,1,high-uptake,,
U045,"Good job! Peer acknowledged your feedback!
Let's move to the next error!",system,1,high-uptake,,
U002,How can I improve here?,assistant,1,mixed-uptake,,
U002,What's wrong here?,assistant,1,mixed-uptake,,
U002,cooking improves many skills,user,1,mixed-uptake,Reformulate,Active
U002,I will change 'improve' to 'improves' here.,assistant,1,mixed-uptake,,
U002,"Good job! Peer acknowledged your feedback!
Let's move to the next error!",system,1,mixed-uptake,,
U002,How can I improve here?,assistant,1,mixed-uptake,,
U002,"So, I'm agree with the people",user,1,mixed-uptake,Reformulate,Active
U002,What does that mean?,assistant,1,mixed-uptake,,
U002,you have to put 'the' in front of people,user,1,mixed-uptake,Reformulate,Active
U002,So I'm agree with the people who thinking cooking is important?,assistant,1,mixed-uptake,,
U002,"Oh no, peer made a mistake while applying your feedback.
Please give a more detailed feedback",system,1,mixed-uptake,,
U002,"So, I agree the people thinking that cooking at home is a ~~",user,1,mixed-uptake,Reformulate,Active
U002,What does it mean that I agree with the people thinking?,assistant,1,mixed-uptake,,
U002,you should use people+thinking no who,user,1,mixed-uptake,Reformulate,Active
U002,Okay. I will change 'who' to 'thinking' here.,assistant,1,mixed-uptake,,
U002,"Good job! Peer acknowledged your feedback!
Let's move to the next error!",system,1,mixed-uptake,,
U002,Can you give me feedback on this part?,assistant,1,mixed-uptake,,
U002,I think cheaper is not good,user,1,mixed-uptake,Reformulate,Active
U002,Okay. I will change 'cheaper' to 'more affordable' here.,assistant,1,mixed-uptake,,
U002,"Good job! Peer acknowledged your feedback!
Let's move to the next error!",system,1,mixed-uptake,,
U002,What's wrong here?,assistant,1,mixed-uptake,,
U002,I think you should put additional example after that,user,1,mixed-uptake,Reformulate,Active
U002,What do you mean by additional example?,assistant,1,mixed-uptake,,
U002,Like how you can manage your time,user,1,mixed-uptake,Exemplification,Constructive
U002,What do you mean by manage your time?,assistant,1,mixed-uptake,,
U002,"This is about how cooking improves time management skill, so it would be better to have a example",user,1,mixed-uptake,Amplification,Constructive
U002,So I think it should be the essential one is learn how to manage time better.,assistant,1,mixed-uptake,,
U002,"Oh no, peer made a mistake while applying your feedback.
Please give a more detailed feedback",system,1,mixed-uptake,,
U002,no rollback it,user,1,mixed-uptake,Reject,Active
U002,"Okay, I will change it to 'The essential one is [learning] how to manage time better.'",assistant,1,mixed-uptake,,
U002,"Good job! Peer acknowledged your feedback!
Let's move to the next error!",system,1,mixed-uptake,,
U002,Can you give me feedback on this part?,assistant,1,mixed-uptake,,
U002,I think you should use fine resource,user,1,mixed-uptake,Reformulate,Active
U002,"I think it should be according to chefs, [multitasking] are key to success.",assistant,1,mixed-uptake,,
U002,"Oh no, peer made a mistake while applying your feedback.
Please give a more detailed feedback",system,1,mixed-uptake,,
U002,you should use trustworthy example to make better,user,1,mixed-uptake,Reformulate,Active
U002,Okay. I will use a better example.,assistant,1,mixed-uptake,,
U002,"Good job! Peer acknowledged your feedback!
Let's move to the next error!",system,1,mixed-uptake,,
U002,What's wrong here?,assistant,1,mixed-uptake,,
U002,I think we dont need 'at home'4,user,1,mixed-uptake,Reformulate,Active
U002,Okay. I will remove 'at home' here.,assistant,1,mixed-uptake,,
U002,"Good job! Peer acknowledged your feedback!
Let's move to the next error!",system,1,mixed-uptake,,
U002,Can you give me feedback on this part?,assistant,1,mixed-uptake,,
U002,helps',user,1,mixed-uptake,Reformulate,Active
U002,It should be it helps you to eat more fresh food.,assistant,1,mixed-uptake,,
U002,"Oh no, peer made a mistake while applying your feedback.
Please give a more detailed feedback",system,1,mixed-uptake,,
U002,no,user,1,mixed-uptake,Reject,Active
U002,So it should be it helps you eat more fresh food?,assistant,1,mixed-uptake,,
U002,"Oh no, peer made a mistake while applying your feedback.
Please give a more detailed feedback",system,1,mixed-uptake,,
U002,it helps you to eat more fresh food,user,1,mixed-uptake,Reformulate,Active
U002,So it should be it helps you to eat fresh food?,assistant,1,mixed-uptake,,
U002,"Oh no, peer made a mistake while applying your feedback.
Please give a more detailed feedback",system,1,mixed-uptake,,
U002,So it helps you to eat fresh food,user,1,mixed-uptake,Reformulate,Active
U002,Okay. I will change 'help' to 'helps' and keep 'to eat more fresh food'.,assistant,1,mixed-uptake,,
U002,"Good job! Peer acknowledged your feedback!
Let's move to the next error!",system,1,mixed-uptake,,
U002,What's wrong here?,assistant,1,mixed-uptake,,
U002,You had made everything from ingredients you have.,user,1,mixed-uptake,Reformulate,Active
U002,So it should be you had made everything from ingredients you has?,assistant,1,mixed-uptake,,
U002,"Oh no, peer made a mistake while applying your feedback.
Please give a more detailed feedback",system,1,mixed-uptake,,
U002,You had made everything from ingredients you have.,user,1,mixed-uptake,Reformulate,Active
U002,What does that mean?,assistant,1,mixed-uptake,,
U002,has->have,user,1,mixed-uptake,Reformulate,Active
U002,Why do I need to change 'has' to 'have'?,assistant,1,mixed-uptake,,
U002,you+have,user,1,mixed-uptake,Reformulate,Active
U002,Okay. I will change 'had' to 'have' here.,assistant,1,mixed-uptake,,
U002,"Good job! Peer acknowledged your feedback!
Let's move to the next error!",system,1,mixed-uptake,,
U002,How do I fix this?,assistant,1,mixed-uptake,,
U002,I think knowlege is wrong,user,1,mixed-uptake,Reject,Active
U002,What is knowlege?,assistant,1,mixed-uptake,,
U002,Another aspect cooking helps is nutrition 'knowledge'.,user,1,mixed-uptake,Reformulate,Active
U002,So it should be another aspect cooking help is nutrition knowledge?,assistant,1,mixed-uptake,,
U002,"Oh no, peer made a mistake while applying your feedback.
Please give a more detailed feedback",system,1,mixed-uptake,,
U002,"no you should talk about real nutrition for you, not knowlege",user,1,mixed-uptake,Reformulate,Active
U002,What do you mean by real nutrition?,assistant,1,mixed-uptake,,
U002,your nutrition,user,1,mixed-uptake,Amplification,Constructive
U002,I will change 'knowledge' to 'nutrition' here.,assistant,1,mixed-uptake,,
U002,"Good job! Peer acknowledged your feedback!
Let's move to the next error!",system,1,mixed-uptake,,
U002,What's wrong here?,assistant,1,mixed-uptake,,
U002,"By cooking, we can choose what makes it more balanced.",user,1,mixed-uptake,Reformulate,Active
U002,What does it mean to make it more balanced?,assistant,1,mixed-uptake,,
U002,its better,user,1,mixed-uptake,Amplification,Constructive
U002,I will change 'what to make' to 'what makes' here.,assistant,1,mixed-uptake,,
U002,"Good job! Peer acknowledged your feedback!
Let's move to the next error!",system,1,mixed-uptake,,
U002,What's wrong here?,assistant,1,mixed-uptake,,
U002,"Many people in the past, only ate simple meals, without thinking much about nutrition.",user,1,mixed-uptake,Exemplification,Constructive
U002,What does it mean to use 'in the past'?,assistant,1,mixed-uptake,,
U002,you should use the,user,1,mixed-uptake,Reformulate,Active
U002,"So I should say many people, [the] past only ate simple meals?",assistant,1,mixed-uptake,,
U002,"Oh no, peer made a mistake while applying your feedback.
Please give a more detailed feedback",system,1,mixed-uptake,,
U002,"Many people, in the past, only ate simple meals, without thinking much about nutrition.",user,1,mixed-uptake,Reformulate,Active
U002,What does it mean to use 'the' in this sentence?,assistant,1,mixed-uptake,,
U002,관사,user,1,mixed-uptake,Amplification,Constructive
U002,Okay. I will add 'the' before 'past'.,assistant,1,mixed-uptake,,
U002,"Good job! Peer acknowledged your feedback!
Let's move to the next error!",system,1,mixed-uptake,,
U002,What's wrong here?,assistant,1,mixed-uptake,,
U045,Can you give me feedback on this part?,assistant,2,high-uptake,,
U045,It is a subject verb agreement error,user,2,high-uptake,Reject,Active
U045,So it should be people learn new languages quickly?,assistant,2,high-uptake,,
U045,"Oh no, peer made a mistake while applying your feedback.
Please give a more detailed feedback",system,2,high-uptake,,
U045,yes,user,2,high-uptake,Accept,Passive
U045,I will change 'learns' to 'learn' and 'language' to 'languages' here.,assistant,2,high-uptake,,
U045,"Good job! Peer acknowledged your feedback!
Let's move to the next error!",system,2,high-uptake,,
U045,What's wrong here?,assistant,2,high-uptake,,
U045,missing thesis statement,user,2,high-uptake,Reject,Active
U045,So it should be I believe learning languages has more advantage than it seems?,assistant,2,high-uptake,,
U045,"Oh no, peer made a mistake while applying your feedback.
Please give a more detailed feedback",system,2,high-uptake,,
U045,Learning a new language offers significant cognitive and cultural advantages that are often overlooked.,user,2,high-uptake,Reformulate,Active
U045,Okay. I will change 'advantage' to 'advantages' here.,assistant,2,high-uptake,,
U045,"Good job! Peer acknowledged your feedback!
Let's move to the next error!",system,2,high-uptake,,
U045,What's wrong here?,assistant,2,high-uptake,,
U045,No overall conclusion,user,2,high-uptake,Reject,Active
U045,What does no overall conclusion mean?,assistant,2,high-uptake,,
U045,"When someone says “no overall conclusion”, it means that your writing or speech does not have a clear final statement that sums up your main ideas. In other words, you explained details or examples, but you didn’t finish with a strong ending sentence that brings everything together.",user,2,high-uptake,Amplification,Constructive
U045,What does it mean to have a strong ending sentence?,assistant,2,high-uptake,,
U045,A strong ending sentence is the last sentence of your paragraph or essay that clearly wraps up your ideas.,user,2,high-uptake,Amplification,Constructive
U045,Okay. I will provide a strong ending sentence.,assistant,2,high-uptake,,
U045,"Good job! Peer acknowledged your feedback!
Let's move to the next error!",system,2,high-uptake,,
U045,What's wrong here?,assistant,2,high-uptake,,
U045,Lack of examples and details,user,2,high-uptake,Reject,Active
U045,Okay. I will add examples for clarity.,assistant,2,high-uptake,,
U045,"Good job! Peer acknowledged your feedback!
Let's move to the next error!",system,2,high-uptake,,
U045,Can you give me feedback on this part?,assistant,2,high-uptake,,
U045,unclear or vague ideas,user,2,high-uptake,Reject,Active
U045,Okay. I'll make my ideas clearer with more details.,assistant,2,high-uptake,,
U045,"Good job! Peer acknowledged your feedback!
Let's move to the next error!",system,2,high-uptake,,
U045,What's wrong here?,assistant,2,high-uptake,,
U045,verb tense error,user,2,high-uptake,Reject,Active
U045,I will change 'make' to 'makes' here.,assistant,2,high-uptake,,
U045,"Good job! Peer acknowledged your feedback!
Let's move to the next error!",system,2,high-uptake,,
U045,How can I improve here?,assistant,2,high-uptake,,
U045,weak or missing transitions,user,2,high-uptake,Reject,Active
U045,I will add a transition to improve clarity.,assistant,2,high-uptake,,
U045,"Good job! Peer acknowledged your feedback!
Let's move to the next error!",system,2,high-uptake,,
U002,How do I fix this?,assistant,2,mixed-uptake,,
U002,transportation is right,user,2,mixed-uptake,Reformulate,Active
U002,Why transportation is right?,assistant,2,mixed-uptake,,
U002,How do I fix this?,assistant,2,mixed-uptake,,
U002,transportation is right,user,2,mixed-uptake,Reformulate,Active
U002,Why is transportation right?,assistant,2,mixed-uptake,,
U002,Can you give me feedback on this part?,assistant,2,mixed-uptake,,
U002,How do I fix this?,assistant,2,mixed-uptake,,
U002,What's wrong here?,assistant,2,mixed-uptake,,
U002,have->has,user,2,mixed-uptake,Reformulate,Active
U002,Is it playing the guitar has more enjoyable hobby?,assistant,2,mixed-uptake,,
U002,"Oh no, peer made a mistake while applying your feedback.
Please give a more detailed feedback",system,2,mixed-uptake,,
U002,Playing the guitar also has other benefits.,user,2,mixed-uptake,Reformulate,Active
U002,I think it should be playing the guitar has more enjoyable hobby.,assistant,2,mixed-uptake,,
U002,"Oh no, peer made a mistake while applying your feedback.
Please give a more detailed feedback",system,2,mixed-uptake,,
U002,Playing the guitar also 'has' other benefits.,user,2,mixed-uptake,Reformulate,Active
U002,Why is it has not have?,assistant,2,mixed-uptake,,
U002,you should use has instead of have,user,2,mixed-uptake,Reformulate,Active
U002,"Got it, I will change 'have' to 'has' here.",assistant,2,mixed-uptake,,
U002,"Good job! Peer acknowledged your feedback!
Let's move to the next error!",system,2,mixed-uptake,,
U002,Can you give me feedback on this part?,assistant,2,mixed-uptake,,
U002,It allows is right we don't need is,user,2,mixed-uptake,Reformulate,Active
U002,Why don't we need is?,assistant,2,mixed-uptake,,
U002,grammar says that,user,2,mixed-uptake,Amplification,Constructive
U002,What does grammar says that mean?,assistant,2,mixed-uptake,,
U002,"It allows me to express myself, and it makes me relax after a long day.",user,2,mixed-uptake,Reformulate,Active
U002,What does it means that grammar says that?,assistant,2,mixed-uptake,,
U002,"We're talking about grammar problem, right?",user,2,mixed-uptake,Metacognitive,Constructive
U002,Okay. I will change 'It's' to 'It' here.,assistant,2,mixed-uptake,,
U002,"Good job! Peer acknowledged your feedback!
Let's move to the next error!",system,2,mixed-uptake,,
U002,How do I fix this?,assistant,2,mixed-uptake,,
U002,you should give example. what kind of book or movie?,user,2,mixed-uptake,Reformulate,Active
U002,What kind of example I should give?,assistant,2,mixed-uptake,,
U002,"example of book or movie. Top gun, etc...",user,2,mixed-uptake,Exemplification,Constructive
U002,What kind of example should I give for a book or movie?,assistant,2,mixed-uptake,,
U002,you could give example like Some people like reading books or watching movie while they resting.,user,2,mixed-uptake,Exemplification,Constructive
U002,What do you mean by giving example?,assistant,2,mixed-uptake,,
U002,you're lack of details,user,2,mixed-uptake,Reject,Active
U002,Okay. I will add examples of books and movies here.,assistant,2,mixed-uptake,,
U002,"Good job! Peer acknowledged your feedback!
Let's move to the next error!",system,2,mixed-uptake,,
U002,What's wrong here?,assistant,2,mixed-uptake,,
U002,"I think we dont need to talk about practice, we're going to encourge readers.",user,2,mixed-uptake,Reformulate,Active
U002,What do you mean by encourge?,assistant,2,mixed-uptake,,
U002,"encourage... Just make them believe playing guitar is may be challenging, but they will be enjiying that",user,2,mixed-uptake,Amplification,Constructive
U002,What do you mean by enjiying?,assistant,2,mixed-uptake,,
U002,enjoying.,user,2,mixed-uptake,Amplification,Constructive
U002,What does enjoying mean?,assistant,2,mixed-uptake,,
U002,"encourage... Just make them believe playing guitar is may be challenging, but they will be enjoying that",user,2,mixed-uptake,Amplification,Constructive
U002,I don't get it,assistant,2,mixed-uptake,,
U002,"Good job! Peer acknowledged your feedback!
Let's move to the next error!",system,2,mixed-uptake,,
U002,Can you give me feedback on this part?,assistant,2,mixed-uptake,,
U002,We all have activities 'that' we love to do in our free time. Don't run!,user,2,mixed-uptake,Reformulate,Active
U002,So it should be we all have activities that we love doing in our free time?,assistant,2,mixed-uptake,,
U002,"Oh no, peer made a mistake while applying your feedback.
Please give a more detailed feedback",system,2,mixed-uptake,,
U002,We all have activities 'that' we love to do in our free time.,user,2,mixed-uptake,Reformulate,Active
U002,So it should be we all have activities that we love doing in our free time?,assistant,2,mixed-uptake,,
U002,"Oh no, peer made a mistake while applying your feedback.
Please give a more detailed feedback",system,2,mixed-uptake,,
U002,We all have activities 'that' we are love to do in our free time.,user,2,mixed-uptake,Reformulate,Active
U002,What does that mean?,assistant,2,mixed-uptake,,
U045,What's wrong here?,assistant,3,high-uptake,,
U002,We all have activities 'that' we love to do in our free time. we need to connect by tahat,user,2,mixed-uptake,Reformulate,Active
U002,Okay. I will change 'to doing' to 'to do' here.,assistant,2,mixed-uptake,,
U002,"Good job! Peer acknowledged your feedback!
Let's move to the next error!",system,2,mixed-uptake,,
U002,Can you give me feedback on this part?,assistant,2,mixed-uptake,,
U002,think->thought you should chage it,user,2,mixed-uptake,Reformulate,Active
U002,Okay. I will change 'think' to 'thought' here.,assistant,2,mixed-uptake,,
U002,"Good job! Peer acknowledged your feedback!
Let's move to the next error!",system,2,mixed-uptake,,
U002,How do I fix this?,assistant,2,mixed-uptake,,
U045,subject-verb agreement error,user,3,high-uptake,Reject,Active
U045,I will change 'most of people tries' to 'most of people [try]' here.,assistant,3,high-uptake,,
U045,"Good job! Peer acknowledged your feedback!
Let's move to the next error!",system,3,high-uptake,,
U045,What's wrong here?,assistant,3,high-uptake,,
U045,verb tense error,user,3,high-uptake,Reject,Active
U045,Okay. I will change 'lets' to 'let' and 'becomes' to 'become' here.,assistant,3,high-uptake,,
U045,"Good job! Peer acknowledged your feedback!
Let's move to the next error!",system,3,high-uptake,,
U045,How can I improve here?,assistant,3,high-uptake,,
U045,"Eating healthily provides our bodies with the energy and nutrients needed to stay strong and prevent disease. Therefore, we should keep eating healthily so that our health continues to improve.",user,3,high-uptake,Reformulate,Active
U045,What does it mean to enhance continuously?,assistant,3,high-uptake,,
U045,"The phrase “enhance continuously” is a bit unnatural.  Enhance means to improve, strengthen, or make better.  Continuously means without stopping.  So together, enhance continuously would mean “to keep improving without interruption.”",user,3,high-uptake,Reformulate,Active
U045,I will change 'enhances continuously' to 'our health continues to improve' here.,assistant,3,high-uptake,,
U045,"Good job! Peer acknowledged your feedback!
Let's move to the next error!",system,3,high-uptake,,
U045,How do I fix this?,assistant,3,high-uptake,,
U045,Run-on sentence error,user,3,high-uptake,Reject,Active
U045,Okay. I will fix the run-on sentence here.,assistant,3,high-uptake,,
U045,"Good job! Peer acknowledged your feedback!
Let's move to the next error!",system,3,high-uptake,,
U045,What's wrong here?,assistant,3,high-uptake,,
U002,It creates a bond between people and 'lets' them share their talent with others. you should treat let like create,user,2,mixed-uptake,Amplification,Constructive
U045,comma splice error,user,3,high-uptake,Reject,Active
U002,What does treat let like create mean?,assistant,2,mixed-uptake,,
U045,Okay. I will fix the comma splice here.,assistant,3,high-uptake,,
U045,"Good job! Peer acknowledged your feedback!
Let's move to the next error!",system,3,high-uptake,,
U045,How do I fix this?,assistant,3,high-uptake,,
U045,unclear or vague ideas,user,3,high-uptake,Reject,Active
U045,I think it should be healthy eating just takes too much effort.,assistant,3,high-uptake,,
U045,"Oh no, peer made a mistake while applying your feedback.
Please give a more detailed feedback",system,3,high-uptake,,
U002,It - creates - and - lets -,user,2,mixed-uptake,Reformulate,Active
U002,It should be let them share their talents.,assistant,2,mixed-uptake,,
U002,"Oh no, peer made a mistake while applying your feedback.
Please give a more detailed feedback",system,2,mixed-uptake,,
U002,It creates a bond between people and 'lets' them share their talent with others.,user,2,mixed-uptake,Reformulate,Active
U002,What does let like create mean?,assistant,2,mixed-uptake,,
U002,It creates a bond between people and 'lets' them share their talent with others. change like this,user,2,mixed-uptake,Reformulate,Active
U002,I will change 'let' to 'lets' and 'talent' to 'talents'.,assistant,2,mixed-uptake,,
U002,"Good job! Peer acknowledged your feedback!
Let's move to the next error!",system,2,mixed-uptake,,
U002,Can you give me feedback on this part?,assistant,2,mixed-uptake,,
U045,it is a unclear or vague ideas. add some details,user,3,high-uptake,Reject,Active
U045,I will add details to make it clearer.,assistant,3,high-uptake,,
U045,"Good job! Peer acknowledged your feedback!
Let's move to the next error!",system,3,high-uptake,,
U045,How do I fix this?,assistant,3,high-uptake,,
U045,it is a weak or missing transitions,user,3,high-uptake,Reject,Active
U045,What does weak or missing transitions mean?,assistant,3,high-uptake,,
U045,"When a teacher or reviewer says your writing has weak or missing transitions, it means:  Weak transitions → You used connecting words, but they don’t clearly show the relationship between your ideas. Example: “Next, automobiles are important.” (unclear how it relates to the previous point).  Missing transitions → You jumped from one idea to another without a signal word or phrase, so the reader feels confused. Example: “Automobiles save lives. They also cause pollution.” (no connector to show contrast).",user,3,high-uptake,Amplification,Constructive
U045,How do I use weak or missing transitions?,assistant,3,high-uptake,,
U045,"You don’t really “use” weak or missing transitions — instead, these are mistakes to avoid. Here’s what it means and how to fix them:",user,3,high-uptake,Amplification,Constructive
U045,What are weak or missing transitions?,assistant,3,high-uptake,,
U045,"When you use transition words, but they don’t clearly show how your ideas are connected.  They may be too vague, repetitive, or not logical for the context.",user,3,high-uptake,Amplification,Constructive
U045,I will make the transition clearer.,assistant,3,high-uptake,,
U045,"Good job! Peer acknowledged your feedback!
Let's move to the next error!",system,3,high-uptake,,
U045,Can you give me feedback on this part?,assistant,3,high-uptake,,
U045,"The issue is probably missing article (“the”) before quality of life. In English, we usually say “improve the quality of life”, not just “improve quality of life” (unless in very informal writing).",user,3,high-uptake,Amplification,Constructive
U045,I will add 'the' before 'quality of life'.,assistant,3,high-uptake,,
U045,"Good job! Peer acknowledged your feedback!
Let's move to the next error!",system,3,high-uptake,,
U002,How can I improve here?,assistant,3,mixed-uptake,,
U002,It helps you more than a just coffee or tea. you should put a between than and just,user,3,mixed-uptake,Reformulate,Active
U002,Why should I put a between than and just?,assistant,3,mixed-uptake,,
U002,It helps you more than just a coffee or tea. you should put a between coffee and just,user,3,mixed-uptake,Reformulate,Active
U002,Okay. I will put 'a' between 'than' and 'just' here.,assistant,3,mixed-uptake,,
U002,"Good job! Peer acknowledged your feedback!
Let's move to the next error!",system,3,mixed-uptake,,
U002,How can I improve here?,assistant,3,mixed-uptake,,
U002,provides! you should add s,user,3,mixed-uptake,Reformulate,Active
U002,Why should I add s to provide?,assistant,3,mixed-uptake,,
U002,breakfast is mono,user,3,mixed-uptake,Amplification,Constructive
U002,Okay. I will change 'provide' to 'provides' here.,assistant,3,mixed-uptake,,
U002,"Good job! Peer acknowledged your feedback!
Let's move to the next error!",system,3,mixed-uptake,,
U002,How can I improve here?,assistant,3,mixed-uptake,,
U002,What's wrong here?,assistant,3,mixed-uptake,,
U002,What's wrong here?,assistant,3,mixed-uptake,,
U002,How do I fix this?,assistant,3,mixed-uptake,,
U002,What's wrong here?,assistant,3,mixed-uptake,,
U002,How can I improve here?,assistant,3,mixed-uptake,,
U002,"In the past, some diseases were as deadly because of lack of treatments.",user,3,mixed-uptake,Amplification,Constructive
U002,"What does it mean, lack of treatments?",assistant,3,mixed-uptake,,
U002,lacks of trearments,user,3,mixed-uptake,Reformulate,Active
U002,What is lacks of trearments?,assistant,3,mixed-uptake,,
U002,you should put s,user,3,mixed-uptake,Reformulate,Active
U002,Why should I put s?,assistant,3,mixed-uptake,,
U002,"In the past, some diseases were so deadly because of a lack of treatments.",user,3,mixed-uptake,Reformulate,Active
U002,Okay. I will change this sentence.,assistant,3,mixed-uptake,,
U002,"Good job! Peer acknowledged your feedback!
Let's move to the next error!",system,3,mixed-uptake,,
U002,What's wrong here?,assistant,3,mixed-uptake,,
U002,"Technology not only changes how we entertain, but also changes how we work and communicate.",user,3,mixed-uptake,Reformulate,Active
U002,It should be technology not only change how we entertain?,assistant,3,mixed-uptake,,
U002,"Oh no, peer made a mistake while applying your feedback.
Please give a more detailed feedback",system,3,mixed-uptake,,
U002,"Technology not only changes how we entertain, but also changes how we work and communicate.",user,3,mixed-uptake,Reformulate,Active
U002,What does that mean?,assistant,3,mixed-uptake,,
U002,you should put more,user,3,mixed-uptake,Reformulate,Active
U002,What do you mean by put more?,assistant,3,mixed-uptake,,
U002,"Technology not only changes how we entertain, but also changes how we work and communicate. you should care work and communicate section too",user,3,mixed-uptake,Amplification,Constructive
U002,I will change the section to include more about work and communicate.,assistant,3,mixed-uptake,,
U002,"Good job! Peer acknowledged your feedback!
Let's move to the next error!",system,3,mixed-uptake,,
U002,How do I fix this?,assistant,3,mixed-uptake,,
U002,help->helped it is past,user,3,mixed-uptake,Amplification,Constructive
U002,Why do I need to change help to helped?,assistant,3,mixed-uptake,,
U002,past,user,3,mixed-uptake,Amplification,Constructive
U002,What does past mean?,assistant,3,mixed-uptake,,
U002,"it is past, so you have to use helped",user,3,mixed-uptake,Amplification,Constructive
U002,What does it mean to be past?,assistant,3,mixed-uptake,,
U002,Technology did many things at past!!,user,3,mixed-uptake,Amplification,Constructive
U002,Okay. I will change 'did' to 'did' and add 'the' in front of 'past'.,assistant,3,mixed-uptake,,
U002,"Good job! Peer acknowledged your feedback!
Let's move to the next error!",system,3,mixed-uptake,,
U002,How do I fix this?,assistant,3,mixed-uptake,,
U002,some people prefer reading a book or watching a movie.,user,3,mixed-uptake,Reject,Active
U002,What does prefer reading mean?,assistant,3,mixed-uptake,,
U002,ing,user,3,mixed-uptake,Amplification,Constructive
U002,So I guess it should be some prefer reading a book or watch a movie?,assistant,3,mixed-uptake,,
U002,"Oh no, peer made a mistake while applying your feedback.
Please give a more detailed feedback",system,3,mixed-uptake,,
U002,watching too,user,3,mixed-uptake,Amplification,Constructive
U002,I thought it should be some prefer reading a book or watching a movie.,assistant,3,mixed-uptake,,
U002,"Oh no, peer made a mistake while applying your feedback.
Please give a more detailed feedback",system,3,mixed-uptake,,
U002,yes,user,3,mixed-uptake,Accept,Passive
U002,Okay. I will change it to 'some prefer [reading] a book or [watching] a movie.',assistant,3,mixed-uptake,,
U002,"Good job! Peer acknowledged your feedback!
Let's move to the next error!",system,3,mixed-uptake,,
U002,Can you give me feedback on this part?,assistant,3,mixed-uptake,,
U002,video tapes you should space them,user,3,mixed-uptake,Reformulate,Active
U002,Okay. I will change 'In 50 years ago' to '50 years ago'.,assistant,3,mixed-uptake,,
U002,"Good job! Peer acknowledged your feedback!
Let's move to the next error!",system,3,mixed-uptake,,
U002,How can I improve here?,assistant,3,mixed-uptake,,
U020,What's wrong here?,assistant,3,low-uptake,,
U020,"Change the sentence to ""It would indeed weaken people's ability to communicate face-to-face."".",user,3,low-uptake,Reformulate,Active
U020,Why change it to weaken people's ability?,assistant,3,low-uptake,,
U020,The sentence in the passage is not to specific.,user,3,low-uptake,Reject,Active
U020,What does not to specific mean?,assistant,3,low-uptake,,
U020,It means it has not enough information.,user,3,low-uptake,Amplification,Constructive
U020,What does it mean to have not enough information?,assistant,3,low-uptake,,
U020,It means it is hard to understand exact point what readers want to write.,user,3,low-uptake,Amplification,Constructive
U020,I will change the sentence to 'It would indeed [weaken people's ability to communicate face-to-face].',assistant,3,low-uptake,,
U020,"Good job! Peer acknowledged your feedback!
Let's move to the next error!",system,3,low-uptake,,
U020,How can I improve here?,assistant,3,low-uptake,,
U020,How do I fix this?,assistant,3,low-uptake,,
U020,How can I improve here?,assistant,3,low-uptake,,
U020,How can I improve here?,assistant,3,low-uptake,,
U020,How do I fix this?,assistant,3,low-uptake,,
U001,What's wrong here?,assistant,3,low-uptake,,
U020,"Change the sentence to ""Therefore, while limiting technology use might seem beneficial, the drawbacks for communication and productivity show that embracing technology is ultimately more practical."".",user,3,low-uptake,Reformulate,Active
U020,Why should I change the sentence?,assistant,3,low-uptake,,
U020,"The error you showed means that the passage end so quickly, so we need summary.",user,3,low-uptake,Amplification,Constructive
U020,What does that mean to need summary?,assistant,3,low-uptake,,
U020,It means to review the whole passage.,user,3,low-uptake,Amplification,Constructive
U020,What does it mean to review the whole passage?,assistant,3,low-uptake,,
U020,To remind the important parts in the passage that the writer showed.,user,3,low-uptake,Amplification,Constructive
U020,Okay. I will change the sentence to summarize the passage.,assistant,3,low-uptake,,
U020,"Good job! Peer acknowledged your feedback!
Let's move to the next error!",system,3,low-uptake,,
U020,How can I improve here?,assistant,3,low-uptake,,
U001,앞에 r -> R 로 바꾸는 건 어떨까?,user,3,low-uptake,Reformulate,Active
U001,Why change r to R?,assistant,3,low-uptake,,
U001,문장의 처음은 원래 대문자를 이용해서 하는거야,user,3,low-uptake,Amplification,Constructive
U001,What does starting a sentence with a capital letter mean?,assistant,3,low-uptake,,
U001,use A B C D like this,user,3,low-uptake,Exemplification,Constructive
U001,What does A B C D mean?,assistant,3,low-uptake,,
U001,A 는 a 의 대문자야,user,3,low-uptake,Exemplification,Constructive
U001,I will change 'readers' to '[R]eaders' here.,assistant,3,low-uptake,,
U001,"Good job! Peer acknowledged your feedback!
Let's move to the next error!",system,3,low-uptake,,
U001,How do I fix this?,assistant,3,low-uptake,,
U005,How can I improve here?,assistant,3,high-uptake,,
U001,점을 빼고 문장을 이어주자,user,3,low-uptake,Reformulate,Active
U001,What does connecting sentences mean?,assistant,3,low-uptake,,
U001,delete puctuation,user,3,low-uptake,Reformulate,Active
U001,What does delete punctuation mean?,assistant,3,low-uptake,,
U001,점을 제거한다고,user,3,low-uptake,Reformulate,Active
U001,What does removing punctuation mean?,assistant,3,low-uptake,,
U001,너가 말한 그대로야,user,3,low-uptake,Amplification,Constructive
U001,Okay. I will connect the sentences.,assistant,3,low-uptake,,
U001,"Good job! Peer acknowledged your feedback!
Let's move to the next error!",system,3,low-uptake,,
U001,How do I fix this?,assistant,3,low-uptake,,
U001,문장 앞의 대문자를 이용해서 적어줘,user,3,low-uptake,Reformulate,Active
U001,What does using capital letters at the beginning of sentences mean?,assistant,3,low-uptake,,
U001,앞에 했던거라서 어렵지 ㅇ낳을거야,user,3,low-uptake,Connection,Constructive
U001,What does that mean?,assistant,3,low-uptake,,
U001,앞에 했었잖아 제일 처음 범했던 오류와 같은 상황이야,user,3,low-uptake,Connection,Constructive
U001,What does that mean?,assistant,3,low-uptake,,
U001,books -> Book,user,3,low-uptake,Reformulate,Active
U001,Okay. I will change 'books' to 'Book' here.,assistant,3,low-uptake,,
U001,"Good job! Peer acknowledged your feedback!
Let's move to the next error!",system,3,low-uptake,,
U001,Can you give me feedback on this part?,assistant,3,low-uptake,,
U001,이것도 f -> F 로 하면 좋을 것 같애 앞에 했던거랑 같은 맥락에서야,user,3,low-uptake,Connection,Constructive
U001,What does that mean?,assistant,3,low-uptake,,
U001,지금 세번째 하고있는거야 capitalize,user,3,low-uptake,Connection,Constructive
U001,What does capitalize mean?,assistant,3,low-uptake,,
U001,대문자를 이용하는 거야,user,3,low-uptake,Amplification,Constructive
U001,What does capitalize mean?,assistant,3,low-uptake,,
U001,대문자를 상황에 맞게 써야해,user,3,low-uptake,Amplification,Constructive
U001,Okay. I will change 'fiction' to 'Fiction' here.,assistant,3,low-uptake,,
U001,"Good job! Peer acknowledged your feedback!
Let's move to the next error!",system,3,low-uptake,,
U001,How can I improve here?,assistant,3,low-uptake,,
U001,but 말고 However 이렇게 쓰는게 어떨까?,user,3,low-uptake,Reformulate,Active
U001,What does using 'However' mean?,assistant,3,low-uptake,,
U001,거의 같은 의미로 쓰는거야.,user,3,low-uptake,Amplification,Constructive
U001,What does it mean to have a similar meaning?,assistant,3,low-uptake,,
U005,"I think ""I believe"" don't need this sentence",user,3,high-uptake,Reject,Active
U005,Okay. I will remove 'I believe' from this sentence.,assistant,3,high-uptake,,
U005,"Good job! Peer acknowledged your feedback!
Let's move to the next error!",system,3,high-uptake,,
U005,How can I improve here?,assistant,3,high-uptake,,
U001,but 과 However 은 같은 의미인데 이번에도 대문자를 이용해서 적어보자,user,3,low-uptake,Exemplification,Constructive
U001,What does capitalize mean?,assistant,3,low-uptake,,
U001,대문자를 이용해서 문장의 처음을 쓰는거야,user,3,low-uptake,Amplification,Constructive
U001,I will change the sentence to start with a capital letter.,assistant,3,low-uptake,,
U001,"Good job! Peer acknowledged your feedback!
Let's move to the next error!",system,3,low-uptake,,
U001,What's wrong here?,assistant,3,low-uptake,,
U001,good,user,3,low-uptake,Accept,Passive
U005,this sentence is unclear and too vague,user,3,high-uptake,Reject,Active
U005,Okay. I will make the sentence clearer.,assistant,3,high-uptake,,
U005,"Good job! Peer acknowledged your feedback!
Let's move to the next error!",system,3,high-uptake,,
U005,What's wrong here?,assistant,3,high-uptake,,
U005,It is worng to use extended,user,3,high-uptake,Reject,Active
U005,Okay. I will change 'extended' to 'longer' here.,assistant,3,high-uptake,,
U005,"Good job! Peer acknowledged your feedback!
Let's move to the next error!",system,3,high-uptake,,
U005,What's wrong here?,assistant,3,high-uptake,,
U005,time-off meaning is too vague,user,3,high-uptake,Reject,Active
U005,I will change 'time off' to 'vacation time' to be clearer.,assistant,3,high-uptake,,
U005,"Good job! Peer acknowledged your feedback!
Let's move to the next error!",system,3,high-uptake,,
U005,How can I improve here?,assistant,3,high-uptake,,
U005,This sentence has no relevant the topic,user,3,high-uptake,Reject,Active
U005,Okay. I will remove this sentence as it is not relevant to the topic.,assistant,3,high-uptake,,
U005,"Good job! Peer acknowledged your feedback!
Let's move to the next error!",system,3,high-uptake,,
U005,How do I fix this?,assistant,3,high-uptake,,
U005,"I think ""changes"" is correct to grammer",user,3,high-uptake,Reformulate,Active
U005,Okay. I will change 'Current system' to 'The current system' here.,assistant,3,high-uptake,,
U005,"Good job! Peer acknowledged your feedback!
Let's move to the next error!",system,3,high-uptake,,
U005,How can I improve here?,assistant,3,high-uptake,,
U005,"I think ""we"" is not correct becausewe can't change the time of vacation",user,3,high-uptake,Reject,Active
U005,I will change 'we' to 'students' here.,assistant,3,high-uptake,,
U005,"Good job! Peer acknowledged your feedback!
Let's move to the next error!",system,3,high-uptake,,
U005,Can you give me feedback on this part?,assistant,3,high-uptake,,
U005,"And student also can't change the time of vacation. So, it is better to change ""be extended""",user,3,high-uptake,Reformulate,Active
U005,Okay. I will change 'be extended' to 'should be extended' here.,assistant,3,high-uptake,,
U005,"Good job! Peer acknowledged your feedback!
Let's move to the next error!",system,3,high-uptake,,
U005,Can you give me feedback on this part?,assistant,3,high-uptake,,
U005,No,user,3,high-uptake,Reject,Active
U005,Okay. I will change 'be extended' to 'should be extended' here.,assistant,3,high-uptake,,
U005,"Good job! Peer acknowledged your feedback!
Let's move to the next error!",system,3,high-uptake,,
U005,How do I fix this?,assistant,3,high-uptake,,
U033,How do I fix this?,assistant,2,low-uptake,,
U033,I think this sentence should be deleted,user,2,low-uptake,Reject,Active
U033,Why should I delete that sentence?,assistant,2,low-uptake,,
U033,"Although your writing is about importance of water, this sentence is about earthquake. It doesn't match with your writing.",user,2,low-uptake,Amplification,Constructive
U033,Why does it not match with my writing?,assistant,2,low-uptake,,
U033,It isn't necessary.,user,2,low-uptake,Reject,Active
U033,Why is it unnecessary?,assistant,2,low-uptake,,
U033,Too much information.,user,2,low-uptake,Reject,Active
U033,Okay. I will delete this sentence.,assistant,2,low-uptake,,
U033,"Good job! Peer acknowledged your feedback!
Let's move to the next error!",system,2,low-uptake,,
U033,How do I fix this?,assistant,2,low-uptake,,
U033,How about add more details?,user,2,low-uptake,Reformulate,Active
U033,What do you mean by add more details?,assistant,2,low-uptake,,
U033,How about telling more detail about reducing our usage? Use some examples.,user,2,low-uptake,Exemplification,Constructive
U033,What examples can I use?,assistant,2,low-uptake,,
U033,Using cup during brushing teeth.,user,2,low-uptake,Amplification,Constructive
U033,What do you mean by using cup during brushing teeth?,assistant,2,low-uptake,,
U033,Yes,user,2,low-uptake,Accept,Passive
U033,"Okay. I will change it to 'By reducing our usage, we decrease the demand for water resources, and this is beneficial for nature.'",assistant,2,low-uptake,,
U033,"Good job! Peer acknowledged your feedback!
Let's move to the next error!",system,2,low-uptake,,
U033,What's wrong here?,assistant,2,low-uptake,,
U033,"Add comma between like and a ; Just like, a fire can be put out without using an extinguisher.",user,2,low-uptake,Reformulate,Active
U033,Why do I need a comma there?,assistant,2,low-uptake,,
U033,It can split the sentence. Without comma readers can misunderstand.,user,2,low-uptake,Amplification,Constructive
U033,What does split the sentence mean?,assistant,2,low-uptake,,
U033,divide the sentence.,user,2,low-uptake,Reformulate,Active
U033,What does divide the sentence mean?,assistant,2,low-uptake,,
U033,Separate the sentence,user,2,low-uptake,Reformulate,Active
U033,"Okay. I will change it to 'Just like, [a] fire can be put out without using an extinguisher.'",assistant,2,low-uptake,,
U033,"Good job! Peer acknowledged your feedback!
Let's move to the next error!",system,2,low-uptake,,
U033,Can you give me feedback on this part?,assistant,2,low-uptake,,
U033,change resource to resources,user,2,low-uptake,Reformulate,Active
U033,Why do I change resource to resources?,assistant,2,low-uptake,,
U033,Resource can be counted and 'one of the ~' should be in front of plural noun.,user,2,low-uptake,Amplification,Constructive
U033,What does it mean that resource should be plural?,assistant,2,low-uptake,,
U033,Yes,user,2,low-uptake,Accept,Passive
U033,What does it mean that 'one of the ~' should be in front of plural noun?,assistant,2,low-uptake,,
U033,one of the most important' + plural noun.,user,2,low-uptake,Exemplification,Constructive
U033,Okay. I will change 'resource' to 'resources' here.,assistant,2,low-uptake,,
U033,"Good job! Peer acknowledged your feedback!
Let's move to the next error!",system,2,low-uptake,,
U033,Can you give me feedback on this part?,assistant,2,low-uptake,,
U033,It would be better adding comma between 'late' and 'and'.,user,2,low-uptake,Reformulate,Active
U033,How do I add a comma between 'late' and 'and'?,assistant,2,low-uptake,,
U033,"We must take action before it is too late, and save water for future generations.",user,2,low-uptake,Exemplification,Constructive
U033,How do I add a comma?,assistant,2,low-uptake,,
U033,"Change the sentence like this. 'We must take action before it is too late, and save water for future generations.'",user,2,low-uptake,Reformulate,Active
U033,Why do I need a comma there?,assistant,2,low-uptake,,
U033,Because readers can be wonder if you meant 'we must take action and we must save water' or 'We must take action before saving water',user,2,low-uptake,Amplification,Constructive
U033,Okay. I will change the sentence to add a comma.,assistant,2,low-uptake,,
U033,"Good job! Peer acknowledged your feedback!
Let's move to the next error!",system,2,low-uptake,,
U033,Can you give me feedback on this part?,assistant,2,low-uptake,,
U046,How can I improve here?,assistant,3,mixed-uptake,,
U038,How do I fix this?,assistant,2,mixed-uptake,,
U038,"Nowadays, technology is everywhere, and it affects our lives in many ways.",user,2,mixed-uptake,Reformulate,Active
U038,I think it should be the technology are everywhere.,assistant,2,mixed-uptake,,
U038,"Oh no, peer made a mistake while applying your feedback.
Please give a more detailed feedback",system,2,mixed-uptake,,
U038,"You suggested “the technology are everywhere”, but that’s incorrect. Here’s why:  Uncountable noun  The word technology is uncountable, so it is treated as singular.  That means you must use is, not are.  ✅ Technology is everywhere.  ❌ Technology are everywhere.  Use of “the”  the technology is correct only when referring to a specific technology.  Example: The technology used in modern cars is very advanced.  But when you’re speaking in general, about technology as a whole, you should say simply technology, without the.  Plural option  If you really want to use a plural form with are, you need to change the noun:  ✅ Technologies are everywhere.  This works if you mean “many different types of technology.”",user,2,mixed-uptake,Amplification,Constructive
U038,What does uncountable noun mean?,assistant,2,mixed-uptake,,
U046,provide change to provides,user,3,mixed-uptake,Reformulate,Active
U046,I don't get it,assistant,3,mixed-uptake,,
U046,"Good job! Peer acknowledged your feedback!
Let's move to the next error!",system,3,mixed-uptake,,
U046,What's wrong here?,assistant,3,mixed-uptake,,
U038,"An uncountable noun (also called a mass noun) refers to something that cannot be counted individually. These nouns usually describe:  Substances (water, rice, air, oil)  Abstract ideas (happiness, information, knowledge)  General categories (furniture, money, technology)  Because they can’t be separated into individual items easily, they:  Do not take “a/an.”  ❌ a knowledge  ✅ knowledge  Do not usually have a plural form.  ❌ informations  ✅ information  Take singular verbs.  ✅ Technology is changing fast.  ❌ Technology are changing fast.  Examples:  Correct: Water is essential for life.  Wrong: Waters are essential for life. (unless you mean “different seas or oceans”)  Correct: We need more information.  Wrong: We need more informations.",user,2,mixed-uptake,Amplification,Constructive
U038,I think it should be the technology is affect our lives in many ways.,assistant,2,mixed-uptake,,
U038,"Oh no, peer made a mistake while applying your feedback.
Please give a more detailed feedback",system,2,mixed-uptake,,
U038,"Verb form issue  You wrote “is affect”, but that’s mixing two verb forms.  After is, you can’t just use the base verb affect.  You need either:  is affecting (present continuous)  or simply affects (simple present)",user,2,mixed-uptake,Amplification,Constructive
U038,I will change 'affect' to 'affects' here.,assistant,2,mixed-uptake,,
U038,"Good job! Peer acknowledged your feedback!
Let's move to the next error!",system,2,mixed-uptake,,
U038,How can I improve here?,assistant,2,mixed-uptake,,
U046,it's sentence is not good for reading,user,3,mixed-uptake,Reject,Active
U046,What does it mean that the sentence is not good for reading?,assistant,3,mixed-uptake,,
U046,It's not smoothly to read.,user,3,mixed-uptake,Amplification,Constructive
U046,I think I can say this is mistake strongly believe.,assistant,3,mixed-uptake,,
U046,"Oh no, peer made a mistake while applying your feedback.
Please give a more detailed feedback",system,3,mixed-uptake,,
U046,i think your opinion is right,user,3,mixed-uptake,Accept,Passive
U046,Okay. I will change the sentence for a smoother reading.,assistant,3,mixed-uptake,,
U046,"Good job! Peer acknowledged your feedback!
Let's move to the next error!",system,3,mixed-uptake,,
U046,How can I improve here?,assistant,3,mixed-uptake,,
U038,"With a smartphone, students can learn through online courses and access a vast number of resources. This is a great benefit for them.",user,2,mixed-uptake,Reformulate,Active
U038,What does vast number of resources mean?,assistant,2,mixed-uptake,,
U038,"“a vast number of resources” means:  vast = very large, huge, extensive  number of = many (used with plural countable nouns)  resources = useful materials, tools, or information that people can use  So together, “a vast number of resources” means “a very large amount of many different resources.”",user,2,mixed-uptake,Amplification,Constructive
U038,"It should be a vast number of resource, right?",assistant,2,mixed-uptake,,
U038,"Oh no, peer made a mistake while applying your feedback.
Please give a more detailed feedback",system,2,mixed-uptake,,
U046,I encourage change that I can encourage,user,3,mixed-uptake,Reformulate,Active
U046,So it should be I encourage change that I can support everyone to read books?,assistant,3,mixed-uptake,,
U046,"Oh no, peer made a mistake while applying your feedback.
Please give a more detailed feedback",system,3,mixed-uptake,,
U038,yes,user,2,mixed-uptake,Accept,Passive
U046,yes,user,3,mixed-uptake,Accept,Passive
U038,Should it be a vast number of resource?,assistant,2,mixed-uptake,,
U038,"Oh no, peer made a mistake while applying your feedback.
Please give a more detailed feedback",system,2,mixed-uptake,,
U046,What does encourage change that I can support mean?,assistant,3,mixed-uptake,,
U038,"Good instinct to double-check 👍  The answer is: No, it should not be “a vast number of resource.”  Here’s why:  The phrase “a number of …” always takes a plural countable noun.  ✅ a number of students  ✅ a number of books  ✅ a vast number of resources  ❌ a vast number of resource  So the correct expression is: 👉 “a vast number of resources.”",user,2,mixed-uptake,Reformulate,Active
U038,"I understand, I will change 'resource' to 'resources' here.",assistant,2,mixed-uptake,,
U038,"Good job! Peer acknowledged your feedback!
Let's move to the next error!",system,2,mixed-uptake,,
U038,Can you give me feedback on this part?,assistant,2,mixed-uptake,,
U046,its mean is better to read,user,3,mixed-uptake,Amplification,Constructive
U046,Okay. I will change 'encourage' to '[support]' here.,assistant,3,mixed-uptake,,
U046,"Good job! Peer acknowledged your feedback!
Let's move to the next error!",system,3,mixed-uptake,,
U046,How can I improve here?,assistant,3,mixed-uptake,,
U046,complete change to wider,user,3,mixed-uptake,Reformulate,Active
U046,"I think it should be in results, we get a more wider view of topics.",assistant,3,mixed-uptake,,
U046,"Oh no, peer made a mistake while applying your feedback.
Please give a more detailed feedback",system,3,mixed-uptake,,
U046,yes,user,3,mixed-uptake,Accept,Passive
U046,What does in result mean?,assistant,3,mixed-uptake,,
U046,it means the summary main topic,user,3,mixed-uptake,Amplification,Constructive
U046,"It should be in results, we get a more wider view of topics.",assistant,3,mixed-uptake,,
U046,"Oh no, peer made a mistake while applying your feedback.
Please give a more detailed feedback",system,3,mixed-uptake,,
U046,yes,user,3,mixed-uptake,Accept,Passive
U046,Okay. I will change 'In result' to 'As a result'.,assistant,3,mixed-uptake,,
U046,"Good job! Peer acknowledged your feedback!
Let's move to the next error!",system,3,mixed-uptake,,
U046,What's wrong here?,assistant,3,mixed-uptake,,
U046,help change to helps,user,3,mixed-uptake,Reformulate,Active
U046,Why does it help change to helps?,assistant,3,mixed-uptake,,
U046,grammar correct,user,3,mixed-uptake,Amplification,Constructive
U046,What does grammar correct mean?,assistant,3,mixed-uptake,,
U046,help is not correct grammarly. so should change to helps,user,3,mixed-uptake,Amplification,Constructive
U046,What does grammarly mean?,assistant,3,mixed-uptake,,
U046,it mean in grammar part,user,3,mixed-uptake,Amplification,Constructive
U046,I will change 'help' to 'helps' here.,assistant,3,mixed-uptake,,
U046,"Good job! Peer acknowledged your feedback!
Let's move to the next error!",system,3,mixed-uptake,,
U046,How do I fix this?,assistant,3,mixed-uptake,,
U046,books change to reading books,user,3,mixed-uptake,Reformulate,Active
U046,So it should be reading books can improve language skills?,assistant,3,mixed-uptake,,
U046,"Oh no, peer made a mistake while applying your feedback.
Please give a more detailed feedback",system,3,mixed-uptake,,
U046,yes,user,3,mixed-uptake,Accept,Passive
U046,What does that mean?,assistant,3,mixed-uptake,,
U046,this essay talk about reading books. so I think change to reading books is better,user,3,mixed-uptake,Amplification,Constructive
U046,Okay. I will change 'books' to 'reading books' here.,assistant,3,mixed-uptake,,
U046,"Good job! Peer acknowledged your feedback!
Let's move to the next error!",system,3,mixed-uptake,,
U046,How do I fix this?,assistant,3,mixed-uptake,,
U046,vocaboulary skill is better than vocabulary,user,3,mixed-uptake,Reformulate,Active
U046,What does vocabulary skill mean?,assistant,3,mixed-uptake,,
U046,only vocabulary is not smooth to read,user,3,mixed-uptake,Amplification,Constructive
U046,What does smooth to read mean?,assistant,3,mixed-uptake,,
U046,it means reading easy,user,3,mixed-uptake,Amplification,Constructive
U046,What does improve grammar mean?,assistant,3,mixed-uptake,,
U046,improve grammar skill,user,3,mixed-uptake,Amplification,Constructive
U046,Okay. I will change 'can increase our vocabulary and improve our grammar' to 'can increase our vocabulary and improve our grammar skill' here.,assistant,3,mixed-uptake,,
U046,"Good job! Peer acknowledged your feedback!
Let's move to the next error!",system,3,mixed-uptake,,
U047,What's wrong here?,assistant,2,mixed-uptake,,
U047,much -> much more,user,2,mixed-uptake,Reformulate,Active
U047,I don't get it,assistant,2,mixed-uptake,,
U047,"Good job! Peer acknowledged your feedback!
Let's move to the next error!",system,2,mixed-uptake,,
U047,Can you give me feedback on this part?,assistant,2,mixed-uptake,,
U047,much -> more,user,2,mixed-uptake,Reformulate,Active
U047,I will change 'much' to 'more' here.,assistant,2,mixed-uptake,,
U047,"Good job! Peer acknowledged your feedback!
Let's move to the next error!",system,2,mixed-uptake,,
U047,How can I improve here?,assistant,2,mixed-uptake,,
U047,driving -> is driving,user,2,mixed-uptake,Reformulate,Active
U047,I think it should be the person is driving their car.,assistant,2,mixed-uptake,,
U047,"Oh no, peer made a mistake while applying your feedback.
Please give a more detailed feedback",system,2,mixed-uptake,,
U047,No. just drinving,user,2,mixed-uptake,Reject,Active
U047,Why is it just drinving?,assistant,2,mixed-uptake,,
U047,Because there must be only one verb after that clause.,user,2,mixed-uptake,Amplification,Constructive
U047,So it should be the person is driving there car?,assistant,2,mixed-uptake,,
U047,"Oh no, peer made a mistake while applying your feedback.
Please give a more detailed feedback",system,2,mixed-uptake,,
U041,What's wrong here?,assistant,1,mixed-uptake,,
U047,No. the person driving thier car,user,2,mixed-uptake,Reformulate,Active
U047,I will change 'the person is driving their car' here.,assistant,2,mixed-uptake,,
U047,"Good job! Peer acknowledged your feedback!
Let's move to the next error!",system,2,mixed-uptake,,
U047,How can I improve here?,assistant,2,mixed-uptake,,
U047,And they provide some convenience by using them.,user,2,mixed-uptake,Reformulate,Active
U047,What does provide some convenience mean?,assistant,2,mixed-uptake,,
U029,Can you give me feedback on this part?,assistant,1,mixed-uptake,,
U041,disappear 뒤에 s 붙여야 하지 않음?,user,1,mixed-uptake,Reformulate,Active
U041,I don't get it,assistant,1,mixed-uptake,,
U041,"Good job! Peer acknowledged your feedback!
Let's move to the next error!",system,1,mixed-uptake,,
U041,Can you give me feedback on this part?,assistant,1,mixed-uptake,,
U047,I removed the part that said it was exciting because it didn't fit.,user,2,mixed-uptake,Amplification,Constructive
U047,What does it mean that it didn't fit?,assistant,2,mixed-uptake,,
U041,"work -> working, study -> studying",user,1,mixed-uptake,Reformulate,Active
U041,Why do I need to change work to working?,assistant,1,mixed-uptake,,
U041,while 뒤에는 절이나 -ing 형태가 와야할 것 같음,user,1,mixed-uptake,Amplification,Constructive
U041,What does it mean to use 절 or -ing 형태?,assistant,1,mixed-uptake,,
U047,"Looking at the above, it means that transportation provides us with convenience, not excitement.",user,2,mixed-uptake,Reformulate,Active
U047,I think it should say they provides some convenience.,assistant,2,mixed-uptake,,
U047,"Oh no, peer made a mistake while applying your feedback.
Please give a more detailed feedback",system,2,mixed-uptake,,
U041,절 means complete sentence and -ing means verb + -ing.,user,1,mixed-uptake,Amplification,Constructive
U041,Okay. I will change 'work' to 'working' and 'study' to 'studying' here.,assistant,1,mixed-uptake,,
U041,"Good job! Peer acknowledged your feedback!
Let's move to the next error!",system,1,mixed-uptake,,
U041,How can I improve here?,assistant,1,mixed-uptake,,
U047,No. We don't use the third person singular with plural noun subjects. so provides->provide,user,2,mixed-uptake,Amplification,Constructive
U047,I don't get it,assistant,2,mixed-uptake,,
U047,"Good job! Peer acknowledged your feedback!
Let's move to the next error!",system,2,mixed-uptake,,
U047,Can you give me feedback on this part?,assistant,2,mixed-uptake,,
U041,music sharing -> utility for sharing musics,user,1,mixed-uptake,Reformulate,Active
U041,I think I can change it to since internet is a major part for sharing musics.,assistant,1,mixed-uptake,,
U041,"Oh no, peer made a mistake while applying your feedback.
Please give a more detailed feedback",system,1,mixed-uptake,,
U047,ideal for -> ideal transport for,user,2,mixed-uptake,Reformulate,Active
U047,So it should be but is this ideal transport for travel?.,assistant,2,mixed-uptake,,
U047,"Oh no, peer made a mistake while applying your feedback.
Please give a more detailed feedback",system,2,mixed-uptake,,
U041,sharing musics with other people,user,1,mixed-uptake,Reformulate,Active
U041,I will change 'musics' to 'music' and add 'with other people' here.,assistant,1,mixed-uptake,,
U041,"Good job! Peer acknowledged your feedback!
Let's move to the next error!",system,1,mixed-uptake,,
U041,Can you give me feedback on this part?,assistant,1,mixed-uptake,,
U047,No. ideal transport -> ideal way,user,2,mixed-uptake,Reformulate,Active
U047,I will change it to 'But is this [ideal way] for travel?'.,assistant,2,mixed-uptake,,
U047,"Good job! Peer acknowledged your feedback!
Let's move to the next error!",system,2,mixed-uptake,,
U047,What's wrong here?,assistant,2,mixed-uptake,,
U041,entirely -> actually,user,1,mixed-uptake,Reformulate,Active
U041,Why should I change 'entirely' to 'actually'?,assistant,1,mixed-uptake,,
U041,or definitely,user,1,mixed-uptake,Reformulate,Active
U041,What does or definitely mean?,assistant,1,mixed-uptake,,
U041,really,user,1,mixed-uptake,Amplification,Constructive
U041,Okay. I will change 'entirely' to 'really' here.,assistant,1,mixed-uptake,,
U041,"Good job! Peer acknowledged your feedback!
Let's move to the next error!",system,1,mixed-uptake,,
U041,How can I improve here?,assistant,1,mixed-uptake,,
U029,strategies that is not -> strategies that are not,user,1,mixed-uptake,Reformulate,Active
U029,Why is it 'are' not 'is'?,assistant,1,mixed-uptake,,
U047,think -> thinks,user,2,mixed-uptake,Reformulate,Active
U047,Okay. I will change 'think' to 'thinks' here.,assistant,2,mixed-uptake,,
U047,"Good job! Peer acknowledged your feedback!
Let's move to the next error!",system,2,mixed-uptake,,
U047,How can I improve here?,assistant,2,mixed-uptake,,
U041,change the structure of sentence,user,1,mixed-uptake,Reformulate,Active
U041,What does change the structure of sentence mean?,assistant,1,mixed-uptake,,
U029,"Because ""strategies"" is plural nouns.",user,1,mixed-uptake,Amplification,Constructive
U029,What does plural nouns mean?,assistant,1,mixed-uptake,,
U047,to speed --> speed,user,2,mixed-uptake,Reformulate,Active
U041,"However, this problem is solvable with solutions of promoting diverse music cultures and respecting the differences between them.",user,1,mixed-uptake,Reformulate,Active
U047,But excitement from driving makes this person speed naturally?,assistant,2,mixed-uptake,,
U047,"Oh no, peer made a mistake while applying your feedback.
Please give a more detailed feedback",system,2,mixed-uptake,,
U041,I will change it to this problem can resolve with promoting diverse music cultures.,assistant,1,mixed-uptake,,
U041,"Oh no, peer made a mistake while applying your feedback.
Please give a more detailed feedback",system,1,mixed-uptake,,
U041,ok,user,1,mixed-uptake,Accept,Passive
U041,I will change the sentence structure.,assistant,1,mixed-uptake,,
U041,"Good job! Peer acknowledged your feedback!
Let's move to the next error!",system,1,mixed-uptake,,
U041,How can I improve here?,assistant,1,mixed-uptake,,
U029,"Plural nouns are noun forms that refer to more than one person , place, thing.",user,1,mixed-uptake,Amplification,Constructive
U029,"I understand, I will change 'is' to 'are' here.",assistant,1,mixed-uptake,,
U029,"Good job! Peer acknowledged your feedback!
Let's move to the next error!",system,1,mixed-uptake,,
U029,How can I improve here?,assistant,1,mixed-uptake,,
U047,But exitement from driving make this person to speed naturally,user,2,mixed-uptake,Reformulate,Active
U041,distribution platforms -> platforms for distributing musics,user,1,mixed-uptake,Reformulate,Active
U047,"What does that mean, to speed?",assistant,2,mixed-uptake,,
U041,What does platforms for distributing musics mean?,assistant,1,mixed-uptake,,
U047,Meaning of causative verb,user,2,mixed-uptake,Amplification,Constructive
U047,What is causative verb?,assistant,2,mixed-uptake,,
U041,arbitrary users in the platform can download your musics,user,1,mixed-uptake,Reformulate,Active
U041,"So I guess it should be to share this music with larger audience, we need platforms to distributing musics.",assistant,1,mixed-uptake,,
U041,"Oh no, peer made a mistake while applying your feedback.
Please give a more detailed feedback",system,1,mixed-uptake,,
U041,yes,user,1,mixed-uptake,Accept,Passive
U041,What does platforms to distributing musics mean?,assistant,1,mixed-uptake,,
U047,Make it so that ~~ happens,user,2,mixed-uptake,Reformulate,Active
U047,Okay. I will change 'makes this person to speed' to 'makes this person speed'.,assistant,2,mixed-uptake,,
U047,"Good job! Peer acknowledged your feedback!
Let's move to the next error!",system,2,mixed-uptake,,
U047,Can you give me feedback on this part?,assistant,2,mixed-uptake,,
U041,arbitrary users in the platform can download your musics,user,1,mixed-uptake,Reformulate,Active
U041,Okay. I will change 'platforms to distributing musics' to 'platforms for distributing musics'.,assistant,1,mixed-uptake,,
U041,"Good job! Peer acknowledged your feedback!
Let's move to the next error!",system,1,mixed-uptake,,
U041,Can you give me feedback on this part?,assistant,1,mixed-uptake,,
U047,ride -> riding,user,2,mixed-uptake,Reformulate,Active
U047,I think it should be after riding the train.,assistant,2,mixed-uptake,,
U047,"Oh no, peer made a mistake while applying your feedback.
Please give a more detailed feedback",system,2,mixed-uptake,,
U041,boring -> not interesting,user,1,mixed-uptake,Reformulate,Active
U041,I will change 'boring' to 'not interesting' here.,assistant,1,mixed-uptake,,
U041,"Good job! Peer acknowledged your feedback!
Let's move to the next error!",system,1,mixed-uptake,,
U041,What's wrong here?,assistant,1,mixed-uptake,,
U047,saw -> see,user,2,mixed-uptake,Reformulate,Active
U047,Why should it be saw -> see?,assistant,2,mixed-uptake,,
U041,it also comes with some negative aspect -> it also has some cons.,user,1,mixed-uptake,Reformulate,Active
U041,Okay. I will change 'comes with some negative aspect' to 'has some cons' here.,assistant,1,mixed-uptake,,
U041,"Good job! Peer acknowledged your feedback!
Let's move to the next error!",system,1,mixed-uptake,,
U041,What's wrong here?,assistant,1,mixed-uptake,,
U041,could enjoy musics anytime -> could enjoy musics almost everywhere,user,1,mixed-uptake,Reformulate,Active
U041,Okay. I will change 'anytime' to 'almost everywhere' here.,assistant,1,mixed-uptake,,
U047,"No. For our safety. When you drive after ride the train, you may think about what you saw, so you cannot focus on the road only, this may decrease your",user,2,mixed-uptake,Amplification,Constructive
U041,"Good job! Peer acknowledged your feedback!
Let's move to the next error!",system,1,mixed-uptake,,
U047,What does that mean to focus on the road only?,assistant,2,mixed-uptake,,
U047,focus on road,user,2,mixed-uptake,Amplification,Constructive
U047,I will change 'focus on the road only' to 'focus on road'.,assistant,2,mixed-uptake,,
U047,"Good job! Peer acknowledged your feedback!
Let's move to the next error!",system,2,mixed-uptake,,
U029,You have to suggest sufficient examples.,user,1,mixed-uptake,Reject,Active
U029,What do you mean by sufficient examples?,assistant,1,mixed-uptake,,
U029,playing team sports has varios part.,user,1,mixed-uptake,Reformulate,Active
U029,So it's interesting experiences for many people?,assistant,1,mixed-uptake,,
U029,"Oh no, peer made a mistake while applying your feedback.
Please give a more detailed feedback",system,1,mixed-uptake,,
U029,You have to show more examples of team games.,user,1,mixed-uptake,Amplification,Constructive
U029,So it's interesting experience for people like swimming and football?,assistant,1,mixed-uptake,,
U029,"Oh no, peer made a mistake while applying your feedback.
Please give a more detailed feedback",system,1,mixed-uptake,,
U029,How do I fix this?,assistant,1,mixed-uptake,,
U041,How can I improve here?,assistant,2,mixed-uptake,,
U029,What's wrong here?,assistant,2,mixed-uptake,,
U041,consume -> consumes,user,2,mixed-uptake,Reformulate,Active
U041,So it should be usage of internet consumes more resources and causes problems?,assistant,2,mixed-uptake,,
U041,"Oh no, peer made a mistake while applying your feedback.
Please give a more detailed feedback",system,2,mixed-uptake,,
U041,yes,user,2,mixed-uptake,Accept,Passive
U041,I will change 'cause' to 'causes' in this sentence.,assistant,2,mixed-uptake,,
U041,"Good job! Peer acknowledged your feedback!
Let's move to the next error!",system,2,mixed-uptake,,
U041,Can you give me feedback on this part?,assistant,2,mixed-uptake,,
U029,in their trips -> during their trips,user,2,mixed-uptake,Reformulate,Active
U029,What does during their trips mean?,assistant,2,mixed-uptake,,
U041,so direct,user,2,mixed-uptake,Reject,Active
U041,What does 'so direct' mean?,assistant,2,mixed-uptake,,
U041,too direct,user,2,mixed-uptake,Reject,Active
U041,Okay. I will change the sentence to make it less direct.,assistant,2,mixed-uptake,,
U041,"Good job! Peer acknowledged your feedback!
Let's move to the next error!",system,2,mixed-uptake,,
U041,What's wrong here?,assistant,2,mixed-uptake,,
U031,Can you give me feedback on this part?,assistant,2,high-uptake,,
U029,"Trips are process, so ""during"" is proper than ""in""",user,2,mixed-uptake,Amplification,Constructive
U029,What does it mean that trips are process?,assistant,2,mixed-uptake,,
U041,boom -> boomed,user,2,mixed-uptake,Reformulate,Active
U041,I will say after the technology boomed in 20th centuries.,assistant,2,mixed-uptake,,
U041,"Oh no, peer made a mistake while applying your feedback.
Please give a more detailed feedback",system,2,mixed-uptake,,
U041,maybe,user,2,mixed-uptake,Reject,Active
U041,I think it should be after the technology boomed in 20th century.,assistant,2,mixed-uptake,,
U041,"Oh no, peer made a mistake while applying your feedback.
Please give a more detailed feedback",system,2,mixed-uptake,,
U041,ok,user,2,mixed-uptake,Accept,Passive
U041,Maybe it should be after the technology boomed in 20th centuries?,assistant,2,mixed-uptake,,
U041,"Oh no, peer made a mistake while applying your feedback.
Please give a more detailed feedback",system,2,mixed-uptake,,
U041,ok,user,2,mixed-uptake,Accept,Passive
U041,Okay. I will change 'centuries' to 'century' here.,assistant,2,mixed-uptake,,
U041,"Good job! Peer acknowledged your feedback!
Let's move to the next error!",system,2,mixed-uptake,,
U041,What's wrong here?,assistant,2,mixed-uptake,,
U031,"Since ‘someone’ is singular, you should use 'believes'.",user,2,high-uptake,Amplification,Constructive
U031,I will change 'believe' to 'believes'.,assistant,2,high-uptake,,
U031,"Good job! Peer acknowledged your feedback!
Let's move to the next error!",system,2,high-uptake,,
U031,What's wrong here?,assistant,2,high-uptake,,
U041,With the internet tool -> using internet tools,user,2,mixed-uptake,Reformulate,Active
U041,What does using internet tools mean?,assistant,2,mixed-uptake,,
U041,programs and utilities in the internet,user,2,mixed-uptake,Reformulate,Active
U041,It should be using program and tool in the internet.,assistant,2,mixed-uptake,,
U041,"Oh no, peer made a mistake while applying your feedback.
Please give a more detailed feedback",system,2,mixed-uptake,,
U029,Process means something that is happened when certain time range.,user,2,mixed-uptake,Amplification,Constructive
U029,What is process in this context?,assistant,2,mixed-uptake,,
U029,trips,user,2,mixed-uptake,Amplification,Constructive
U029,Okay. I will change 'in' to 'during' here.,assistant,2,mixed-uptake,,
U029,"Good job! Peer acknowledged your feedback!
Let's move to the next error!",system,2,mixed-uptake,,
U029,How do I fix this?,assistant,2,mixed-uptake,,
U031,"Since 'conversation' is a countable noun, it needs an article 'a' when singular. So it should be 'create a meaningful conversation.'",user,2,high-uptake,Amplification,Constructive
U031,I will change 'create meaningful converse' to 'create [a] meaningful conversation.',assistant,2,high-uptake,,
U031,"Good job! Peer acknowledged your feedback!
Let's move to the next error!",system,2,high-uptake,,
U031,What's wrong here?,assistant,2,high-uptake,,
U029,culture -> cultures,user,2,mixed-uptake,Reformulate,Active
U029,I think I change culture to cultures.,assistant,2,mixed-uptake,,
U029,"Oh no, peer made a mistake while applying your feedback.
Please give a more detailed feedback",system,2,mixed-uptake,,
U041,add 'the' in front of emails,user,2,mixed-uptake,Reformulate,Active
U041,So I will write the emails without 'the' in front.,assistant,2,mixed-uptake,,
U041,"Oh no, peer made a mistake while applying your feedback.
Please give a more detailed feedback",system,2,mixed-uptake,,
U031,"There’s no comma needed after 'case' because it’s the end of a prepositional phrase, not an introductory clause.",user,2,high-uptake,Amplification,Constructive
U031,Okay. I will remove the comma after 'case'.,assistant,2,high-uptake,,
U031,"Good job! Peer acknowledged your feedback!
Let's move to the next error!",system,2,high-uptake,,
U031,What's wrong here?,assistant,2,high-uptake,,
U041,add 'the' in front of 'information',user,2,mixed-uptake,Reformulate,Active
U029,are -> come,user,2,mixed-uptake,Reformulate,Active
U041,Okay. I will add 'the' in front of 'information' here.,assistant,2,mixed-uptake,,
U041,"Good job! Peer acknowledged your feedback!
Let's move to the next error!",system,2,mixed-uptake,,
U041,How can I improve here?,assistant,2,mixed-uptake,,
U029,Why change are to come?,assistant,2,mixed-uptake,,
U041,add 'the' in front of 'faster',user,2,mixed-uptake,Reformulate,Active
U041,Why I need to add 'the' in front of 'faster'?,assistant,2,mixed-uptake,,
U041,yes,user,2,mixed-uptake,Accept,Passive
U041,What does it mean to boom in this context?,assistant,2,mixed-uptake,,
U041,yesyes,user,2,mixed-uptake,Accept,Passive
U029,They went to same country.,user,2,mixed-uptake,Amplification,Constructive
U041,Okay. I will add 'the' in front of 'faster' here.,assistant,2,mixed-uptake,,
U041,"Good job! Peer acknowledged your feedback!
Let's move to the next error!",system,2,mixed-uptake,,
U041,Can you give me feedback on this part?,assistant,2,mixed-uptake,,
U029,I think it should be tourists come from different cultures each other.,assistant,2,mixed-uptake,,
U029,"Oh no, peer made a mistake while applying your feedback.
Please give a more detailed feedback",system,2,mixed-uptake,,
U041,entertain -> entertainment,user,2,mixed-uptake,Reformulate,Active
U041,What does entertain mean in this context?,assistant,2,mixed-uptake,,
U041,ability,user,2,mixed-uptake,Reformulate,Active
U041,What does ability mean?,assistant,2,mixed-uptake,,
U041,skill,user,2,mixed-uptake,Reformulate,Active
U041,"So it should be individuals can gain skills, jobs, and [entertainment]?",assistant,2,mixed-uptake,,
U041,"Oh no, peer made a mistake while applying your feedback.
Please give a more detailed feedback",system,2,mixed-uptake,,
U041,yes,user,2,mixed-uptake,Accept,Passive
U041,Okay. I will change 'entertain' to 'entertainment' here.,assistant,2,mixed-uptake,,
U041,"Good job! Peer acknowledged your feedback!
Let's move to the next error!",system,2,mixed-uptake,,
U041,What's wrong here?,assistant,2,mixed-uptake,,
U031,"Since the word 'People' is plural, you should use 'feel'.",user,2,high-uptake,Amplification,Constructive
U031,Okay. I will change 'feels' to 'feel' here.,assistant,2,high-uptake,,
U031,"Good job! Peer acknowledged your feedback!
Let's move to the next error!",system,2,high-uptake,,
U029,themselves -> each other,user,2,mixed-uptake,Reformulate,Active
U029,Okay. I will change 'themselves' to 'each other' here.,assistant,2,mixed-uptake,,
U029,"Good job! Peer acknowledged your feedback!
Let's move to the next error!",system,2,mixed-uptake,,
U029,What's wrong here?,assistant,2,mixed-uptake,,
U029,travelers -> traveler,user,2,mixed-uptake,Reformulate,Active
U029,Why change travelers to traveler?,assistant,2,mixed-uptake,,
U029,"""you"" are an one person, so you have to use singular form",user,2,mixed-uptake,Amplification,Constructive
U029,What does singular form mean?,assistant,2,mixed-uptake,,
U029,"singular form prefers to something that is just one person, thing.",user,2,mixed-uptake,Amplification,Constructive
U029,What does it mean to use singular form?,assistant,2,mixed-uptake,,
U029,"""you"" is just one person, so you should change verb to singular form.",user,2,mixed-uptake,Amplification,Constructive
U029,Okay. I will change 'travelers' to 'traveler' here.,assistant,2,mixed-uptake,,
U029,"Good job! Peer acknowledged your feedback!
Let's move to the next error!",system,2,mixed-uptake,,
U029,What's wrong here?,assistant,2,mixed-uptake,,
U029,scenaries -> scenary,user,2,mixed-uptake,Reformulate,Active
U029,I think it should be scenary instead of scenaries.,assistant,2,mixed-uptake,,
U029,"Oh no, peer made a mistake while applying your feedback.
Please give a more detailed feedback",system,2,mixed-uptake,,
U029,scenary -> scenarios,user,2,mixed-uptake,Reformulate,Active
U029,Why is it scenarios instead of scenary?,assistant,2,mixed-uptake,,
U029,just typing error,user,2,mixed-uptake,Reformulate,Active
U029,I think it should be scenarys instead of scenary.,assistant,2,mixed-uptake,,
U029,"Oh no, peer made a mistake while applying your feedback.
Please give a more detailed feedback",system,2,mixed-uptake,,
U029,"not ""scenarys"", it is ""scenarios",user,2,mixed-uptake,Reject,Active
U029,"Okay, I will change 'scenarys' to 'scenarios' here.",assistant,2,mixed-uptake,,
U029,"Good job! Peer acknowledged your feedback!
Let's move to the next error!",system,2,mixed-uptake,,
U029,What's wrong here?,assistant,2,mixed-uptake,,
U029,amazing -> an amazing,user,2,mixed-uptake,Reformulate,Active
U029,Okay. I will change 'amazing' to 'an amazing' here.,assistant,2,mixed-uptake,,
U029,"Good job! Peer acknowledged your feedback!
Let's move to the next error!",system,2,mixed-uptake,,
U029,What's wrong here?,assistant,2,mixed-uptake,,
U029,they -> They,user,2,mixed-uptake,Reformulate,Active
U029,I think it should be They can see places that are not in their country.,assistant,2,mixed-uptake,,
U029,"Oh no, peer made a mistake while applying your feedback.
Please give a more detailed feedback",system,2,mixed-uptake,,
U029,knowlege -> knowledge,user,2,mixed-uptake,Reformulate,Active
U029,So it should be travelers can enhance their knowledge?,assistant,2,mixed-uptake,,
U029,"Oh no, peer made a mistake while applying your feedback.
Please give a more detailed feedback",system,2,mixed-uptake,,
U029,knowledges,user,2,mixed-uptake,Reformulate,Active
U029,What does knowledges mean?,assistant,2,mixed-uptake,,
U029,knowledges are plural form of knowledge,user,2,mixed-uptake,Amplification,Constructive
U029,I will change 'knowledges' to 'knowledge'.,assistant,2,mixed-uptake,,
U029,"Good job! Peer acknowledged your feedback!
Let's move to the next error!",system,2,mixed-uptake,,
U029,How can I improve here?,assistant,2,mixed-uptake,,
U029,helpful -> a helpful,user,2,mixed-uptake,Reformulate,Active
U029,Okay. I will change 'helpful' to 'a helpful'.,assistant,2,mixed-uptake,,
U029,"Good job! Peer acknowledged your feedback!
Let's move to the next error!",system,2,mixed-uptake,,
U029,How do I fix this?,assistant,2,mixed-uptake,,
U029,There -> there,user,2,mixed-uptake,Reformulate,Active
U029,"I will change it to 'For these reasons, there is many benefits when people travel.'",assistant,2,mixed-uptake,,
U029,"Oh no, peer made a mistake while applying your feedback.
Please give a more detailed feedback",system,2,mixed-uptake,,
U029,is -> are,user,2,mixed-uptake,Reformulate,Active
U029,Why is it are?,assistant,2,mixed-uptake,,
U029,"""many benefits"" are plural nouns, so you should change ""is"" to ""are""",user,2,mixed-uptake,Amplification,Constructive
U029,What does plural nouns mean?,assistant,2,mixed-uptake,,
U029,"plural nouns refer to something are more than one person, thing.",user,2,mixed-uptake,Amplification,Constructive
U029,"I will change ""is"" to ""are"" here.",assistant,2,mixed-uptake,,
U029,"Good job! Peer acknowledged your feedback!
Let's move to the next error!",system,2,mixed-uptake,,
U022,How do I fix this?,assistant,3,low-uptake,,
U029,Can you give me feedback on this part?,assistant,3,mixed-uptake,,
U022,"has->have, decreases->decrease",user,3,low-uptake,Reformulate,Active
U022,Why does has become have?,assistant,3,low-uptake,,
U022,for the subject-verb agreement,user,3,low-uptake,Amplification,Constructive
U022,What does subject-verb agreement mean?,assistant,3,low-uptake,,
U022,"If subject is plural, you have to proper form of the verb",user,3,low-uptake,Amplification,Constructive
U022,What does proper form of the verb mean?,assistant,3,low-uptake,,
U022,There are proper forms of the verb for singular and plural subject.,user,3,low-uptake,Amplification,Constructive
U022,I will change 'has' to 'have' and 'decreases' to 'decrease'.,assistant,3,low-uptake,,
U022,"Good job! Peer acknowledged your feedback!
Let's move to the next error!",system,3,low-uptake,,
U022,What's wrong here?,assistant,3,low-uptake,,
U029,are->is,user,3,mixed-uptake,Reformulate,Active
U029,Why is it is instead of are?,assistant,3,mixed-uptake,,
U022,is often has to do->often has to do,user,3,low-uptake,Reformulate,Active
U022,Why does it change to often has to do?,assistant,3,low-uptake,,
U022,the sentence does not need be-verb,user,3,low-uptake,Reject,Active
U025,How can I improve here?,assistant,3,low-uptake,,
U022,What does it mean the sentence does not need be-verb?,assistant,3,low-uptake,,
U029,"""someone"" is singular noun, so you should use singular verb",user,3,mixed-uptake,Amplification,Constructive
U029,So it should be someone is fluent in multiple languages?,assistant,3,mixed-uptake,,
U029,"Oh no, peer made a mistake while applying your feedback.
Please give a more detailed feedback",system,3,mixed-uptake,,
U029,they is -> they are,user,3,mixed-uptake,Reformulate,Active
U041,How do I fix this?,assistant,3,mixed-uptake,,
U029,Why is it they are instead of they is?,assistant,3,mixed-uptake,,
U022,"It use general verb 'has', so the sentence already has verb, so if you use 'is' it is wrong.",user,3,low-uptake,Amplification,Constructive
U022,What does it mean the sentence already has verb?,assistant,3,low-uptake,,
U029,"""they"" means plural nouns, so use ""are""",user,3,mixed-uptake,Amplification,Constructive
U029,I will change 'are' to 'is' here.,assistant,3,mixed-uptake,,
U029,"Good job! Peer acknowledged your feedback!
Let's move to the next error!",system,3,mixed-uptake,,
U029,What's wrong here?,assistant,3,mixed-uptake,,
U025,"It is a singular noun, so the movement of providing is usually provided by coating s depending on the difficult situation.",user,3,low-uptake,Amplification,Constructive
U025,What does singular noun mean?,assistant,3,low-uptake,,
U025,Literally,user,3,low-uptake,Amplification,Constructive
U022,has' does the role as verb,user,3,low-uptake,Amplification,Constructive
U025,What does literally mean?,assistant,3,low-uptake,,
U022,Okay. I will change 'is often has' to 'often has'.,assistant,3,low-uptake,,
U022,"Good job! Peer acknowledged your feedback!
Let's move to the next error!",system,3,low-uptake,,
U022,What's wrong here?,assistant,3,low-uptake,,
U034,What's wrong here?,assistant,3,high-uptake,,
U041,So my claim in this writing is that the computers are very important for our life.,user,3,mixed-uptake,Reformulate,Active
U025,A singular noun simply represents one subject. It is the opposite of a plural noun like they.,user,3,low-uptake,Amplification,Constructive
U022,get->gets,user,3,low-uptake,Reformulate,Active
U041,What does it mean to play a good role?,assistant,3,mixed-uptake,,
U025,What does singular noun mean?,assistant,3,low-uptake,,
U033,How do I fix this?,assistant,3,low-uptake,,
U022,Why does get changes to gets?,assistant,3,low-uptake,,
U022,Our taste is singular subject,user,3,low-uptake,Amplification,Constructive
U025,A singular noun simply represents one subject.,user,3,low-uptake,Amplification,Constructive
U025,Okay. I will change 'provide' to 'provides' here.,assistant,3,low-uptake,,
U025,"Good job! Peer acknowledged your feedback!
Let's move to the next error!",system,3,low-uptake,,
U025,What's wrong here?,assistant,3,low-uptake,,
U022,What does singular subject mean?,assistant,3,low-uptake,,
U022,The number of subject is one,user,3,low-uptake,Amplification,Constructive
U041,gives us various tools,user,3,mixed-uptake,Amplification,Constructive
U022,What does singular mean?,assistant,3,low-uptake,,
U041,What does it mean to play a good role?,assistant,3,mixed-uptake,,
U022,There is only one thing,user,3,low-uptake,Amplification,Constructive
U022,Okay. I will change 'get' to 'gets' here.,assistant,3,low-uptake,,
U022,"Good job! Peer acknowledged your feedback!
Let's move to the next error!",system,3,low-uptake,,
U022,How do I fix this?,assistant,3,low-uptake,,
U041,make us comfortable and convenient,user,3,mixed-uptake,Amplification,Constructive
U041,So it should be computers make us comfort and convenient?,assistant,3,mixed-uptake,,
U041,"Oh no, peer made a mistake while applying your feedback.
Please give a more detailed feedback",system,3,mixed-uptake,,
U029,more different -> different,user,3,mixed-uptake,Reformulate,Active
U029,Why should I say different instead of more different?,assistant,3,mixed-uptake,,
U041,yes,user,3,mixed-uptake,Accept,Passive
U041,Okay. I will change 'make us comfort' to 'make us comfortable'.,assistant,3,mixed-uptake,,
U041,"Good job! Peer acknowledged your feedback!
Let's move to the next error!",system,3,mixed-uptake,,
U041,How do I fix this?,assistant,3,mixed-uptake,,
U034,"This' is singular, but 'reasons' is plural, so you should use these, not this.",user,3,high-uptake,Amplification,Constructive
U034,I will change 'this' to 'these' here.,assistant,3,high-uptake,,
U034,"Good job! Peer acknowledged your feedback!
Let's move to the next error!",system,3,high-uptake,,
U034,What's wrong here?,assistant,3,high-uptake,,
U029,"There is nothing to compare with ""place""",user,3,mixed-uptake,Reject,Active
U029,What does it mean to compare with 'place'?,assistant,3,mixed-uptake,,
U033,You should  change to 'believes',user,3,low-uptake,Reformulate,Active
U033,How do I change to 'believes'?,assistant,3,low-uptake,,
U029,"""more"" is used when there is comparing",user,3,mixed-uptake,Amplification,Constructive
U029,What does it mean to compare?,assistant,3,mixed-uptake,,
U031,What's wrong here?,assistant,3,high-uptake,,
U041,But these demanding energy issues can be partially solved by the development of renewable energy technology.,user,3,mixed-uptake,Amplification,Constructive
U033,Becuase subject is single.,user,3,low-uptake,Amplification,Constructive
U041,What does it mean to tackle challenges?,assistant,3,mixed-uptake,,
U033,What does it mean that the subject is single?,assistant,3,low-uptake,,
U041,that is not a problem,user,3,mixed-uptake,Reject,Active
U022,Why I think that not all healthy food are tasty.,user,3,low-uptake,Reformulate,Active
U022,Why do I need to change 'are'?,assistant,3,low-uptake,,
U041,Okay. I will change 'tackled' to 'partially solved' here.,assistant,3,mixed-uptake,,
U041,"Good job! Peer acknowledged your feedback!
Let's move to the next error!",system,3,mixed-uptake,,
U041,How can I improve here?,assistant,3,mixed-uptake,,
U033,"When subject is single noun, you should put 's' to verb",user,3,low-uptake,Amplification,Constructive
U033,What does it mean to put 's' to verb?,assistant,3,low-uptake,,
U033,"For example, like->likes, have->has",user,3,low-uptake,Exemplification,Constructive
U033,I will change 'believe' to 'believes' here.,assistant,3,low-uptake,,
U033,"Good job! Peer acknowledged your feedback!
Let's move to the next error!",system,3,low-uptake,,
U033,How do I fix this?,assistant,3,low-uptake,,
U022,Can you explain your question again?,user,3,low-uptake,Metacognitive,Constructive
U022,What does it mean to explain a question again?,assistant,3,low-uptake,,
U047,Can you give me feedback on this part?,assistant,3,mixed-uptake,,
U011,Can you give me feedback on this part?,assistant,2,mixed-uptake,,
U025,"Unlike other conjunctions, there is no comma after then, that's the rule.",user,3,low-uptake,Amplification,Constructive
U034,"he sentence is too abstract, so I think it would be better if you wrote it in more detail.",user,3,high-uptake,Amplification,Constructive
U025,What does it mean there is no comma after then?,assistant,3,low-uptake,,
U034,Okay. I will provide more details here.,assistant,3,high-uptake,,
U034,"Good job! Peer acknowledged your feedback!
Let's move to the next error!",system,3,high-uptake,,
U034,How can I improve here?,assistant,3,high-uptake,,
U029,"""compare"" is analyzing differences about more than one things.",user,3,mixed-uptake,Amplification,Constructive
U029,Okay. I will change 'more different' to 'different' here.,assistant,3,mixed-uptake,,
U029,"Good job! Peer acknowledged your feedback!
Let's move to the next error!",system,3,mixed-uptake,,
U029,How can I improve here?,assistant,3,mixed-uptake,,
U041,have -> get,user,3,mixed-uptake,Reformulate,Active
U041,So it should be people get the ability to process much information fast?,assistant,3,mixed-uptake,,
U041,"Oh no, peer made a mistake while applying your feedback.
Please give a more detailed feedback",system,3,mixed-uptake,,
U041,yes,user,3,mixed-uptake,Accept,Passive
U041,What does that mean?,assistant,3,mixed-uptake,,
U041,yes,user,3,mixed-uptake,Accept,Passive
U041,What does sv agreement error mean?,assistant,3,mixed-uptake,,
U025,"There is no comma after ""then."" You should write ""Then this habit can let our health not be good.""",user,3,low-uptake,Exemplification,Constructive
U025,What does it mean there is no comma after then?,assistant,3,low-uptake,,
U041,sv means Science Version,user,3,mixed-uptake,Amplification,Constructive
U041,I will change 'get the ability' to 'have the ability' and 'fast' to 'rapidly'.,assistant,3,mixed-uptake,,
U041,"Good job! Peer acknowledged your feedback!
Let's move to the next error!",system,3,mixed-uptake,,
U025,literally,user,3,low-uptake,Amplification,Constructive
U034,"It's a concluding sentence, but it doesn't include the overall content.",user,3,high-uptake,Reformulate,Active
U025,What does literally mean?,assistant,3,low-uptake,,
U034,"I guess I should say desserts provide joy, energy, and socialization for influence our lifestyles.",assistant,3,high-uptake,,
U034,"Oh no, peer made a mistake while applying your feedback.
Please give a more detailed feedback",system,3,high-uptake,,
U022,"Sorry, let's go back. You are missing thesis statement, so you have to write the sentence as 'Let me explain why I think healthy foods are not always tasty.'",user,3,low-uptake,Amplification,Constructive
U022,What is a thesis statement?,assistant,3,low-uptake,,
U025,"The rule is not to put a comma after ""then""",user,3,low-uptake,Amplification,Constructive
U033,It doesn't match to the story. Whole story is about the important of water and that sentence is about danger of water.,user,3,low-uptake,Amplification,Constructive
U033,What does it mean that it doesn't match to the story?,assistant,3,low-uptake,,
U025,Okay. I will remove the comma after 'then' here.,assistant,3,low-uptake,,
U025,"Good job! Peer acknowledged your feedback!
Let's move to the next error!",system,3,low-uptake,,
U025,How do I fix this?,assistant,3,low-uptake,,
U031,You should wr,user,3,high-uptake,Reformulate,Active
U031,What does 'in many occasion' mean?,assistant,3,high-uptake,,
U033,it doesn't play with the whole story.,user,3,low-uptake,Reject,Active
U033,What does it mean that it doesn’t play with the story?,assistant,3,low-uptake,,
U034,Maybe it's okay,user,3,high-uptake,Accept,Passive
U034,Okay. I will make it more specific and include the overall content.,assistant,3,high-uptake,,
U034,"Good job! Peer acknowledged your feedback!
Let's move to the next error!",system,3,high-uptake,,
U034,How do I fix this?,assistant,3,high-uptake,,
U022,It indicates what you will talk in your essay,user,3,low-uptake,Amplification,Constructive
U022,Okay. I will change it to 'Let me explain why I think healthy foods are not always tasty.',assistant,3,low-uptake,,
U022,"Good job! Peer acknowledged your feedback!
Let's move to the next error!",system,3,low-uptake,,
U022,What's wrong here?,assistant,3,low-uptake,,
U033,It doesn't look assemble to the story.,user,3,low-uptake,Amplification,Constructive
U029,culture -> cultural,user,3,mixed-uptake,Reformulate,Active
U029,Okay. I will change 'culture' to 'cultural' here.,assistant,3,mixed-uptake,,
U029,"Good job! Peer acknowledged your feedback!
Let's move to the next error!",system,3,mixed-uptake,,
U029,How can I improve here?,assistant,3,mixed-uptake,,
U033,What does it mean that it doesn't look assemble to the story?,assistant,3,low-uptake,,
U022,chefs->chef,user,3,low-uptake,Reformulate,Active
U022,Why chefs need to change?,assistant,3,low-uptake,,
U033,it doesn't match,user,3,low-uptake,Amplification,Constructive
U033,Okay. I will remove the part about the flood disaster.,assistant,3,low-uptake,,
U033,"Good job! Peer acknowledged your feedback!
Let's move to the next error!",system,3,low-uptake,,
U033,What's wrong here?,assistant,3,low-uptake,,
U022,The subject of the sentence is 'he',user,3,low-uptake,Amplification,Constructive
U022,What does it mean that the subject is 'he'?,assistant,3,low-uptake,,
U029,languges -> languages,user,3,mixed-uptake,Reformulate,Active
U029,Okay. I will change 'languges' to 'languages' here.,assistant,3,mixed-uptake,,
U029,"Good job! Peer acknowledged your feedback!
Let's move to the next error!",system,3,mixed-uptake,,
U029,Can you give me feedback on this part?,assistant,3,mixed-uptake,,
U022,The subject is singular,user,3,low-uptake,Amplification,Constructive
U022,What does it mean that the subject is singular?,assistant,3,low-uptake,,
U022,The number of subject is one,user,3,low-uptake,Amplification,Constructive
U033,There isn't verb in if phrase.,user,3,low-uptake,Amplification,Constructive
U022,Okay. I will change 'chefs' to 'chef' here.,assistant,3,low-uptake,,
U022,"Good job! Peer acknowledged your feedback!
Let's move to the next error!",system,3,low-uptake,,
U022,How do I fix this?,assistant,3,low-uptake,,
U031,"This sentence is grammatically correct, but it lacks examples and details to support the idea.",user,3,high-uptake,Amplification,Constructive
U033,What does it mean no verb in if phrase?,assistant,3,low-uptake,,
U031,I think it should be not really important.,assistant,3,high-uptake,,
U031,"Oh no, peer made a mistake while applying your feedback.
Please give a more detailed feedback",system,3,high-uptake,,
U033,you should put 'is' between someone and thirsty..,user,3,low-uptake,Reformulate,Active
U031,Try to explain why some individuals believe it is not important or give an example. That will make your paragraph more specific and convincing.,user,3,high-uptake,Amplification,Constructive
U033,Why put 'is' there?,assistant,3,low-uptake,,
U031,Why do some individuals believe it is not important?,assistant,3,high-uptake,,
U029,tourists -> Tourists,user,3,mixed-uptake,Reformulate,Active
U034,"Since you're talking about desserts, I don't think it's appropriate to say that foods like chocolate and ice cream have sugars.",user,3,high-uptake,Amplification,Constructive
U034,Okay. I will remove the part about sugars in this sentence.,assistant,3,high-uptake,,
U034,"Good job! Peer acknowledged your feedback!
Let's move to the next error!",system,3,high-uptake,,
U029,I think it should be Tourists learn culture that are not in their home countries.,assistant,3,mixed-uptake,,
U034,Can you give me feedback on this part?,assistant,3,high-uptake,,
U029,"Oh no, peer made a mistake while applying your feedback.
Please give a more detailed feedback",system,3,mixed-uptake,,
U033,Because there isn't verb in that sentence.,user,3,low-uptake,Amplification,Constructive
U033,What is verb?,assistant,3,low-uptake,,
U033,"do, play, act",user,3,low-uptake,Exemplification,Constructive
U033,Okay. I will add 'is' in the sentence.,assistant,3,low-uptake,,
U033,"Good job! Peer acknowledged your feedback!
Let's move to the next error!",system,3,low-uptake,,
U033,Can you give me feedback on this part?,assistant,3,low-uptake,,
U031,Some individuals believe it is not important because they think focusing on personal goals and independence is more valuable than social relationships.,user,3,high-uptake,Reformulate,Active
U031,I will change it to explain why it's not important.,assistant,3,high-uptake,,
U031,"Good job! Peer acknowledged your feedback!
Let's move to the next error!",system,3,high-uptake,,
U022,more-> and more,user,3,low-uptake,Reformulate,Active
U031,How can I improve here?,assistant,3,high-uptake,,
U022,What does more-> and more mean?,assistant,3,low-uptake,,
U025,"If you don't want to use a conjunction when connecting two sentences, you should use a period instead of a comma between the sentences.",user,3,low-uptake,Amplification,Constructive
U025,What does it mean to use a period instead of a comma?,assistant,3,low-uptake,,
U022,"When you list something, you have to add 'and' before the last thing",user,3,low-uptake,Amplification,Constructive
U033,Problem is caused.,user,3,low-uptake,Reformulate,Active
U047,And they bring some new exitement by engaging with it,user,3,mixed-uptake,Reformulate,Active
U033,What does 'is' in 'is caused' mean?,assistant,3,low-uptake,,
U022,What does it mean to add 'and' before the last thing?,assistant,3,low-uptake,,
U047,I will correct 'exitement' to 'excitement' here.,assistant,3,mixed-uptake,,
U047,"Good job! Peer acknowledged your feedback!
Let's move to the next error!",system,3,mixed-uptake,,
U047,Can you give me feedback on this part?,assistant,3,mixed-uptake,,
U025,"It means that you should write, ""For these reasons, food can impact us negatively. I hope they bring positive impact on the society.""",user,3,low-uptake,Exemplification,Constructive
U025,What does it mean to use a period instead of a comma?,assistant,3,low-uptake,,
U022,And' indicates that the after thing of that is the last thing you list,user,3,low-uptake,Amplification,Constructive
U029,oportunities -> opportunities,user,3,mixed-uptake,Reformulate,Active
U025,"It means that you should write, ""For these reasons, food can impact us negatively. I hope they bring positive impact on the society.""",user,3,low-uptake,Reformulate,Active
U029,So it should be people can improve job opportunites?,assistant,3,mixed-uptake,,
U029,"Oh no, peer made a mistake while applying your feedback.
Please give a more detailed feedback",system,3,mixed-uptake,,
U033,"not do something, it put to doing something",user,3,low-uptake,Reformulate,Active
U022,What does it mean to not enjoy meals?,assistant,3,low-uptake,,
U025,What does it mean to use a period instead of a comma?,assistant,3,low-uptake,,
U033,"What does 'not do something, it put to doing something' mean?",assistant,3,low-uptake,,
U034,I think the sentences are connected awkwardly.,user,3,high-uptake,Reformulate,Active
U034,Okay. I will connect the sentences better.,assistant,3,high-uptake,,
U034,"Good job! Peer acknowledged your feedback!
Let's move to the next error!",system,3,high-uptake,,
U034,How can I improve here?,assistant,3,high-uptake,,
U025,"If you write it like that, it is not grammatically incorrect.",user,3,low-uptake,Amplification,Constructive
U031,Try to add why social connections matter in your conclusion. This will make it stronger and connect it to your main idea.,user,3,high-uptake,Amplification,Constructive
U025,Okay. I will use a period instead of a comma here.,assistant,3,low-uptake,,
U025,"Good job! Peer acknowledged your feedback!
Let's move to the next error!",system,3,low-uptake,,
U033,Some behavior is not done by the subject.,user,3,low-uptake,Reformulate,Active
U033,What does some behavior not done by the subject mean?,assistant,3,low-uptake,,
U031,I will add why social connections matter in my conclusion.,assistant,3,high-uptake,,
U031,"Good job! Peer acknowledged your feedback!
Let's move to the next error!",system,3,high-uptake,,
U031,How can I improve here?,assistant,3,high-uptake,,
U011,"The sentence is written with wrong grammar. When you change 'a reading' to 'one of the readings' and the verb 'was say' to 'says', the sentence would contain better grammar.",user,2,mixed-uptake,Amplification,Constructive
U022,Don't feel happy during meal,user,3,low-uptake,Reformulate,Active
U011,Why is it 'one of the readings' instead of 'a reading'?,assistant,2,mixed-uptake,,
U022,Okay. I will change 'more think' to 'and more think' here.,assistant,3,low-uptake,,
U022,"Good job! Peer acknowledged your feedback!
Let's move to the next error!",system,3,low-uptake,,
U022,How do I fix this?,assistant,3,low-uptake,,
U033,Problem can't cause.,user,3,low-uptake,Reformulate,Active
U033,Okay. I will change 'caused because of not water' to 'is caused by not water'.,assistant,3,low-uptake,,
U033,"Good job! Peer acknowledged your feedback!
Let's move to the next error!",system,3,low-uptake,,
U033,Can you give me feedback on this part?,assistant,3,low-uptake,,
U033,dehydrates,user,3,low-uptake,Reformulate,Active
U033,What does dehydrates mean?,assistant,3,low-uptake,,
U011,"It is because you're trying to elaborate from one of your research findings in this essay, right?",user,2,mixed-uptake,Metacognitive,Constructive
U011,I think it should say one of the reading say that moderate exercise is suitable.,assistant,2,mixed-uptake,,
U011,"Oh no, peer made a mistake while applying your feedback.
Please give a more detailed feedback",system,2,mixed-uptake,,
U033,change dehydrate to dehydrates,user,3,low-uptake,Reformulate,Active
U033,Why is it dehydrates and not dehydrate?,assistant,3,low-uptake,,
U031,Try adding a final sentence that restates your main idea. This will make your conclusion stronger.,user,3,high-uptake,Amplification,Constructive
U031,Okay. I will add a sentence that restates my main idea.,assistant,3,high-uptake,,
U033,person is single.,user,3,low-uptake,Amplification,Constructive
U031,"Good job! Peer acknowledged your feedback!
Let's move to the next error!",system,3,high-uptake,,
U031,How can I improve here?,assistant,3,high-uptake,,
U033,What does person is single mean?,assistant,3,low-uptake,,
U033,one',user,3,low-uptake,Amplification,Constructive
U033,Okay. I will change 'dehydrate' to 'dehydrates' here.,assistant,3,low-uptake,,
U033,"Good job! Peer acknowledged your feedback!
Let's move to the next error!",system,3,low-uptake,,
U033,How can I improve here?,assistant,3,low-uptake,,
U047,But is this excitement ideal for all of us?,user,3,mixed-uptake,Reformulate,Active
U047,Okay. I will change 'is' to 'this excitement is' here.,assistant,3,mixed-uptake,,
U047,"Good job! Peer acknowledged your feedback!
Let's move to the next error!",system,3,mixed-uptake,,
U022,"It can influence our enjoyment and other flavors, negatively",user,3,low-uptake,Reformulate,Active
U022,Why 'negatively' at the end?,assistant,3,low-uptake,,
U011,"You should say 'one of the readings' because it is just one source from multiple sources that you researched on. Also, the verb should change to 'says' because the noun of the sentence is singular.",user,2,mixed-uptake,Amplification,Constructive
U011,Why do I change 'was say' to 'says'?,assistant,2,mixed-uptake,,
U022,Then influence->negatively influence,user,3,low-uptake,Reformulate,Active
U022,Why do I need to change it to negatively influence?,assistant,3,low-uptake,,
U011,Because 'was say' illustrates two verbs in one sentence which is grammatically wrong.,user,2,mixed-uptake,Amplification,Constructive
U011,I will change 'a reading was say' to 'one of the readings says'.,assistant,2,mixed-uptake,,
U011,"Good job! Peer acknowledged your feedback!
Let's move to the next error!",system,2,mixed-uptake,,
U011,How do I fix this?,assistant,2,mixed-uptake,,
U031,"if your essay is in past tense, change 'have' to 'had'",user,3,high-uptake,Reformulate,Active
U031,Okay. I will change 'have' to 'had' here.,assistant,3,high-uptake,,
U031,"Good job! Peer acknowledged your feedback!
Let's move to the next error!",system,3,high-uptake,,
U022,negatively gives more explanation about influence,user,3,low-uptake,Amplification,Constructive
U022,What does 'negatively gives more explanation' mean?,assistant,3,low-uptake,,
U022,negatively' gives more explanation about influence,user,3,low-uptake,Amplification,Constructive
U022,Okay. I will change 'It can influence the region of taste' to 'It can [negatively] influence the region of taste'.,assistant,3,low-uptake,,
U022,"Good job! Peer acknowledged your feedback!
Let's move to the next error!",system,3,low-uptake,,
U022,What's wrong here?,assistant,3,low-uptake,,
U011,"Again, this sentence is grammatically wrong. 'Most effective' should be 'more effective' because you are comparing two things, not three or more.",user,2,mixed-uptake,Amplification,Constructive
U011,"I think it should say high-intensity workouts are [more effective], meanwhile other [prefer] moderate exercises.",assistant,2,mixed-uptake,,
U011,"Oh no, peer made a mistake while applying your feedback.
Please give a more detailed feedback",system,2,mixed-uptake,,
U022,You have to erase this sentence.,user,3,low-uptake,Reject,Active
U022,Why should I erase this sentence?,assistant,3,low-uptake,,
U022,"In context, it does not match your second reason",user,3,low-uptake,Amplification,Constructive
U022,Why does it not match my second reason?,assistant,3,low-uptake,,
U011,Another wrong part is that you should put 'others' instead of 'other'. The noun should change because the other noun that it's being compared with is plural (some people).,user,2,mixed-uptake,Amplification,Constructive
U011,Why should I change 'other' to 'others'?,assistant,2,mixed-uptake,,
U022,This sentence only says about polite behavior in the sentence,user,3,low-uptake,Amplification,Constructive
U022,What do you mean by polite behavior?,assistant,3,low-uptake,,
U011,Because you are comparing 'others' with 'some people' which are both plural. Only then it would be grammatically correct.,user,2,mixed-uptake,Amplification,Constructive
U011,I will change 'other' to 'others' here.,assistant,2,mixed-uptake,,
U011,"Good job! Peer acknowledged your feedback!
Let's move to the next error!",system,2,mixed-uptake,,
U011,How do I fix this?,assistant,2,mixed-uptake,,
U022,You said 'it is considered not polite...',user,3,low-uptake,Connection,Constructive
U022,Okay. I will remove the part about polite behavior.,assistant,3,low-uptake,,
U022,"Good job! Peer acknowledged your feedback!
Let's move to the next error!",system,3,low-uptake,,
U022,How can I improve here?,assistant,3,low-uptake,,
U022,highlighted->highlight,user,3,low-uptake,Reformulate,Active
U022,Why do I need to change highlighted to highlight?,assistant,3,low-uptake,,
U011,This sentence is grammatically incorrect. You should change 'for getting best result' to 'will give best results'.,user,2,mixed-uptake,Reformulate,Active
U006,What's wrong here?,assistant,1,low-uptake,,
U011,I think it should say mixing two types of exercises will give best result.,assistant,2,mixed-uptake,,
U011,"Oh no, peer made a mistake while applying your feedback.
Please give a more detailed feedback",system,2,mixed-uptake,,
U022,For the appropriate verb tense,user,3,low-uptake,Amplification,Constructive
U022,What does appropriate verb tense mean?,assistant,3,low-uptake,,
U011,Yeah that's right.,user,2,mixed-uptake,Accept,Passive
U022,You have to use infinitive after 'to',user,3,low-uptake,Reformulate,Active
U011,I think it should say mixing two types of exercises will give best results.,assistant,2,mixed-uptake,,
U011,"Oh no, peer made a mistake while applying your feedback.
Please give a more detailed feedback",system,2,mixed-uptake,,
U022,What does using infinitive mean?,assistant,3,low-uptake,,
U022,It means you use to-infinitive form,user,3,low-uptake,Amplification,Constructive
U022,Okay. I will change 'highlighted' to 'highlight' here.,assistant,3,low-uptake,,
U022,"Good job! Peer acknowledged your feedback!
Let's move to the next error!",system,3,low-uptake,,
U022,How can I improve here?,assistant,3,low-uptake,,
U056,Can you give me feedback on this part?,assistant,1,low-uptake,,
U056,How can I improve here?,assistant,1,low-uptake,,
U011,You can change 'will give' to 'gives'. Because it is explaining a general information,user,2,mixed-uptake,Amplification,Constructive
U011,I think it should be mixing two types of exercises gives best result.,assistant,2,mixed-uptake,,
U011,"Oh no, peer made a mistake while applying your feedback.
Please give a more detailed feedback",system,2,mixed-uptake,,
U011,yeah that's right,user,2,mixed-uptake,Accept,Passive
U011,Okay. I will change 'will give' to 'gives' here.,assistant,2,mixed-uptake,,
U011,"Good job! Peer acknowledged your feedback!
Let's move to the next error!",system,2,mixed-uptake,,
U011,What's wrong here?,assistant,2,mixed-uptake,,
U011,nothing,user,2,mixed-uptake,Reject,Active
U011,So it should be mixing two types of exercises gives best results?,assistant,2,mixed-uptake,,
U011,"Oh no, peer made a mistake while applying your feedback.
Please give a more detailed feedback",system,2,mixed-uptake,,
U022,due to->about,user,3,low-uptake,Reformulate,Active
U022,What does due to mean?,assistant,3,low-uptake,,
U022,It is resulted by that,user,3,low-uptake,Amplification,Constructive
U022,What does it is resulted by that mean?,assistant,3,low-uptake,,
U006,help->helps,user,1,low-uptake,Reformulate,Active
U006,Why does help become helps?,assistant,1,low-uptake,,
U022,The cause of the thing before 'due to' is the thing after 'due to',user,3,low-uptake,Reformulate,Active
U022,What does due to mean?,assistant,3,low-uptake,,
U006,subject 'it' is single,user,1,low-uptake,Amplification,Constructive
U022,The cause of the thing before 'due to' is the thing after 'due to',user,3,low-uptake,Reformulate,Active
U006,What does subject 'it' is single mean?,assistant,1,low-uptake,,
U022,Okay. I will change 'due to' to 'about' here.,assistant,3,low-uptake,,
U022,"Good job! Peer acknowledged your feedback!
Let's move to the next error!",system,3,low-uptake,,
U056,has came → has come,user,1,low-uptake,Reformulate,Active
U056,Why is it 'has come' and not 'has came'?,assistant,1,low-uptake,,
U056,"because the corresponding past participle of ""come"" is ""come"".",user,1,low-uptake,Amplification,Constructive
U056,What does past participle mean?,assistant,1,low-uptake,,
U056,"It is a type of verb form used as part of perfect verb tenses, like ""have come"" you wrote.",user,1,low-uptake,Exemplification,Constructive
U056,What is a verb form used as part of perfect verb tenses?,assistant,1,low-uptake,,
U012,How do I fix this?,assistant,1,mixed-uptake,,
U006,because plural form of 'it' is 'its',user,1,low-uptake,Amplification,Constructive
U006,What does plural form mean?,assistant,1,low-uptake,,
U006,not one,user,1,low-uptake,Amplification,Constructive
U006,Okay. I will change 'help' to 'helps' here.,assistant,1,low-uptake,,
U006,"Good job! Peer acknowledged your feedback!
Let's move to the next error!",system,1,low-uptake,,
U006,Can you give me feedback on this part?,assistant,1,low-uptake,,
U006,is -> are,user,1,low-uptake,Reformulate,Active
U006,Why is it are instead of is?,assistant,1,low-uptake,,
U006,people are plural,user,1,low-uptake,Amplification,Constructive
U006,What does plural mean?,assistant,1,low-uptake,,
U056,"In your sentence, ""came"" which has to be corrected to ""come"".",user,1,low-uptake,Reformulate,Active
U056,I will change 'has came' to 'has come'.,assistant,1,low-uptake,,
U056,"Good job! Peer acknowledged your feedback!
Let's move to the next error!",system,1,low-uptake,,
U056,Can you give me feedback on this part?,assistant,1,low-uptake,,
U006,not one,user,1,low-uptake,Amplification,Constructive
U006,What does unsure mean?,assistant,1,low-uptake,,
U006,The word “unsure” means “not certain” or “not confident” about something.,user,1,low-uptake,Amplification,Constructive
U006,Okay. I will change 'is' to 'are' here.,assistant,1,low-uptake,,
U006,"Good job! Peer acknowledged your feedback!
Let's move to the next error!",system,1,low-uptake,,
U006,How do I fix this?,assistant,1,low-uptake,,
U056,will → would,user,1,low-uptake,Reformulate,Active
U056,Why is it 'would' and not 'will'?,assistant,1,low-uptake,,
U006,"Explanation: A thesis statement expresses the main idea or argument of your paragraph or essay. It tells the reader what the whole text will discuss. In your sentence, “Being environmentally friendly is critical in our daily life,” you only state a general fact — but you don’t explain why or how it’s important. To fix this, add a specific focus or reason.  ✅ Improved version: Being environmentally friendly is critical in our daily life because it helps reduce pollution and preserve natural resources for the future.",user,1,low-uptake,Amplification,Constructive
U006,What does thesis statement mean?,assistant,1,low-uptake,,
U056,"The independent clause ""He stated..."" is in the past time tense, so modal verbs have to follow the tense form.",user,1,low-uptake,Amplification,Constructive
U056,What does modal verbs follow the tense form mean?,assistant,1,low-uptake,,
U006,"A thesis statement is the main idea or central point of your essay or paragraph.  It tells the reader what your writing is about and what you want to say about that topic. Usually, it appears at the end of the introduction (or at the beginning of a short paragraph).  Here’s a breakdown 👇",user,1,low-uptake,Amplification,Constructive
U006,What does thesis statement mean?,assistant,1,low-uptake,,
U056,"In the latter clause, ""will"" is the modal verb. it has to be changed to ""would"", the past tense form of ""will"".",user,1,low-uptake,Amplification,Constructive
U056,What does it mean to follow the tense form with modal verbs?,assistant,1,low-uptake,,
U006,A thesis statement is one sentence that tells the main idea of your writing.,user,1,low-uptake,Amplification,Constructive
U006,What does main idea mean?,assistant,1,low-uptake,,
U006,The main idea is the most important thing the writer wants to tell the reader.,user,1,low-uptake,Amplification,Constructive
U006,Okay. I will add a reason to the sentence.,assistant,1,low-uptake,,
U006,"Good job! Peer acknowledged your feedback!
Let's move to the next error!",system,1,low-uptake,,
U006,What's wrong here?,assistant,1,low-uptake,,
U013,What's wrong here?,assistant,3,high-uptake,,
U006,try ro reduce,user,1,low-uptake,Reformulate,Active
U056,"LITERALLY. Both clauses have to hold the same time tense, generally.",user,1,low-uptake,Amplification,Constructive
U006,What does try ro reduce mean?,assistant,1,low-uptake,,
U056,Okay. I will change 'will' to 'would' here.,assistant,1,low-uptake,,
U056,"Good job! Peer acknowledged your feedback!
Let's move to the next error!",system,1,low-uptake,,
U056,What's wrong here?,assistant,1,low-uptake,,
U016,Can you give me feedback on this part?,assistant,1,high-uptake,,
U056,go → to go,user,1,low-uptake,Reformulate,Active
U056,Why to change 'go' to 'to go'?,assistant,1,low-uptake,,
U006,you should change the sentence 'try reduce' -> 'try to reduce',user,1,low-uptake,Reformulate,Active
U006,Why try to reduce?,assistant,1,low-uptake,,
U040,How do I fix this?,assistant,1,mixed-uptake,,
U006,try and reduce both are verb,user,1,low-uptake,Amplification,Constructive
U006,What is try and reduce both are verb?,assistant,1,low-uptake,,
U006,just,user,1,low-uptake,Reject,Active
U006,Okay. I will change 'try reduce' to 'try [to] reduce' here.,assistant,1,low-uptake,,
U006,"Good job! Peer acknowledged your feedback!
Let's move to the next error!",system,1,low-uptake,,
U006,Can you give me feedback on this part?,assistant,1,low-uptake,,
U056,"infinitives has to hold ""to"" in front of the verb ""go"".",user,1,low-uptake,Amplification,Constructive
U056,What does it mean that infinitives have to hold 'to'?,assistant,1,low-uptake,,
U016,exercising help -> exercising helps,user,1,high-uptake,Reformulate,Active
U016,I will change 'help' to 'helps' here.,assistant,1,high-uptake,,
U016,"Good job! Peer acknowledged your feedback!
Let's move to the next error!",system,1,high-uptake,,
U016,How do I fix this?,assistant,1,high-uptake,,
U012,but in some countries it need effort->but some countries need effort,user,1,mixed-uptake,Reformulate,Active
U012,Why does it need to change to 'but some countries need effort'?,assistant,1,mixed-uptake,,
U013,"Grammar issue. takes should be changed to take. Also, put comma behind 'time', that would be more clearer to read.",user,3,high-uptake,Amplification,Constructive
U013,Okay. I will change 'takes' to 'take' and add a comma behind 'time'.,assistant,3,high-uptake,,
U013,"Good job! Peer acknowledged your feedback!
Let's move to the next error!",system,3,high-uptake,,
U013,Can you give me feedback on this part?,assistant,3,high-uptake,,
U006,Insufficient background information error,user,1,low-uptake,Reject,Active
U006,What does insufficient background information error mean?,assistant,1,low-uptake,,
U013,"Use more specific festival, like 'Dano', which is famous Korean spring festival.",user,3,high-uptake,Exemplification,Constructive
U013,"Okay. I will change 'Spring Festival' to 'Dano', which is a famous Korean spring festival.",assistant,3,high-uptake,,
U013,"Good job! Peer acknowledged your feedback!
Let's move to the next error!",system,3,high-uptake,,
U013,Can you give me feedback on this part?,assistant,3,high-uptake,,
U006,There is not enough explanation or context for the reader to fully understand the idea.,user,1,low-uptake,Amplification,Constructive
U006,What is explanation or context?,assistant,1,low-uptake,,
U056,"infinitive, or ""to-infinitive"" in other words, takes roles modifying other words. It must hold a followed preposition ""to"" as its definition.",user,1,low-uptake,Amplification,Constructive
U006,Explanation  It is telling why or how something happens.,user,1,low-uptake,Amplification,Constructive
U056,What does it mean that infinitives have to hold 'to'?,assistant,1,low-uptake,,
U006,What does it mean to be mindful?,assistant,1,low-uptake,,
U056,"infinitive, or ""to-infinitive"" in other words, takes roles modifying other words. It must hold a followed preposition ""to"" as its definition.",user,1,low-uptake,Amplification,Constructive
U040,a more seasons--> a 4-day work week.,user,1,mixed-uptake,Reformulate,Active
U040,Maybe I should say there should be a 4-day work weeks every year?,assistant,1,mixed-uptake,,
U040,"Oh no, peer made a mistake while applying your feedback.
Please give a more detailed feedback",system,1,mixed-uptake,,
U056,Okay. I will change 'a interesting' to 'an interesting' here.,assistant,1,low-uptake,,
U056,"Good job! Peer acknowledged your feedback!
Let's move to the next error!",system,1,low-uptake,,
U056,Can you give me feedback on this part?,assistant,1,low-uptake,,
U006,To pay attention carefully and think about something before acting.,user,1,low-uptake,Reformulate,Active
U006,Okay. I will change 'be mindful of plastic' to 'pay attention carefully to plastic'.,assistant,1,low-uptake,,
U006,"Good job! Peer acknowledged your feedback!
Let's move to the next error!",system,1,low-uptake,,
U006,How do I fix this?,assistant,1,low-uptake,,
U040,Deleate every year,user,1,mixed-uptake,Reformulate,Active
U040,What does delete every year mean?,assistant,1,mixed-uptake,,
U006,Unclear or vague ideas,user,1,low-uptake,Reject,Active
U006,What does unclear or vague ideas mean?,assistant,1,low-uptake,,
U040,"In the sentence, delete the work every year(make it end with the word 4-day work week)",user,1,mixed-uptake,Reformulate,Active
U040,I think it should say there should be a 4-day work week every year?,assistant,1,mixed-uptake,,
U040,"Oh no, peer made a mistake while applying your feedback.
Please give a more detailed feedback",system,1,mixed-uptake,,
U016,"In conclusion, regular exercise is helpful to improve health, enhance socializing skills, and build useful skills",user,1,high-uptake,Reformulate,Active
U016,I will change 'help' to 'helps' here.,assistant,1,high-uptake,,
U016,"Good job! Peer acknowledged your feedback!
Let's move to the next error!",system,1,high-uptake,,
U016,How can I improve here?,assistant,1,high-uptake,,
U006,The reader does not understand your idea clearly because it is not explained well or is too general.,user,1,low-uptake,Amplification,Constructive
U006,What do you mean by unclear or vague ideas?,assistant,1,low-uptake,,
U056,: → ;,user,1,low-uptake,Reformulate,Active
U056,Why change ':' to ';'?,assistant,1,low-uptake,,
U006,The reader does not understand your idea well because it is not explained enough or too general.,user,1,low-uptake,Amplification,Constructive
U006,What do you mean by not explained enough?,assistant,1,low-uptake,,
U013,Add examples at the back of the sentence. Put 'by making us easier to buy all our needs and spend spare times with famlies.',user,3,high-uptake,Reformulate,Active
U013,Okay. I will add examples at the end of this sentence.,assistant,3,high-uptake,,
U013,"Good job! Peer acknowledged your feedback!
Let's move to the next error!",system,3,high-uptake,,
U013,How can I improve here?,assistant,3,high-uptake,,
U006,You don’t give enough information for someone to understand.,user,1,low-uptake,Amplification,Constructive
U006,Okay. I will explain more about how everyone can help nature.,assistant,1,low-uptake,,
U006,"Good job! Peer acknowledged your feedback!
Let's move to the next error!",system,1,low-uptake,,
U006,Can you give me feedback on this part?,assistant,1,low-uptake,,
U006,Unclear or vague ideas,user,1,low-uptake,Reject,Active
U006,What does unclear or vague ideas mean?,assistant,1,low-uptake,,
U006,The reader does not understand your idea clearly because it is not explained well or is too general.,user,1,low-uptake,Amplification,Constructive
U006,What does it mean that it's not explained well?,assistant,1,low-uptake,,
U056,";' is more natural in context of given sentence, connecting two full clauses.",user,1,low-uptake,Amplification,Constructive
U056,What does it mean to connect two full clauses?,assistant,1,low-uptake,,
U040,Oh i misunde,user,1,mixed-uptake,Amplification,Constructive
U040,"I understand now, I will change 'there should be a more seasons every year' to 'there should be a [4-day work week]'.",assistant,1,mixed-uptake,,
U040,"Good job! Peer acknowledged your feedback!
Let's move to the next error!",system,1,mixed-uptake,,
U040,Can you give me feedback on this part?,assistant,1,mixed-uptake,,
U013,Change familys to 'family' and change for to 'to'.,user,3,high-uptake,Reformulate,Active
U013,Okay. I will change 'familys' to 'family' and 'for' to 'to'.,assistant,3,high-uptake,,
U013,"Good job! Peer acknowledged your feedback!
Let's move to the next error!",system,3,high-uptake,,
U013,How can I improve here?,assistant,3,high-uptake,,
U006,"The reader cannot understand your idea easily because you didn’t give enough details, reasons, or examples.",user,1,low-uptake,Amplification,Constructive
U006,"What does it mean to give enough details, reasons, or examples?",assistant,1,low-uptake,,
U006,You explain your idea clearly so the reader can understand it.,user,1,low-uptake,Reformulate,Active
U006,I don't get it,assistant,1,low-uptake,,
U006,"Good job! Peer acknowledged your feedback!
Let's move to the next error!",system,1,low-uptake,,
U006,Can you give me feedback on this part?,assistant,1,low-uptake,,
U056,"Both clauses ""Here's... reason"" and ""optimal ... preferences"" have subjects and verbs each.",user,1,low-uptake,Amplification,Constructive
U040,Nono the first one was right. No 4-day work weeks,user,1,mixed-uptake,Reject,Active
U040,What do you mean by no 4-day work weeks?,assistant,1,mixed-uptake,,
U056,What does it mean that both clauses have subjects and verbs?,assistant,1,low-uptake,,
U013,Tooked is wrong. Use 'took'.,user,3,high-uptake,Reformulate,Active
U006,Run-on sentence error,user,1,low-uptake,Reject,Active
U040,The last sentence of the parag,user,1,mixed-uptake,Amplification,Constructive
U013,Okay. I will change 'tooked' to 'took' here.,assistant,3,high-uptake,,
U013,"Good job! Peer acknowledged your feedback!
Let's move to the next error!",system,3,high-uptake,,
U013,How can I improve here?,assistant,3,high-uptake,,
U006,What is a run-on sentence?,assistant,1,low-uptake,,
U040,What do you mean by the last sentence of the parag?,assistant,1,mixed-uptake,,
U040,Paragraph,user,1,mixed-uptake,Amplification,Constructive
U040,What do you mean by paragraph?,assistant,1,mixed-uptake,,
U016,"When exercising, released hormones make people relax and feel better mood",user,1,high-uptake,Reformulate,Active
U040,What's the last sentence of paragraph,user,1,mixed-uptake,Metacognitive,Constructive
U016,I will change 'make' to 'makes' and 'better mood' to 'a better mood' here.,assistant,1,high-uptake,,
U016,"Good job! Peer acknowledged your feedback!
Let's move to the next error!",system,1,high-uptake,,
U016,How can I improve here?,assistant,1,high-uptake,,
U040,"I will change 'But what if summer is also 'winter' so we have to wear coats or don't have to use fans' to 'But what if summer is also like 'winter', and we have to wear coats or [cannot] use fans?'",assistant,1,mixed-uptake,,
U040,"Good job! Peer acknowledged your feedback!
Let's move to the next error!",system,1,mixed-uptake,,
U040,How can I improve here?,assistant,1,mixed-uptake,,
U013,Erase 'a' in front of 'human's'.,user,3,high-uptake,Reformulate,Active
U013,Okay. I will erase 'a' in front of 'human's'.,assistant,3,high-uptake,,
U013,"Good job! Peer acknowledged your feedback!
Let's move to the next error!",system,3,high-uptake,,
U056,Here's a table notation explaining which words are subjects and verb in each clause:,user,1,low-uptake,Amplification,Constructive
U006,Two or more complete ideas (independent clauses) are joined together without the correct punctuation or connecting word.,user,1,low-uptake,Amplification,Constructive
U006,What is a run-on sentence?,assistant,1,low-uptake,,
U056,"Former: Here, is \n Latter: optimal reading methods, depends (on)",user,1,low-uptake,Reformulate,Active
U056,I will change 'depends' to 'depend' here.,assistant,1,low-uptake,,
U056,"Good job! Peer acknowledged your feedback!
Let's move to the next error!",system,1,low-uptake,,
U056,How do I fix this?,assistant,1,low-uptake,,
U006,To save energy is good for everyone. -> It is good for everyone to save energy.,user,1,low-uptake,Reformulate,Active
U006,Why is it good for everyone to save energy?,assistant,1,low-uptake,,
U040,How can I improve here?,assistant,1,mixed-uptake,,
U040,How do I fix this?,assistant,1,mixed-uptake,,
U016,"sharing -> share, motivating -> motivate",user,1,high-uptake,Reformulate,Active
U016,What does share and motivate mean?,assistant,1,high-uptake,,
U012,I wrote the wrong one,user,1,mixed-uptake,Amplification,Constructive
U012,"It needs to say a everyday task in Canada, but some countries need effort.",assistant,1,mixed-uptake,,
U012,"Oh no, peer made a mistake while applying your feedback.
Please give a more detailed feedback",system,1,mixed-uptake,,
U006,English prefers “It is … to …” or “-ing as subject” because long “to + verb” subjects sound awkward,user,1,low-uptake,Amplification,Constructive
U006,Okay. I will change it to 'It is good for everyone to save energy.',assistant,1,low-uptake,,
U006,"Good job! Peer acknowledged your feedback!
Let's move to the next error!",system,1,low-uptake,,
U006,How can I improve here?,assistant,1,low-uptake,,
U040,High sundays,user,1,mixed-uptake,Reformulate,Active
U040,I will change 'less' to 'fewer' here.,assistant,1,mixed-uptake,,
U040,"Good job! Peer acknowledged your feedback!
Let's move to the next error!",system,1,mixed-uptake,,
U040,Can you give me feedback on this part?,assistant,1,mixed-uptake,,
U040,Less,user,1,mixed-uptake,Reformulate,Active
U040,I think it should be less economic transactions.,assistant,1,mixed-uptake,,
U040,"Oh no, peer made a mistake while applying your feedback.
Please give a more detailed feedback",system,1,mixed-uptake,,
U016,"share' means 'have a portion of something with others, and 'motivate' means give a motive to do something",user,1,high-uptake,Amplification,Constructive
U016,I think it should be many people share together in a group and motivate each other.,assistant,1,high-uptake,,
U016,"Oh no, peer made a mistake while applying your feedback.
Please give a more detailed feedback",system,1,high-uptake,,
U006,are -> is,user,1,low-uptake,Reformulate,Active
U006,How can water be is?,assistant,1,low-uptake,,
U006,can't count water,user,1,low-uptake,Amplification,Constructive
U006,What does can't count water mean?,assistant,1,low-uptake,,
U006,water is water,user,1,low-uptake,Amplification,Constructive
U006,What is limited resource mean?,assistant,1,low-uptake,,
U040,Make fewer--> less,user,1,mixed-uptake,Amplification,Constructive
U040,So it should be less dealings instead of fewer?,assistant,1,mixed-uptake,,
U040,"Oh no, peer made a mistake while applying your feedback.
Please give a more detailed feedback",system,1,mixed-uptake,,
U006,it is limited,user,1,low-uptake,Amplification,Constructive
U006,Okay. I will change 'are' to 'is' here.,assistant,1,low-uptake,,
U006,"Good job! Peer acknowledged your feedback!
Let's move to the next error!",system,1,low-uptake,,
U006,What's wrong here?,assistant,1,low-uptake,,
U040,No. Make there are less weather actions in high sun days,user,1,mixed-uptake,Reformulate,Active
U040,What does that mean less weather actions?,assistant,1,mixed-uptake,,
U016,an object for 'share' will be needed,user,1,high-uptake,Reformulate,Active
U016,Okay. I will change 'sharing' to 'share' and 'motivating' to 'motivate' here.,assistant,1,high-uptake,,
U016,"Good job! Peer acknowledged your feedback!
Let's move to the next error!",system,1,high-uptake,,
U016,How do I fix this?,assistant,1,high-uptake,,
U040,No more actions,user,1,mixed-uptake,Amplification,Constructive
U040,"Okay, I will change it to 'there are [less] dealings.'",assistant,1,mixed-uptake,,
U040,"Good job! Peer acknowledged your feedback!
Let's move to the next error!",system,1,mixed-uptake,,
U040,How can I improve here?,assistant,1,mixed-uptake,,
U006,all -> we,user,1,low-uptake,Reformulate,Active
U006,Why change all to we?,assistant,1,low-uptake,,
U006,just,user,1,low-uptake,Reject,Active
U040,No,user,1,mixed-uptake,Reject,Active
U006,What does just mean?,assistant,1,low-uptake,,
U040,Okay. I will change 'there will be fewer dealings' to 'there will be [less] dealings'.,assistant,1,mixed-uptake,,
U040,"Good job! Peer acknowledged your feedback!
Let's move to the next error!",system,1,mixed-uptake,,
U040,Can you give me feedback on this part?,assistant,1,mixed-uptake,,
U006,hane to,user,1,low-uptake,Reject,Active
U006,What does hane to mean?,assistant,1,low-uptake,,
U006,have to,user,1,low-uptake,Reject,Active
U006,Okay. I will change 'all' to 'we' here.,assistant,1,low-uptake,,
U006,"Good job! Peer acknowledged your feedback!
Let's move to the next error!",system,1,low-uptake,,
U006,What's wrong here?,assistant,1,low-uptake,,
U016,make -> makes,user,1,high-uptake,Reformulate,Active
U016,Okay. I will change 'make' to 'makes' here.,assistant,1,high-uptake,,
U016,"Good job! Peer acknowledged your feedback!
Let's move to the next error!",system,1,high-uptake,,
U016,How do I fix this?,assistant,1,high-uptake,,
U006,are -> is,user,1,low-uptake,Reformulate,Active
U006,Why is it is instead of are?,assistant,1,low-uptake,,
U006,one' is single,user,1,low-uptake,Amplification,Constructive
U006,What does 'single' mean?,assistant,1,low-uptake,,
U006,one,user,1,low-uptake,Amplification,Constructive
U006,What does it mean to be single?,assistant,1,low-uptake,,
U006,one,user,1,low-uptake,Amplification,Constructive
U006,Okay. I will change 'are' to 'is' here.,assistant,1,low-uptake,,
U006,"Good job! Peer acknowledged your feedback!
Let's move to the next error!",system,1,low-uptake,,
U006,How do I fix this?,assistant,1,low-uptake,,
U016,adventages -> advantages,user,1,high-uptake,Reformulate,Active
U012,there is no recycling centers close->there are no recycling centers nearby,user,1,mixed-uptake,Reformulate,Active
U016,Okay. I will change 'adventages' to 'advantages' here.,assistant,1,high-uptake,,
U016,"Good job! Peer acknowledged your feedback!
Let's move to the next error!",system,1,high-uptake,,
U016,Can you give me feedback on this part?,assistant,1,high-uptake,,
U012,Okay. I will change 'there is no recycling centers close' to 'there are no recycling centers nearby.',assistant,1,mixed-uptake,,
U012,"Good job! Peer acknowledged your feedback!
Let's move to the next error!",system,1,mixed-uptake,,
U012,What's wrong here?,assistant,1,mixed-uptake,,
U006,knowing to sort  ->  knowing how to sort,user,1,low-uptake,Reformulate,Active
U006,What does knowing how to sort mean?,assistant,1,low-uptake,,
U016,method -> methods,user,1,high-uptake,Reformulate,Active
U016,Okay. I will change 'method' to 'methods' here.,assistant,1,high-uptake,,
U016,"Good job! Peer acknowledged your feedback!
Let's move to the next error!",system,1,high-uptake,,
U006,Understanding the correct way to separate things into different groups.,user,1,low-uptake,Amplification,Constructive
U006,What does it mean to separate things into different groups?,assistant,1,low-uptake,,
U006,To put things into categories based on what type they are.,user,1,low-uptake,Amplification,Constructive
U006,What does it mean to put things into categories?,assistant,1,low-uptake,,
U006,To group things together because they are similar in some way.,user,1,low-uptake,Amplification,Constructive
U006,Okay. I will change 'knowing to sort' to 'knowing how to sort' here.,assistant,1,low-uptake,,
U006,"Good job! Peer acknowledged your feedback!
Let's move to the next error!",system,1,low-uptake,,
U040,How do I fix this?,assistant,1,mixed-uptake,,
U040,Can you give me feedback on this part?,assistant,1,mixed-uptake,,
U040,Change gonna --> going to (in a more polite manner),user,1,mixed-uptake,Amplification,Constructive
U040,Why is it better to say going to instead of gonna?,assistant,1,mixed-uptake,,
U040,"Gonna is an abbreviation, a more playful feeling",user,1,mixed-uptake,Amplification,Constructive
U040,What does more playful feeling mean?,assistant,1,mixed-uptake,,
U040,It's like a joke,user,1,mixed-uptake,Amplification,Constructive
U040,I will change 'gonna' to 'going to' here.,assistant,1,mixed-uptake,,
U040,"Good job! Peer acknowledged your feedback!
Let's move to the next error!",system,1,mixed-uptake,,
U040,How do I fix this?,assistant,1,mixed-uptake,,
U040,Deleate . After really,user,1,mixed-uptake,Reformulate,Active
U040,Okay. I will delete the period after 'really'.,assistant,1,mixed-uptake,,
U040,"Good job! Peer acknowledged your feedback!
Let's move to the next error!",system,1,mixed-uptake,,
U040,How do I fix this?,assistant,1,mixed-uptake,,
U040,Change amazing --> terrible,user,1,mixed-uptake,Reformulate,Active
U040,Okay. I will change 'amazing' to 'terrible' here.,assistant,1,mixed-uptake,,
U040,"Good job! Peer acknowledged your feedback!
Let's move to the next error!",system,1,mixed-uptake,,
U040,Can you give me feedback on this part?,assistant,1,mixed-uptake,,
U012,"change the sentence to this paragraph. To conclude, if the cost for recycling is too high, use the money for other things that help the environment.",user,1,mixed-uptake,Reformulate,Active
U012,"Okay, I will change this sentence to 'To conclude, if the cost for recycling is too high, use the money for other things that help the environment.'",assistant,1,mixed-uptake,,
U012,"Good job! Peer acknowledged your feedback!
Let's move to the next error!",system,1,mixed-uptake,,
U012,How can I improve here?,assistant,1,mixed-uptake,,
U040,Change the sentence into Because it means that school vaction begins,user,1,mixed-uptake,Amplification,Constructive
U040,Okay. I will change the sentence to 'Because it means that school vacation begins.',assistant,1,mixed-uptake,,
U040,"Good job! Peer acknowledged your feedback!
Let's move to the next error!",system,1,mixed-uptake,,
U040,What's wrong here?,assistant,1,mixed-uptake,,
U040,Time to rest and enjoy' --> time to 'rest and enjoy',user,1,mixed-uptake,Reformulate,Active
U040,Why is it 'time to rest and enjoy'?,assistant,1,mixed-uptake,,
U040,There's no grammer error Content error,user,1,mixed-uptake,Reject,Active
U040,First we can get our time to 'rest and enjoy' more easy.,assistant,1,mixed-uptake,,
U040,"Oh no, peer made a mistake while applying your feedback.
Please give a more detailed feedback",system,1,mixed-uptake,,
U040,Easily,user,1,mixed-uptake,Reformulate,Active
U040,Okay. I will change 'easy' to 'easily' here.,assistant,1,mixed-uptake,,
U040,"Good job! Peer acknowledged your feedback!
Let's move to the next error!",system,1,mixed-uptake,,
U040,What's wrong here?,assistant,1,mixed-uptake,,
U012,"In my opinion, taking care of the environment is important.->In my opinion, taking care of the environment is important. But, it shouldn't cost too much.",user,1,mixed-uptake,Reformulate,Active
U012,Why should it not cost too much?,assistant,1,mixed-uptake,,
U012,"In the middle, there is a sentence so learning from these people near my home can be beneficial means, it should be efficient.",user,1,mixed-uptake,Reformulate,Active
U012,So it means learning from people should be very efficient?,assistant,1,mixed-uptake,,
U012,"Oh no, peer made a mistake while applying your feedback.
Please give a more detailed feedback",system,1,mixed-uptake,,
U012,It means learning efficient way can be beneficial to our home town.,user,1,mixed-uptake,Reformulate,Active
U012,Okay. I will change the sentence to make it clearer.,assistant,1,mixed-uptake,,
U012,"Good job! Peer acknowledged your feedback!
Let's move to the next error!",system,1,mixed-uptake,,
U012,What's wrong here?,assistant,1,mixed-uptake,,
U012,I think this paragraph shouldn't exist.,user,1,mixed-uptake,Reject,Active
U012,Why shouldn't this paragraph exist?,assistant,1,mixed-uptake,,
U012,After that paragraph it talks about if there are no recycling centers nearby. But the paragraph talks about starting recycling.,user,1,mixed-uptake,Amplification,Constructive
U012,Why does the paragraph need to talk about starting recycling?,assistant,1,mixed-uptake,,
U012,I want to say the paragraph must not need to talk about recycling.,user,1,mixed-uptake,Reformulate,Active
U012,"So it should be for starting recycling, new method adopt can be?",assistant,1,mixed-uptake,,
U012,"Oh no, peer made a mistake while applying your feedback.
Please give a more detailed feedback",system,1,mixed-uptake,,
U012,You should delete the paragraph.,user,1,mixed-uptake,Reformulate,Active
U012,Okay. I will delete the paragraph.,assistant,1,mixed-uptake,,
U012,"Good job! Peer acknowledged your feedback!
Let's move to the next error!",system,1,mixed-uptake,,
U012,Can you give me feedback on this part?,assistant,1,mixed-uptake,,
U038,Can you give me feedback on this part?,assistant,3,mixed-uptake,,
U038,"First, there are always many options to choose healthier food instead of junk food.",user,3,mixed-uptake,Reformulate,Active
U038,It should be there is many options to choose healthier food instead of junk food?,assistant,3,mixed-uptake,,
U038,"Oh no, peer made a mistake while applying your feedback.
Please give a more detailed feedback",system,3,mixed-uptake,,
U038,"The correct form is “There are many options to choose healthier food instead of junk food.”, not “There is.”  Here’s why 👇  💡 Grammar rule  There is → used with singular nouns  e.g. There is one option.  There are → used with plural nouns  e.g. There are many options.  Since “options” is plural, you must use “are.”",user,3,mixed-uptake,Amplification,Constructive
U038,Why use are instead of is?,assistant,3,mixed-uptake,,
U038,"Excellent question! 🌟  We use “are” instead of “is” because of agreement between the verb and the noun — this is called subject–verb agreement.  Let’s break it down 👇  🧩 1. The structure “There is / There are”  In English, the verb (is / are) must match the real subject that comes after it.  There is + singular noun → There is one option.  There are + plural noun → There are many options.  🧩 2. In your sentence  “There are many options to choose healthier food instead of junk food.”  The word “options” is plural, so the verb must also be plural — “are.”  If it were only one option, you would say:  “There is one option to choose healthier food.”",user,3,mixed-uptake,Amplification,Constructive
U038,What is subject-verb agreement?,assistant,3,mixed-uptake,,
U038,Subject–verb agreement means that the verb in a sentence must match the subject in number (singular or plural). In other words:  A singular subject needs a singular verb  A plural subject needs a plural verb,user,3,mixed-uptake,Amplification,Constructive
U038,I will revise it to 'There [are] many options to choose [healthier] food [instead of] junk food.',assistant,3,mixed-uptake,,
U038,"Good job! Peer acknowledged your feedback!
Let's move to the next error!",system,3,mixed-uptake,,
U038,How can I improve here?,assistant,3,mixed-uptake,,
U038,"Third, a healthy diet encourages better mood balance.",user,3,mixed-uptake,Reformulate,Active
U038,What does encourage mean in this sentence?,assistant,3,mixed-uptake,,
U038,"In your sentence —  “A healthy diet encourages better mood balance.”  the word “encourages” doesn’t mean “cheer for” (like when you encourage a friend). Instead, it means “helps to cause,” “supports,” or “promotes.”",user,3,mixed-uptake,Amplification,Constructive
U038,I think it should be a healthy diet [encourage] better mood balance.,assistant,3,mixed-uptake,,
U038,"Oh no, peer made a mistake while applying your feedback.
Please give a more detailed feedback",system,3,mixed-uptake,,
U038,"The subject is singular  “A healthy diet” = one thing (singular).  Therefore, the verb must be singular too.  In the present tense, the singular verb form for most regular verbs adds -s at the end. → encourage → encourages",user,3,mixed-uptake,Amplification,Constructive
U038,Okay. I will change 'encourage' to 'encourages' here.,assistant,3,mixed-uptake,,
U038,"Good job! Peer acknowledged your feedback!
Let's move to the next error!",system,3,mixed-uptake,,
U038,What's wrong here?,assistant,3,mixed-uptake,,
U042,How can I improve here?,assistant,1,mixed-uptake,,
U042,you need more details,user,1,mixed-uptake,Reject,Active
U042,I will add more details to this part.,assistant,1,mixed-uptake,,
U042,"Good job! Peer acknowledged your feedback!
Let's move to the next error!",system,1,mixed-uptake,,
U042,How can I improve here?,assistant,1,mixed-uptake,,
U042,you need to match subject and verb,user,1,mixed-uptake,Amplification,Constructive
U042,So it should be peoples find motivation when they partake in group exercises?,assistant,1,mixed-uptake,,
U042,"Oh no, peer made a mistake while applying your feedback.
Please give a more detailed feedback",system,1,mixed-uptake,,
U042,nope there's not a word like peoples,user,1,mixed-uptake,Reject,Active
U042,Okay. I will change 'People' to 'Everyone' here.,assistant,1,mixed-uptake,,
U042,"Good job! Peer acknowledged your feedback!
Let's move to the next error!",system,1,mixed-uptake,,
U042,What's wrong here?,assistant,1,mixed-uptake,,
U042,Exercise to Exercising,user,1,mixed-uptake,Reformulate,Active
U042,Why should it be exercising?,assistant,1,mixed-uptake,,
U042,"exercise is a verb, you need subject-kind in the start of sentence",user,1,mixed-uptake,Amplification,Constructive
U042,What does subject-kind mean?,assistant,1,mixed-uptake,,
U042,subject word and -ing word etc,user,1,mixed-uptake,Amplification,Constructive
U042,Okay. I will change 'help' to 'helps' here.,assistant,1,mixed-uptake,,
U042,"Good job! Peer acknowledged your feedback!
Let's move to the next error!",system,1,mixed-uptake,,
U042,How do I fix this?,assistant,1,mixed-uptake,,
U042,change improve to improving,user,1,mixed-uptake,Reformulate,Active
U042,Why should it be improving?,assistant,1,mixed-uptake,,
U042,behind 'for' is not a space for a verb,user,1,mixed-uptake,Reject,Active
U042,It should be for improving mental health?,assistant,1,mixed-uptake,,
U042,"Oh no, peer made a mistake while applying your feedback.
Please give a more detailed feedback",system,1,mixed-uptake,,
U042,yes,user,1,mixed-uptake,Accept,Passive
U042,Okay. I will change 'for improve' to 'for improving' here.,assistant,1,mixed-uptake,,
U042,"Good job! Peer acknowledged your feedback!
Let's move to the next error!",system,1,mixed-uptake,,
U042,How do I fix this?,assistant,1,mixed-uptake,,
U042,know to knows,user,1,mixed-uptake,Reformulate,Active
U042,Why does it change from know to knows?,assistant,1,mixed-uptake,,
U042,for match with everyone,user,1,mixed-uptake,Amplification,Constructive
U042,I think it should be everyone knows that exercise is important.,assistant,1,mixed-uptake,,
U042,"Oh no, peer made a mistake while applying your feedback.
Please give a more detailed feedback",system,1,mixed-uptake,,
U042,yap,user,1,mixed-uptake,Accept,Passive
U042,What is the reason to change know to knows?,assistant,1,mixed-uptake,,
U042,everone is singular,user,1,mixed-uptake,Amplification,Constructive
U042,I will change 'know' to 'knows' here.,assistant,1,mixed-uptake,,
U042,"Good job! Peer acknowledged your feedback!
Let's move to the next error!",system,1,mixed-uptake,,
U042,How do I fix this?,assistant,1,mixed-uptake,,
U042,"There is spelling error, you need to change infirmation to information",user,1,mixed-uptake,Reformulate,Active
U042,So it should be lots of information about how they prevents diseases?,assistant,1,mixed-uptake,,
U042,"Oh no, peer made a mistake while applying your feedback.
Please give a more detailed feedback",system,1,mixed-uptake,,
U042,yes,user,1,mixed-uptake,Accept,Passive
U042,So it should be lots of information about how they prevent diseases?,assistant,1,mixed-uptake,,
U042,"Oh no, peer made a mistake while applying your feedback.
Please give a more detailed feedback",system,1,mixed-uptake,,
U042,yes,user,1,mixed-uptake,Accept,Passive
U042,What is that means?,assistant,1,mixed-uptake,,
U042,it means knowlege,user,1,mixed-uptake,Amplification,Constructive
U042,"Okay, I will change 'they prevent' to 'it prevents' here.",assistant,1,mixed-uptake,,
U042,"Good job! Peer acknowledged your feedback!
Let's move to the next error!",system,1,mixed-uptake,,
U042,How can I improve here?,assistant,1,mixed-uptake,,
U042,Exercise to Exercising,user,1,mixed-uptake,Reformulate,Active
U042,What does Exercise to Exercising mean?,assistant,1,mixed-uptake,,
U042,I meant you need to change Exercise to Exercising,user,1,mixed-uptake,Reformulate,Active
U042,What does Exercise to Exercising mean?,assistant,1,mixed-uptake,,
U042,"you need to change ""Exercise"", the first word of that sentence has to be Exercising",user,1,mixed-uptake,Amplification,Constructive
U042,So it should be Exercising daily improve our mentality?,assistant,1,mixed-uptake,,
U042,"Oh no, peer made a mistake while applying your feedback.
Please give a more detailed feedback",system,1,mixed-uptake,,
U042,right,user,1,mixed-uptake,Accept,Passive
U042,"Okay, I will change 'exercise' to 'Exercising' here.",assistant,1,mixed-uptake,,
U042,"Good job! Peer acknowledged your feedback!
Let's move to the next error!",system,1,mixed-uptake,,
U036,How can I improve here?,assistant,1,high-uptake,,
U036,change can to could,user,1,high-uptake,Reformulate,Active
U036,Okay. I will change 'can' to 'could' here.,assistant,1,high-uptake,,
U036,"Good job! Peer acknowledged your feedback!
Let's move to the next error!",system,1,high-uptake,,
U036,How can I improve here?,assistant,1,high-uptake,,
U036,rewrite what kind of photography.,user,1,high-uptake,Reformulate,Active
U036,Okay. I will rewrite what kind of photography.,assistant,1,high-uptake,,
U036,"Good job! Peer acknowledged your feedback!
Let's move to the next error!",system,1,high-uptake,,
U036,Can you give me feedback on this part?,assistant,1,high-uptake,,
U036,change received to receive,user,1,high-uptake,Reformulate,Active
U036,Why should I change received to receive?,assistant,1,high-uptake,,
U036,change handed to was handed,user,1,high-uptake,Reformulate,Active
U036,Okay. I will change 'handed' to 'was handed' here.,assistant,1,high-uptake,,
U036,"Good job! Peer acknowledged your feedback!
Let's move to the next error!",system,1,high-uptake,,
U036,Can you give me feedback on this part?,assistant,1,high-uptake,,
U036,How can I improve here?,assistant,1,high-uptake,,
U036,change no controlling to can't control,user,1,high-uptake,Reformulate,Active
U036,I will change 'no controlling' to 'can't control'.,assistant,1,high-uptake,,
U036,"Good job! Peer acknowledged your feedback!
Let's move to the next error!",system,1,high-uptake,,
U036,What's wrong here?,assistant,1,high-uptake,,
U036,change capture to am capturing,user,1,high-uptake,Reformulate,Active
U036,Why should I change capture to am capturing?,assistant,1,high-uptake,,
U036,change attract to attracing,user,1,high-uptake,Reformulate,Active
U036,What does attracing mean?,assistant,1,high-uptake,,
U036,attracting,user,1,high-uptake,Reformulate,Active
U036,I will change 'attract' to 'attracting' here.,assistant,1,high-uptake,,
U036,"Good job! Peer acknowledged your feedback!
Let's move to the next error!",system,1,high-uptake,,
U036,How do I fix this?,assistant,1,high-uptake,,
U036,"deleate ""then my confidence reduced,""",user,1,high-uptake,Reformulate,Active
U036,"Okay. I will delete 'then my confidence reduced,' here.",assistant,1,high-uptake,,
U036,"Good job! Peer acknowledged your feedback!
Let's move to the next error!",system,1,high-uptake,,
U036,How can I improve here?,assistant,1,high-uptake,,
U036,change photo to photography,user,1,high-uptake,Reformulate,Active
U036,Okay. I will change 'photo' to 'photography' here.,assistant,1,high-uptake,,
U036,"Good job! Peer acknowledged your feedback!
Let's move to the next error!",system,1,high-uptake,,
U057,What's wrong here?,assistant,2,low-uptake,,
U057,impact->impacts,user,2,low-uptake,Reformulate,Active
U057,Why is it impacts?,assistant,2,low-uptake,,
U057,"Word, communication, is singular word",user,2,low-uptake,Amplification,Constructive
U057,What does singular word mean?,assistant,2,low-uptake,,
U057,Communication is singular word,user,2,low-uptake,Amplification,Constructive
U057,What does singular word mean?,assistant,2,low-uptake,,
U057,Communication is singular,user,2,low-uptake,Amplification,Constructive
U057,Okay. I will change 'impact' to 'impacts' here.,assistant,2,low-uptake,,
U057,"Good job! Peer acknowledged your feedback!
Let's move to the next error!",system,2,low-uptake,,
U057,Can you give me feedback on this part?,assistant,2,low-uptake,,
U057,lets->let,user,2,low-uptake,Reformulate,Active
U057,Why does lets change to let?,assistant,2,low-uptake,,
U057,What's wrong here?,assistant,2,low-uptake,,
U056,What's wrong here?,assistant,2,low-uptake,,
U042,What's wrong here?,assistant,2,mixed-uptake,,
U056,child → children,user,2,low-uptake,Reformulate,Active
U056,What does requires mean?,assistant,2,low-uptake,,
U056,"""need for a particular purpose"".",user,2,low-uptake,Amplification,Constructive
U056,What does need for a particular purpose mean?,assistant,2,low-uptake,,
U042,"you need to change help to helps, subject-verb agreement error",user,2,mixed-uptake,Amplification,Constructive
U042,Okay. I will change 'help' to 'helps' here.,assistant,2,mixed-uptake,,
U042,"Good job! Peer acknowledged your feedback!
Let's move to the next error!",system,2,mixed-uptake,,
U042,What's wrong here?,assistant,2,mixed-uptake,,
U056,meaning of the word doesn't matter here. The thing is that plural subject is more acceptable in the context.,user,2,low-uptake,Metacognitive,Constructive
U012,How do I fix this?,assistant,2,mixed-uptake,,
U042,you need to add 'to' next to word 'need',user,2,mixed-uptake,Reformulate,Active
U056,What does plural subject mean?,assistant,2,low-uptake,,
U042,Why I need to add 'to' next to word 'need'?,assistant,2,mixed-uptake,,
U040,How can I improve here?,assistant,2,mixed-uptake,,
U057,Can you give me feedback on this part?,assistant,2,low-uptake,,
U057,How do I fix this?,assistant,2,low-uptake,,
U056,"subject which has quantity of two or more, like ""three apples"".",user,2,low-uptake,Exemplification,Constructive
U056,Okay. I will change 'child' to 'children' and 'requires' to 'require'.,assistant,2,low-uptake,,
U056,"Good job! Peer acknowledged your feedback!
Let's move to the next error!",system,2,low-uptake,,
U056,What's wrong here?,assistant,2,low-uptake,,
U040,means --> is,user,2,mixed-uptake,Reformulate,Active
U040,So it should be the next day is saturday which is 'A rest day'?,assistant,2,mixed-uptake,,
U040,"Oh no, peer made a mistake while applying your feedback.
Please give a more detailed feedback",system,2,mixed-uptake,,
U042,"as you used 'need to' in your question, we need to add 'to' behind the verb 'need'",user,2,mixed-uptake,Connection,Constructive
U042,What does add 'to' behind 'need' mean?,assistant,2,mixed-uptake,,
U042,adding word 'to' behind the word 'need',user,2,mixed-uptake,Reformulate,Active
U042,What does adding 'to' mean?,assistant,2,mixed-uptake,,
U036,What's wrong here?,assistant,2,high-uptake,,
U006,What's wrong here?,assistant,2,low-uptake,,
U016,How can I improve here?,assistant,2,high-uptake,,
U040,"add , --> the next day is Saturday, which is a 'rest day'",user,2,mixed-uptake,Reformulate,Active
U040,I will add a comma before 'which'.,assistant,2,mixed-uptake,,
U040,"Good job! Peer acknowledged your feedback!
Let's move to the next error!",system,2,mixed-uptake,,
U012,each peoples gym->each person's gym,user,2,mixed-uptake,Reformulate,Active
U040,What's wrong here?,assistant,2,mixed-uptake,,
U012,What does each person's gym mean?,assistant,2,mixed-uptake,,
U042,"just replace ""need"" -> ""need to"", that's what i meant",user,2,mixed-uptake,Reformulate,Active
U042,Okay. I will change 'need' to 'need to' here.,assistant,2,mixed-uptake,,
U042,"Good job! Peer acknowledged your feedback!
Let's move to the next error!",system,2,mixed-uptake,,
U042,How can I improve here?,assistant,2,mixed-uptake,,
U056,depends → depend,user,2,low-uptake,Reformulate,Active
U056,Why does it need to be depend?,assistant,2,low-uptake,,
U016,have -> has,user,2,high-uptake,Reformulate,Active
U016,I will change 'have' to 'has' here.,assistant,2,high-uptake,,
U016,"Good job! Peer acknowledged your feedback!
Let's move to the next error!",system,2,high-uptake,,
U016,How do I fix this?,assistant,2,high-uptake,,
U040,onions --> opinions,user,2,mixed-uptake,Reformulate,Active
U012,person is the same meaning with people.,user,2,mixed-uptake,Amplification,Constructive
U040,"I changed it to in my opinions, there should be a 5-day school week.",assistant,2,mixed-uptake,,
U040,"Oh no, peer made a mistake while applying your feedback.
Please give a more detailed feedback",system,2,mixed-uptake,,
U012,I think it should be each person's gyms.,assistant,2,mixed-uptake,,
U012,"Oh no, peer made a mistake while applying your feedback.
Please give a more detailed feedback",system,2,mixed-uptake,,
U016,feels -> feel,user,2,high-uptake,Reformulate,Active
U016,I will change 'feels' to 'feel' here.,assistant,2,high-uptake,,
U016,"Good job! Peer acknowledged your feedback!
Let's move to the next error!",system,2,high-uptake,,
U016,Can you give me feedback on this part?,assistant,2,high-uptake,,
U042,you need more details in supporting sentences,user,2,mixed-uptake,Reject,Active
U042,What does adding more details mean?,assistant,2,mixed-uptake,,
U056,Can you give me feedback on this part?,assistant,2,low-uptake,,
U056,Can you give me feedback on this part?,assistant,2,low-uptake,,
U056,Can you give me feedback on this part?,assistant,2,low-uptake,,
U040,change opinions --> opinion,user,2,mixed-uptake,Reformulate,Active
U040,Okay. I will change 'opinions' to 'opinion' here.,assistant,2,mixed-uptake,,
U040,"Good job! Peer acknowledged your feedback!
Let's move to the next error!",system,2,mixed-uptake,,
U040,Can you give me feedback on this part?,assistant,2,mixed-uptake,,
U056,How do I fix this?,assistant,2,low-uptake,,
U042,give reader some examples and explaning,user,2,mixed-uptake,Amplification,Constructive
U042,What does give examples and explaining mean?,assistant,2,mixed-uptake,,
U057,Here are three reasons why i argue like that.->Here are three reasons why i argue that pets provide people many advantages.,user,2,low-uptake,Reformulate,Active
U057,Why do I say argue like that?,assistant,2,low-uptake,,
U006,make -> makes,user,2,low-uptake,Reformulate,Active
U006,Why is it makes?,assistant,2,low-uptake,,
U006,weather in single word,user,2,low-uptake,Amplification,Constructive
U006,What is weather in single word?,assistant,2,low-uptake,,
U040,his --> there,user,2,mixed-uptake,Reformulate,Active
U040,I think it should be anyone will remove there worries by enjoying his entertainment.,assistant,2,mixed-uptake,,
U040,"Oh no, peer made a mistake while applying your feedback.
Please give a more detailed feedback",system,2,mixed-uptake,,
U006,weather is single word,user,2,low-uptake,Amplification,Constructive
U006,What does single word mean?,assistant,2,low-uptake,,
U006,one,user,2,low-uptake,Amplification,Constructive
U006,Okay. I will change 'make' to 'makes' and 'should prepare' to 'should be prepared' here.,assistant,2,low-uptake,,
U006,"Good job! Peer acknowledged your feedback!
Let's move to the next error!",system,2,low-uptake,,
U006,What's wrong here?,assistant,2,low-uptake,,
U056,What's wrong here?,assistant,2,low-uptake,,
U056,What's wrong here?,assistant,2,low-uptake,,
U042,add details in sentence,user,2,mixed-uptake,Amplification,Constructive
U042,"Okay, I will add details to the sentence.",assistant,2,mixed-uptake,,
U042,"Good job! Peer acknowledged your feedback!
Let's move to the next error!",system,2,mixed-uptake,,
U042,How do I fix this?,assistant,2,mixed-uptake,,
U040,change into their,user,2,mixed-uptake,Reformulate,Active
U040,Why change it into their?,assistant,2,mixed-uptake,,
U006,has -> have,user,2,low-uptake,Reformulate,Active
U006,Why is it have instead of has?,assistant,2,low-uptake,,
U040,grammer,user,2,mixed-uptake,Amplification,Constructive
U040,What does grammer mean?,assistant,2,mixed-uptake,,
U057,"This is last sentence of introduction, and It must be thesis statement which includes the topic of essay.",user,2,low-uptake,Amplification,Constructive
U057,What is a thesis statement?,assistant,2,low-uptake,,
U006,everyone is plural,user,2,low-uptake,Amplification,Constructive
U006,What does everyone is plural mean?,assistant,2,low-uptake,,
U006,not one,user,2,low-uptake,Amplification,Constructive
U006,What does not one mean?,assistant,2,low-uptake,,
U040,it's grammatically correct,user,2,mixed-uptake,Amplification,Constructive
U040,Okay. I will change 'his' to 'their' here.,assistant,2,mixed-uptake,,
U040,"Good job! Peer acknowledged your feedback!
Let's move to the next error!",system,2,mixed-uptake,,
U040,How do I fix this?,assistant,2,mixed-uptake,,
U006,bigger than one,user,2,low-uptake,Amplification,Constructive
U006,"Okay, I will change 'has' to 'have' here.",assistant,2,low-uptake,,
U006,"Good job! Peer acknowledged your feedback!
Let's move to the next error!",system,2,low-uptake,,
U006,How do I fix this?,assistant,2,low-uptake,,
U040,weekday--> weekdays,user,2,mixed-uptake,Reformulate,Active
U040,Okay. I will change 'weekday' to 'weekdays' here.,assistant,2,mixed-uptake,,
U040,"Good job! Peer acknowledged your feedback!
Let's move to the next error!",system,2,mixed-uptake,,
U040,How can I improve here?,assistant,2,mixed-uptake,,
U016,article 'a' must be in front of 'long day',user,2,high-uptake,Reformulate,Active
U016,I will move 'a' in front of 'long day' here.,assistant,2,high-uptake,,
U016,"Good job! Peer acknowledged your feedback!
Let's move to the next error!",system,2,high-uptake,,
U016,Can you give me feedback on this part?,assistant,2,high-uptake,,
U056,will → would,user,2,low-uptake,Reformulate,Active
U056,Why change will to would?,assistant,2,low-uptake,,
U040,Fur --> For,user,2,mixed-uptake,Reformulate,Active
U040,Why is it 'For' and not 'Fur'?,assistant,2,mixed-uptake,,
U057,Sentence that make the topic of essay clear and locate on last sentence of introduction.,user,2,low-uptake,Amplification,Constructive
U036,change were to was,user,2,high-uptake,Reformulate,Active
U036,I will change 'were' to 'was' here.,assistant,2,high-uptake,,
U036,"Good job! Peer acknowledged your feedback!
Let's move to the next error!",system,2,high-uptake,,
U036,Can you give me feedback on this part?,assistant,2,high-uptake,,
U057,What does make the topic clear mean?,assistant,2,low-uptake,,
U056,"the verb of former clause ""declared"" is in past tense.",user,2,low-uptake,Amplification,Constructive
U056,What does past tense mean?,assistant,2,low-uptake,,
U040,Fur doesn't make sence,user,2,mixed-uptake,Amplification,Constructive
U040,What does it mean that it doesn't make sense?,assistant,2,mixed-uptake,,
U040,It's incorrect word,user,2,mixed-uptake,Amplification,Constructive
U040,"So it should be for these reasons, I think there should be a 5-day school week?",assistant,2,mixed-uptake,,
U040,"Oh no, peer made a mistake while applying your feedback.
Please give a more detailed feedback",system,2,mixed-uptake,,
U036,change Spanish language to Spanish,user,2,high-uptake,Reformulate,Active
U036,Okay. I will change 'Spanish language' to 'Spanish' here.,assistant,2,high-uptake,,
U036,"Good job! Peer acknowledged your feedback!
Let's move to the next error!",system,2,high-uptake,,
U036,What's wrong here?,assistant,2,high-uptake,,
U006,Missing thesis statement,user,2,low-uptake,Reject,Active
U006,What is a thesis statement?,assistant,2,low-uptake,,
U042,change concerne to concern,user,2,mixed-uptake,Reformulate,Active
U042,Okay. I will change 'concerne' to 'concern' here.,assistant,2,mixed-uptake,,
U042,"Good job! Peer acknowledged your feedback!
Let's move to the next error!",system,2,mixed-uptake,,
U042,Can you give me feedback on this part?,assistant,2,mixed-uptake,,
U006,새ㅔㅑㅊ,user,2,low-uptake,Others,Others
U040,yes,user,2,mixed-uptake,Accept,Passive
U006,What does missing thesis statement mean?,assistant,2,low-uptake,,
U040,Okay. I will change 'Fur' to 'For' here.,assistant,2,mixed-uptake,,
U040,"Good job! Peer acknowledged your feedback!
Let's move to the next error!",system,2,mixed-uptake,,
U040,How do I fix this?,assistant,2,mixed-uptake,,
U057,clarifying the topic,user,2,low-uptake,Amplification,Constructive
U006,no topic,user,2,low-uptake,Amplification,Constructive
U056,form of english verbs that expresses things that already occured in the past.,user,2,low-uptake,Amplification,Constructive
U057,Okay. I will clarify the topic.,assistant,2,low-uptake,,
U057,"Good job! Peer acknowledged your feedback!
Let's move to the next error!",system,2,low-uptake,,
U006,What does no topic mean?,assistant,2,low-uptake,,
U057,Can you give me feedback on this part?,assistant,2,low-uptake,,
U056,What does it mean to be in past tense?,assistant,2,low-uptake,,
U012,and it difficults to->and it is difficult,user,2,mixed-uptake,Reformulate,Active
U006,no main idea,user,2,low-uptake,Reject,Active
U006,Okay. I will add a main idea here.,assistant,2,low-uptake,,
U012,Okay. I will change 'it difficults' to 'it is difficult' here.,assistant,2,mixed-uptake,,
U006,"Good job! Peer acknowledged your feedback!
Let's move to the next error!",system,2,low-uptake,,
U012,"Good job! Peer acknowledged your feedback!
Let's move to the next error!",system,2,mixed-uptake,,
U012,Can you give me feedback on this part?,assistant,2,mixed-uptake,,
U006,How can I improve here?,assistant,2,low-uptake,,
U057,helps->help,user,2,low-uptake,Reformulate,Active
U056,"It means that ""he already declared"" it in the past.",user,2,low-uptake,Amplification,Constructive
U016,"require -> requires, is -> are, lesson -> lessons",user,2,high-uptake,Reformulate,Active
U057,Why help?,assistant,2,low-uptake,,
U016,"I will change 'require' to 'requires', 'lesson' to 'lessons', and 'is' to 'are'.",assistant,2,high-uptake,,
U016,"Good job! Peer acknowledged your feedback!
Let's move to the next error!",system,2,high-uptake,,
U056,Okay. I will change 'will' to 'would' here.,assistant,2,low-uptake,,
U016,What's wrong here?,assistant,2,high-uptake,,
U056,"Good job! Peer acknowledged your feedback!
Let's move to the next error!",system,2,low-uptake,,
U056,Can you give me feedback on this part?,assistant,2,low-uptake,,
U042,pollute -> pollutes,user,2,mixed-uptake,Reformulate,Active
U042,Why does it need to be 'pollutes'?,assistant,2,mixed-uptake,,
U056,provides → provide,user,2,low-uptake,Reformulate,Active
U056,Why provide instead of provides?,assistant,2,low-uptake,,
U042,for subject-verb agreement,user,2,mixed-uptake,Amplification,Constructive
U042,I think it should be waste pollutes the environment.,assistant,2,mixed-uptake,,
U042,"Oh no, peer made a mistake while applying your feedback.
Please give a more detailed feedback",system,2,mixed-uptake,,
U006,surprise to me -> surprises me,user,2,low-uptake,Reformulate,Active
U056,"becuase the subject ""Academic institutions"" are plural.",user,2,low-uptake,Amplification,Constructive
U006,Why does it need to be surprises me?,assistant,2,low-uptake,,
U056,What does it mean that the subject is plural?,assistant,2,low-uptake,,
U036,"deleate ""that""",user,2,high-uptake,Reformulate,Active
U036,Okay. I will delete 'that' here.,assistant,2,high-uptake,,
U036,"Good job! Peer acknowledged your feedback!
Let's move to the next error!",system,2,high-uptake,,
U036,What's wrong here?,assistant,2,high-uptake,,
U042,you're right,user,2,mixed-uptake,Accept,Passive
U042,Okay. I will change 'pollute' to 'pollutes' here.,assistant,2,mixed-uptake,,
U042,"Good job! Peer acknowledged your feedback!
Let's move to the next error!",system,2,mixed-uptake,,
U042,How do I fix this?,assistant,2,mixed-uptake,,
U012,"Also, going to the aerobics class, I can learn new exercises.",user,2,mixed-uptake,Reformulate,Active
U006,more natural,user,2,low-uptake,Amplification,Constructive
U056,"It means that there are ""two or more"" institutions discussing.",user,2,low-uptake,Amplification,Constructive
U006,What does more natural mean?,assistant,2,low-uptake,,
U012,Okay. I will change 'For going to the aerobics class' to 'By going to the aerobics class' here.,assistant,2,mixed-uptake,,
U012,"Good job! Peer acknowledged your feedback!
Let's move to the next error!",system,2,mixed-uptake,,
U012,What's wrong here?,assistant,2,mixed-uptake,,
U056,What does it mean to have two or more institutions?,assistant,2,low-uptake,,
U006,good,user,2,low-uptake,Accept,Passive
U006,What does more natural mean?,assistant,2,low-uptake,,
U042,for what?,user,2,mixed-uptake,Metacognitive,Constructive
U056,literally.,user,2,low-uptake,Amplification,Constructive
U006,good,user,2,low-uptake,Accept,Passive
U006,Okay. I will change 'surprise to me' to 'surprises me' here.,assistant,2,low-uptake,,
U006,"Good job! Peer acknowledged your feedback!
Let's move to the next error!",system,2,low-uptake,,
U056,Okay. I will change 'provides' to 'provide' here.,assistant,2,low-uptake,,
U006,Can you give me feedback on this part?,assistant,2,low-uptake,,
U042,I think it should be for what reason?,assistant,2,mixed-uptake,,
U056,"Good job! Peer acknowledged your feedback!
Let's move to the next error!",system,2,low-uptake,,
U042,"Oh no, peer made a mistake while applying your feedback.
Please give a more detailed feedback",system,2,mixed-uptake,,
U056,Can you give me feedback on this part?,assistant,2,low-uptake,,
U057,The object following the verb make must be followed by the infinitive.,user,2,low-uptake,Amplification,Constructive
U057,What does the object following the verb mean?,assistant,2,low-uptake,,
U036,deleate extreamly,user,2,high-uptake,Reformulate,Active
U036,Okay. I will delete 'extremely' here.,assistant,2,high-uptake,,
U036,"Good job! Peer acknowledged your feedback!
Let's move to the next error!",system,2,high-uptake,,
U036,How do I fix this?,assistant,2,high-uptake,,
U057,"In this case, it means us",user,2,low-uptake,Amplification,Constructive
U057,What does it mean in this case?,assistant,2,low-uptake,,
U006,to know -> knowing,user,2,low-uptake,Reformulate,Active
U006,Why does it need to change to knowing?,assistant,2,low-uptake,,
U036,change Ican to I can,user,2,high-uptake,Reformulate,Active
U036,Okay. I will change 'Ican' to 'I can' here.,assistant,2,high-uptake,,
U036,"Good job! Peer acknowledged your feedback!
Let's move to the next error!",system,2,high-uptake,,
U036,How do I fix this?,assistant,2,high-uptake,,
U006,more natural,user,2,low-uptake,Amplification,Constructive
U006,What does more natural mean?,assistant,2,low-uptake,,
U006,good,user,2,low-uptake,Amplification,Constructive
U006,What does more natural mean?,assistant,2,low-uptake,,
U006,good,user,2,low-uptake,Amplification,Constructive
U006,Okay. I will change 'to know' to 'knowing' here.,assistant,2,low-uptake,,
U006,"Good job! Peer acknowledged your feedback!
Let's move to the next error!",system,2,low-uptake,,
U006,How can I improve here?,assistant,2,low-uptake,,
U057,In this sentence which you asked,user,2,low-uptake,Metacognitive,Constructive
U057,Okay. I will change 'make' to 'makes' and 'helps' to 'help' in this sentence.,assistant,2,low-uptake,,
U057,"Good job! Peer acknowledged your feedback!
Let's move to the next error!",system,2,low-uptake,,
U057,How can I improve here?,assistant,2,low-uptake,,
U057,is->are,user,2,low-uptake,Reformulate,Active
U057,Why is it are?,assistant,2,low-uptake,,
U016,"article 'a' must be in front of 'different pet', and article 'the' must be in front of 'owner'",user,2,high-uptake,Reformulate,Active
U016,I will add 'a' in front of 'different pet' and 'the' in front of 'owner'.,assistant,2,high-uptake,,
U016,"Good job! Peer acknowledged your feedback!
Let's move to the next error!",system,2,high-uptake,,
U016,Can you give me feedback on this part?,assistant,2,high-uptake,,
U057,Pets' is plural,user,2,low-uptake,Amplification,Constructive
U057,What does plural mean?,assistant,2,low-uptake,,
U056,an → a,user,2,low-uptake,Reformulate,Active
U056,Why is it 'a' instead of 'an'?,assistant,2,low-uptake,,
U006,it -> its,user,2,low-uptake,Reformulate,Active
U006,Why does it change to its?,assistant,2,low-uptake,,
U006,plural,user,2,low-uptake,Reject,Active
U006,What does plural mean?,assistant,2,low-uptake,,
U006,not one,user,2,low-uptake,Reformulate,Active
U006,What does not one mean?,assistant,2,low-uptake,,
U006,not single,user,2,low-uptake,Reformulate,Active
U006,Okay. I will change 'it' to 'its' here.,assistant,2,low-uptake,,
U006,"Good job! Peer acknowledged your feedback!
Let's move to the next error!",system,2,low-uptake,,
U006,How do I fix this?,assistant,2,low-uptake,,
U012,I think to join a gym and train-> I think that joining a gym and training,user,2,mixed-uptake,Reformulate,Active
U012,What does it mean to change to that?,assistant,2,mixed-uptake,,
U057,"A noun that represents two or more people, things, concepts, etc.",user,2,low-uptake,Amplification,Constructive
U057,What does it mean that a noun is plural?,assistant,2,low-uptake,,
U006,their -> they,user,2,low-uptake,Reformulate,Active
U056,"the subject ""new challenge"" starts with 'n', a consonant, so the article corresponding need to be 'a'.",user,2,low-uptake,Amplification,Constructive
U006,Why it should be they?,assistant,2,low-uptake,,
U016,verbs must be added 's' or 'es' in this sentence,user,2,high-uptake,Amplification,Constructive
U056,What does it mean that it starts with a consonant?,assistant,2,low-uptake,,
U016,I will add 's' to the verbs in this sentence.,assistant,2,high-uptake,,
U016,"Good job! Peer acknowledged your feedback!
Let's move to the next error!",system,2,high-uptake,,
U012,verb can't come after I think to,user,2,mixed-uptake,Amplification,Constructive
U012,I think it should be I think that to join a gym and train.,assistant,2,mixed-uptake,,
U012,"Oh no, peer made a mistake while applying your feedback.
Please give a more detailed feedback",system,2,mixed-uptake,,
U006,it is subject,user,2,low-uptake,Amplification,Constructive
U006,What does it mean to be a subject?,assistant,2,low-uptake,,
U006,main word,user,2,low-uptake,Amplification,Constructive
U006,What is main word?,assistant,2,low-uptake,,
U057,"If subject is plural, following verb must be plural verb",user,2,low-uptake,Amplification,Constructive
U057,Okay. I will change 'is' to 'are' here.,assistant,2,low-uptake,,
U006,subject,user,2,low-uptake,Amplification,Constructive
U057,"Good job! Peer acknowledged your feedback!
Let's move to the next error!",system,2,low-uptake,,
U057,Can you give me feedback on this part?,assistant,2,low-uptake,,
U006,Okay. I will change 'their' to 'they' here.,assistant,2,low-uptake,,
U006,"Good job! Peer acknowledged your feedback!
Let's move to the next error!",system,2,low-uptake,,
U006,How do I fix this?,assistant,2,low-uptake,,
U056,"a', 'e', 'i', 'o', and 'u' are called vowels among alphabets, and the others are consonants.",user,2,low-uptake,Amplification,Constructive
U056,What does it mean that 'n' is a consonant?,assistant,2,low-uptake,,
U012,"so, I think the sentence should be I think that joining a gym and training",user,2,mixed-uptake,Reformulate,Active
U012,Why should I change it to that?,assistant,2,mixed-uptake,,
U056,literally.,user,2,low-uptake,Amplification,Constructive
U056,Okay. I will change 'an' to 'a' here.,assistant,2,low-uptake,,
U056,"Good job! Peer acknowledged your feedback!
Let's move to the next error!",system,2,low-uptake,,
U056,How do I fix this?,assistant,2,low-uptake,,
U057,but they also->but also,user,2,low-uptake,Reformulate,Active
U057,Why is it not 'but they also'?,assistant,2,low-uptake,,
U006,visits -> visit,user,2,low-uptake,Reformulate,Active
U006,Why it should be visit?,assistant,2,low-uptake,,
U006,good,user,2,low-uptake,Accept,Passive
U006,What does visit mean?,assistant,2,low-uptake,,
U006,go,user,2,low-uptake,Amplification,Constructive
U006,What does visit mean?,assistant,2,low-uptake,,
U006,go,user,2,low-uptake,Amplification,Constructive
U006,Okay. I will change 'visits' to 'visit' here.,assistant,2,low-uptake,,
U006,"Good job! Peer acknowledged your feedback!
Let's move to the next error!",system,2,low-uptake,,
U006,What's wrong here?,assistant,2,low-uptake,,
U012,to join is a to + verb and to + verb cannot come after that or think,user,2,mixed-uptake,Amplification,Constructive
U012,I will change it to 'I think that [joining] a gym and [training] is not a good choice.',assistant,2,mixed-uptake,,
U012,"Good job! Peer acknowledged your feedback!
Let's move to the next error!",system,2,mixed-uptake,,
U012,How can I improve here?,assistant,2,mixed-uptake,,
U057,"It is correct sentence like ""~not only A but also B"".",user,2,low-uptake,Exemplification,Constructive
U057,What does it mean to be correct sentence like 'not only A but also B'?,assistant,2,low-uptake,,
U006,"often are -> are often, need bring -> need to bring",user,2,low-uptake,Reformulate,Active
U006,What does need bring mean?,assistant,2,low-uptake,,
U057,"In this sentence you asked, A is ""bring joy"", B is ""significantly affect our life on positive side""",user,2,low-uptake,Amplification,Constructive
U057,What does it mean that A is 'bring joy' and B is 'significantly affect our life on positive side'?,assistant,2,low-uptake,,
U006,you need to bring something,user,2,low-uptake,Amplification,Constructive
U006,What does need to bring mean?,assistant,2,low-uptake,,
U006,you want something but you don't have it. so you take it out,user,2,low-uptake,Amplification,Constructive
U006,What does you take it out mean?,assistant,2,low-uptake,,
U006,bring,user,2,low-uptake,Amplification,Constructive
U006,Okay. I will use 'need to bring' here.,assistant,2,low-uptake,,
U006,"Good job! Peer acknowledged your feedback!
Let's move to the next error!",system,2,low-uptake,,
U006,How do I fix this?,assistant,2,low-uptake,,
U057,"It is correct sentence like ""~not only A but also B"". And in this sentence you asked, A is ""bring joy"", B is ""significantly affect our life on positive side""",user,2,low-uptake,Amplification,Constructive
U057,Okay. I will change 'but they also' to 'but also' here.,assistant,2,low-uptake,,
U057,"Good job! Peer acknowledged your feedback!
Let's move to the next error!",system,2,low-uptake,,
U057,How can I improve here?,assistant,2,low-uptake,,
U006,uneasy -> uncomfortable,user,2,low-uptake,Reformulate,Active
U006,What does uncomfortable mean?,assistant,2,low-uptake,,
U006,not comfortable,user,2,low-uptake,Amplification,Constructive
U006,What does not comfortable mean?,assistant,2,low-uptake,,
U006,not good,user,2,low-uptake,Amplification,Constructive
U006,What does make us tired mean?,assistant,2,low-uptake,,
U006,make us hard,user,2,low-uptake,Amplification,Constructive
U006,Okay. I will change 'make us tired' to 'make us hard.',assistant,2,low-uptake,,
U006,"Good job! Peer acknowledged your feedback!
Let's move to the next error!",system,2,low-uptake,,
U036,deleate behavior,user,2,high-uptake,Reformulate,Active
U036,Okay. I will delete 'behavior' here.,assistant,2,high-uptake,,
U036,"Good job! Peer acknowledged your feedback!
Let's move to the next error!",system,2,high-uptake,,
U036,What's wrong here?,assistant,2,high-uptake,,
U036,deleate much of,user,2,high-uptake,Reformulate,Active
U036,Okay. I will delete 'much of' here.,assistant,2,high-uptake,,
U036,"Good job! Peer acknowledged your feedback!
Let's move to the next error!",system,2,high-uptake,,
U036,How can I improve here?,assistant,2,high-uptake,,
U036,change Imake to I make,user,2,high-uptake,Reformulate,Active
U036,Okay. I will change 'Imake' to 'I make' here.,assistant,2,high-uptake,,
U057,with their pet->with their friend,user,2,low-uptake,Reformulate,Active
U036,"Good job! Peer acknowledged your feedback!
Let's move to the next error!",system,2,high-uptake,,
U057,Why should it be 'friend' instead of 'pet'?,assistant,2,low-uptake,,
U057,"In this sentence you asked, improving their social skills is related with communicating with their friend, not their pet",user,2,low-uptake,Amplification,Constructive
U057,What does it mean to communicate with a friend for social skills?,assistant,2,low-uptake,,
U057,"In this sentence you asked, communicating with their pet is not related with social skills.",user,2,low-uptake,Amplification,Constructive
U057,What does it mean that communicating with a pet is not related with social skills?,assistant,2,low-uptake,,
U057,"help->helps, improve->improving",user,2,low-uptake,Reformulate,Active
U057,Okay. I will change 'help' to 'helps' and 'improve' to 'improving' here.,assistant,2,low-uptake,,
U057,"Good job! Peer acknowledged your feedback!
Let's move to the next error!",system,2,low-uptake,,
U057,How do I fix this?,assistant,2,low-uptake,,
U057,", but these->, these",user,2,low-uptake,Reformulate,Active
U057,Why is it just 'these'?,assistant,2,low-uptake,,
U057,"In the sentence you asked, there are 'Though' as transition. So you don't have to use but after ','.",user,2,low-uptake,Amplification,Constructive
U057,What does it mean to use 'Though' as transition?,assistant,2,low-uptake,,
U057,"In the sentence you asked, Though is used as transition.",user,2,low-uptake,Amplification,Constructive
U057,What does it mean to use 'Though' as transition?,assistant,2,low-uptake,,
U057,"In the sentence you asked, Though is used as transition in this sentence.",user,2,low-uptake,Amplification,Constructive
U057,Okay. I will change the sentence to remove 'but'.,assistant,2,low-uptake,,
U057,"Good job! Peer acknowledged your feedback!
Let's move to the next error!",system,2,low-uptake,,
U057,What's wrong here?,assistant,2,low-uptake,,
U057,How can I improve here?,assistant,3,low-uptake,,
U040,How can I improve here?,assistant,3,mixed-uptake,,
U006,What's wrong here?,assistant,3,low-uptake,,
U011,How can I improve here?,assistant,3,mixed-uptake,,
U016,What's wrong here?,assistant,3,high-uptake,,
U012,Can you give me feedback on this part?,assistant,3,mixed-uptake,,
U056,What's wrong here?,assistant,3,low-uptake,,
U006,give -> gives,user,3,low-uptake,Reformulate,Active
U042,How can I improve here?,assistant,3,mixed-uptake,,
U006,Why is it give and not gives?,assistant,3,low-uptake,,
U006,it in single,user,3,low-uptake,Amplification,Constructive
U036,How do I fix this?,assistant,3,high-uptake,,
U006,What does it mean to be in single?,assistant,3,low-uptake,,
U006,it is single,user,3,low-uptake,Amplification,Constructive
U006,What does it mean to be in single?,assistant,3,low-uptake,,
U056,plans → plan,user,3,low-uptake,Reformulate,Active
U056,Why change plans to plan?,assistant,3,low-uptake,,
U006,one,user,3,low-uptake,Amplification,Constructive
U006,Okay. I will change 'give' to 'gives' here.,assistant,3,low-uptake,,
U006,"Good job! Peer acknowledged your feedback!
Let's move to the next error!",system,3,low-uptake,,
U006,What's wrong here?,assistant,3,low-uptake,,
U042,"please add few words more, you need more details",user,3,mixed-uptake,Reformulate,Active
U042,I think I can make it longer by saying let me share more.,assistant,3,mixed-uptake,,
U042,"Oh no, peer made a mistake while applying your feedback.
Please give a more detailed feedback",system,3,mixed-uptake,,
U056,"the subject ""action plan"" has to be singular.",user,3,low-uptake,Amplification,Constructive
U006,surprise -> surprises,user,3,low-uptake,Reformulate,Active
U056,What does singular mean?,assistant,3,low-uptake,,
U006,Why is it surprise and not surprises?,assistant,3,low-uptake,,
U042,good,user,3,mixed-uptake,Praise,Passive
U042,What do you mean by adding few words?,assistant,3,mixed-uptake,,
U012,It can be different genre->It can be a different genre,user,3,mixed-uptake,Reformulate,Active
U012,I understand. I will change it to 'It can be [a] different genre'.,assistant,3,mixed-uptake,,
U012,"Good job! Peer acknowledged your feedback!
Let's move to the next error!",system,3,mixed-uptake,,
U012,What's wrong here?,assistant,3,mixed-uptake,,
U006,novel is single,user,3,low-uptake,Amplification,Constructive
U006,What does it mean to be single?,assistant,3,low-uptake,,
U006,one,user,3,low-uptake,Amplification,Constructive
U006,What does it mean to be single?,assistant,3,low-uptake,,
U056,it means that the subject has only one quantity.,user,3,low-uptake,Amplification,Constructive
U056,What does it mean to have only one quantity?,assistant,3,low-uptake,,
U006,one,user,3,low-uptake,Reject,Active
U006,Okay. I will change 'surprise' to 'surprises' here.,assistant,3,low-uptake,,
U006,"Good job! Peer acknowledged your feedback!
Let's move to the next error!",system,3,low-uptake,,
U006,How can I improve here?,assistant,3,low-uptake,,
U056,literally.,user,3,low-uptake,Amplification,Constructive
U056,Okay. I will change 'has' to 'have' here.,assistant,3,low-uptake,,
U056,"Good job! Peer acknowledged your feedback!
Let's move to the next error!",system,3,low-uptake,,
U056,What's wrong here?,assistant,3,low-uptake,,
U042,"like you said, add word like 'more'",user,3,mixed-uptake,Connection,Constructive
U042,What do you mean by adding word like 'more'?,assistant,3,mixed-uptake,,
U057,why I believe so.-> why i believe that robotics positively affect our world.,user,3,low-uptake,Reformulate,Active
U057,Why do I need to change 'why I believe so'?,assistant,3,low-uptake,,
U016,help -> helps,user,3,high-uptake,Reformulate,Active
U016,Okay. I will change 'help' to 'helps' here.,assistant,3,high-uptake,,
U016,"Good job! Peer acknowledged your feedback!
Let's move to the next error!",system,3,high-uptake,,
U016,What's wrong here?,assistant,3,high-uptake,,
U036,"change , to .",user,3,high-uptake,Reformulate,Active
U036,"Okay. I will change ',' to '.' here.",assistant,3,high-uptake,,
U036,"Good job! Peer acknowledged your feedback!
Let's move to the next error!",system,3,high-uptake,,
U036,How can I improve here?,assistant,3,high-uptake,,
U042,"you just said you will change sentence ""Let me share more""",user,3,mixed-uptake,Connection,Constructive
U042,I will change 'Let me share' to 'Let me share [more]'.,assistant,3,mixed-uptake,,
U042,"Good job! Peer acknowledged your feedback!
Let's move to the next error!",system,3,mixed-uptake,,
U042,How can I improve here?,assistant,3,mixed-uptake,,
U036,change try to tried,user,3,high-uptake,Reformulate,Active
U036,Okay. I will change 'try' to 'tried' here.,assistant,3,high-uptake,,
U036,"Good job! Peer acknowledged your feedback!
Let's move to the next error!",system,3,high-uptake,,
U036,Can you give me feedback on this part?,assistant,3,high-uptake,,
U006,strange -> stangely,user,3,low-uptake,Reformulate,Active
U006,What does stangely mean?,assistant,3,low-uptake,,
U016,there must be some details like 'while playing sports' at the end of sentece,user,3,high-uptake,Amplification,Constructive
U016,"I think it should say finally, people can meet new friends while play sports.",assistant,3,high-uptake,,
U016,"Oh no, peer made a mistake while applying your feedback.
Please give a more detailed feedback",system,3,high-uptake,,
U011,"You can change 'to finalize' to 'finally'. This will make the sentence less awkward. Also, change 'needs' to 'need', so that it will be grammatically correct.",user,3,mixed-uptake,Amplification,Constructive
U040,change into I really enjoy music,user,3,mixed-uptake,Reformulate,Active
U011,"I think it should be finally, the present guidebooks need to reassess.",assistant,3,mixed-uptake,,
U011,"Oh no, peer made a mistake while applying your feedback.
Please give a more detailed feedback",system,3,mixed-uptake,,
U040,I think it should be I really enjoying music.,assistant,3,mixed-uptake,,
U040,"Oh no, peer made a mistake while applying your feedback.
Please give a more detailed feedback",system,3,mixed-uptake,,
U006,not good,user,3,low-uptake,Reject,Active
U057,The sentence you asked is Thesis statement. And Thesis statement must include clear topic of essay. so you need to change 'why I believe so'.,user,3,low-uptake,Amplification,Constructive
U006,What does it mean that the words may read strange?,assistant,3,low-uptake,,
U057,What do you mean by thesis statement?,assistant,3,low-uptake,,
U056,"remove comma(,)",user,3,low-uptake,Reformulate,Active
U056,Why remove the comma?,assistant,3,low-uptake,,
U006,the word is not good,user,3,low-uptake,Amplification,Constructive
U006,What does it mean that the word is not good?,assistant,3,low-uptake,,
U040,enjoying --> enjoy,user,3,mixed-uptake,Reformulate,Active
U040,It should be I really enjoyings music.,assistant,3,mixed-uptake,,
U040,"Oh no, peer made a mistake while applying your feedback.
Please give a more detailed feedback",system,3,mixed-uptake,,
U012,for they-> for them,user,3,mixed-uptake,Reformulate,Active
U006,strange,user,3,low-uptake,Amplification,Constructive
U012,Okay. I will change 'for they' to 'for them'.,assistant,3,mixed-uptake,,
U012,"Good job! Peer acknowledged your feedback!
Let's move to the next error!",system,3,mixed-uptake,,
U012,What's wrong here?,assistant,3,mixed-uptake,,
U006,Okay. I will change 'strange' to 'strangely' here.,assistant,3,low-uptake,,
U006,"Good job! Peer acknowledged your feedback!
Let's move to the next error!",system,3,low-uptake,,
U006,How can I improve here?,assistant,3,low-uptake,,
U011,Yes.,user,3,mixed-uptake,Accept,Passive
U011,"I think it should be finally, the present guidebooks needs to reassess.",assistant,3,mixed-uptake,,
U011,"Oh no, peer made a mistake while applying your feedback.
Please give a more detailed feedback",system,3,mixed-uptake,,
U036,change i to I,user,3,high-uptake,Reformulate,Active
U036,Why I should change 'i' to 'I'?,assistant,3,high-uptake,,
U042,change relaxation to relaxing,user,3,mixed-uptake,Reformulate,Active
U042,Why should I change relaxation to relaxing?,assistant,3,mixed-uptake,,
U040,enjoyings --> enjoy. grammer mistake,user,3,mixed-uptake,Amplification,Constructive
U056,"comma is not required with ""but"".",user,3,low-uptake,Amplification,Constructive
U040,What is grammer mistake?,assistant,3,mixed-uptake,,
U056,What does it mean that comma is not required with 'but'?,assistant,3,low-uptake,,
U040,grammer isn't correct,user,3,mixed-uptake,Amplification,Constructive
U040,I will change it to 'I really enjoy music.',assistant,3,mixed-uptake,,
U040,"Good job! Peer acknowledged your feedback!
Let's move to the next error!",system,3,mixed-uptake,,
U040,How do I fix this?,assistant,3,mixed-uptake,,
U011,"No, 'needs' should change to 'need' because the noun of this sentence is plural.",user,3,mixed-uptake,Amplification,Constructive
U011,I will change 'needs' to 'need' here.,assistant,3,mixed-uptake,,
U011,"Good job! Peer acknowledged your feedback!
Let's move to the next error!",system,3,mixed-uptake,,
U011,Can you give me feedback on this part?,assistant,3,mixed-uptake,,
U006,get learn -> get to learn,user,3,low-uptake,Reformulate,Active
U006,Why do I need to add 'to'?,assistant,3,low-uptake,,
U040,them --> their,user,3,mixed-uptake,Reformulate,Active
U040,Why I should use their instead of them?,assistant,3,mixed-uptake,,
U042,it gives us more comfortable feeling,user,3,mixed-uptake,Amplification,Constructive
U056,"conjuction ""but"" doesn't need connecting comma punctation.",user,3,low-uptake,Amplification,Constructive
U042,What does it mean to give more comfortable feeling?,assistant,3,mixed-uptake,,
U006,get and learn both are verb,user,3,low-uptake,Amplification,Constructive
U056,What does connecting comma punctuation mean?,assistant,3,low-uptake,,
U006,What does it mean that get and learn are verb?,assistant,3,low-uptake,,
U057,"Thesis statement is sentence which located in last sentence of introduction, and clarify the topic of essay.",user,3,low-uptake,Amplification,Constructive
U057,What does clarify the topic of essay mean?,assistant,3,low-uptake,,
U016,"in this phrase, verb form will be -ing, play -> playing",user,3,high-uptake,Amplification,Constructive
U016,Okay. I will change 'play' to 'playing' here.,assistant,3,high-uptake,,
U016,"Good job! Peer acknowledged your feedback!
Let's move to the next error!",system,3,high-uptake,,
U016,How do I fix this?,assistant,3,high-uptake,,
U036,because pronoun i should write with capital letter,user,3,high-uptake,Amplification,Constructive
U056,comma sign which connects two independent clauses.,user,3,low-uptake,Amplification,Constructive
U042,it's more smmoth,user,3,mixed-uptake,Amplification,Constructive
U042,What does it mean to be more smmoth?,assistant,3,mixed-uptake,,
U036,Okay. I will change 'i' to 'I' here.,assistant,3,high-uptake,,
U036,"Good job! Peer acknowledged your feedback!
Let's move to the next error!",system,3,high-uptake,,
U056,Okay. I will remove the comma before 'but' here.,assistant,3,low-uptake,,
U036,Can you give me feedback on this part?,assistant,3,high-uptake,,
U056,"Good job! Peer acknowledged your feedback!
Let's move to the next error!",system,3,low-uptake,,
U056,How can I improve here?,assistant,3,low-uptake,,
U040,disconnected sentences.,user,3,mixed-uptake,Amplification,Constructive
U040,What does disconnected sentences mean?,assistant,3,mixed-uptake,,
U017,Can you give me feedback on this part?,assistant,3,low-uptake,,
U006,it can't write without 'to',user,3,low-uptake,Amplification,Constructive
U006,What does it mean it can't write without 'to'?,assistant,3,low-uptake,,
U012,Reading books is a wonderful hobby to have-> I think reading books is a wonderful hobby to have,user,3,mixed-uptake,Reformulate,Active
U012,I think reading book is a wonderful hobby to have?,assistant,3,mixed-uptake,,
U012,"Oh no, peer made a mistake while applying your feedback.
Please give a more detailed feedback",system,3,mixed-uptake,,
U057,Revealing the topic of the essay,user,3,low-uptake,Amplification,Constructive
U040,"In this case, it doesn't matches grammer",user,3,mixed-uptake,Amplification,Constructive
U006,you must add to,user,3,low-uptake,Amplification,Constructive
U040,What does matches grammer mean?,assistant,3,mixed-uptake,,
U057,I will change 'why I believe so' to 'why I believe that robotics positively affect our world'.,assistant,3,low-uptake,,
U006,Okay. I will change 'get learn' to 'get to learn' here.,assistant,3,low-uptake,,
U006,"Good job! Peer acknowledged your feedback!
Let's move to the next error!",system,3,low-uptake,,
U036,change cooking to cook,user,3,high-uptake,Reformulate,Active
U057,"Good job! Peer acknowledged your feedback!
Let's move to the next error!",system,3,low-uptake,,
U006,What's wrong here?,assistant,3,low-uptake,,
U057,Can you give me feedback on this part?,assistant,3,low-uptake,,
U011,It will seem clearer if you add 'the' in front of the word 'city,user,3,mixed-uptake,Amplification,Constructive
U012,I think reading books is a wonderful hobby to have,user,3,mixed-uptake,Reformulate,Active
U036,Okay. I will change 'cooking' to 'cook' here.,assistant,3,high-uptake,,
U036,"Good job! Peer acknowledged your feedback!
Let's move to the next error!",system,3,high-uptake,,
U036,How can I improve here?,assistant,3,high-uptake,,
U012,What does that mean?,assistant,3,mixed-uptake,,
U011,So it should be the sightseeing of the city has various aspect?,assistant,3,mixed-uptake,,
U011,"Oh no, peer made a mistake while applying your feedback.
Please give a more detailed feedback",system,3,mixed-uptake,,
U011,"Yes, that's correct.",user,3,mixed-uptake,Accept,Passive
U011,So it should be the sightseeing of the city has various aspects attract tourists?,assistant,3,mixed-uptake,,
U011,"Oh no, peer made a mistake while applying your feedback.
Please give a more detailed feedback",system,3,mixed-uptake,,
U017,you should use 'is' instead of 'are',user,3,low-uptake,Reformulate,Active
U017,Why is 'is' better than 'are'?,assistant,3,low-uptake,,
U006,teach -> teaches,user,3,low-uptake,Reformulate,Active
U006,Why teach changes to teaches?,assistant,3,low-uptake,,
U011,You should add 'that' before the word,user,3,mixed-uptake,Reformulate,Active
U011,So it should be the sightseeing of the city has various aspects that attract tourists?,assistant,3,mixed-uptake,,
U011,"Oh no, peer made a mistake while applying your feedback.
Please give a more detailed feedback",system,3,mixed-uptake,,
U012,It means reading books is good to do in freetime.,user,3,mixed-uptake,Reformulate,Active
U012,What does it mean to have a hobby?,assistant,3,mixed-uptake,,
U006,subject is single,user,3,low-uptake,Amplification,Constructive
U040,grammer correct,user,3,mixed-uptake,Amplification,Constructive
U042,never mind i think it's just fine,user,3,mixed-uptake,Reject,Active
U006,What does single subject mean?,assistant,3,low-uptake,,
U017,"It's not a better one, it is correct one",user,3,low-uptake,Amplification,Constructive
U040,Okay. I will change 'them' to 'their' here.,assistant,3,mixed-uptake,,
U040,"Good job! Peer acknowledged your feedback!
Let's move to the next error!",system,3,mixed-uptake,,
U040,How do I fix this?,assistant,3,mixed-uptake,,
U017,What does it mean correct one?,assistant,3,low-uptake,,
U036,"deleate ""that collected when she was young.""",user,3,high-uptake,Reformulate,Active
U042,Okay. I will change 'loves' to 'love' here.,assistant,3,mixed-uptake,,
U042,"Good job! Peer acknowledged your feedback!
Let's move to the next error!",system,3,mixed-uptake,,
U042,Can you give me feedback on this part?,assistant,3,mixed-uptake,,
U036,Okay. I will delete 'that collected when she was young' here.,assistant,3,high-uptake,,
U036,"Good job! Peer acknowledged your feedback!
Let's move to the next error!",system,3,high-uptake,,
U036,Can you give me feedback on this part?,assistant,3,high-uptake,,
U006,learning history,user,3,low-uptake,Amplification,Constructive
U006,What does learning history mean?,assistant,3,low-uptake,,
U006,subject,user,3,low-uptake,Amplification,Constructive
U012,It means doing something in freetime,user,3,mixed-uptake,Amplification,Constructive
U006,Okay. I will change 'teach' to 'teaches' here.,assistant,3,low-uptake,,
U006,"Good job! Peer acknowledged your feedback!
Let's move to the next error!",system,3,low-uptake,,
U006,What's wrong here?,assistant,3,low-uptake,,
U012,Okay. I will change 'is' to 'I think' here.,assistant,3,mixed-uptake,,
U012,"Good job! Peer acknowledged your feedback!
Let's move to the next error!",system,3,mixed-uptake,,
U012,Can you give me feedback on this part?,assistant,3,mixed-uptake,,
U017,It is grammatically correct I mean,user,3,low-uptake,Reformulate,Active
U017,What does grammatically correct mean?,assistant,3,low-uptake,,
U042,give to gives,user,3,mixed-uptake,Reformulate,Active
U042,Why should it be gives?,assistant,3,mixed-uptake,,
U011,"Yes, that's correct.",user,3,mixed-uptake,Accept,Passive
U011,Okay. I will change 'attracts' to 'attract' here.,assistant,3,mixed-uptake,,
U011,"Good job! Peer acknowledged your feedback!
Let's move to the next error!",system,3,mixed-uptake,,
U011,What's wrong here?,assistant,3,mixed-uptake,,
U042,subject-verb doesn't match,user,3,mixed-uptake,Amplification,Constructive
U036,put comma between but and it,user,3,high-uptake,Reformulate,Active
U042,What does subject-verb doesn't match mean?,assistant,3,mixed-uptake,,
U036,Okay. I will add a comma here.,assistant,3,high-uptake,,
U036,"Good job! Peer acknowledged your feedback!
Let's move to the next error!",system,3,high-uptake,,
U036,Can you give me feedback on this part?,assistant,3,high-uptake,,
U012,so if you has time->so if you have time,user,3,mixed-uptake,Reformulate,Active
U012,Why 'have' and not 'has'?,assistant,3,mixed-uptake,,
U040,But imagine a time when the music stops.,user,3,mixed-uptake,Reformulate,Active
U040,Why can't I say is stop?,assistant,3,mixed-uptake,,
U006,think -> help think,user,3,low-uptake,Reformulate,Active
U036,"deleate ""most of""",user,3,high-uptake,Reformulate,Active
U006,What does help think mean?,assistant,3,low-uptake,,
U057,This is irrelevant sentence related with the paragraph. So delete this sentence you asked.,user,3,low-uptake,Amplification,Constructive
U036,Okay. I will delete 'most of' here.,assistant,3,high-uptake,,
U036,"Good job! Peer acknowledged your feedback!
Let's move to the next error!",system,3,high-uptake,,
U036,What's wrong here?,assistant,3,high-uptake,,
U057,Why do I need to delete that sentence?,assistant,3,low-uptake,,
U017,"You should use 'is', because gerund is singular",user,3,low-uptake,Amplification,Constructive
U011,I think it'll seem better if you add a comma after 'however'/,user,3,mixed-uptake,Amplification,Constructive
U017,"I understand, I will change 'are' to 'is' here.",assistant,3,low-uptake,,
U017,"Good job! Peer acknowledged your feedback!
Let's move to the next error!",system,3,low-uptake,,
U017,How can I improve here?,assistant,3,low-uptake,,
U011,"So it should be However, the traveler claims visiting the park does not offers unique experience?",assistant,3,mixed-uptake,,
U011,"Oh no, peer made a mistake while applying your feedback.
Please give a more detailed feedback",system,3,mixed-uptake,,
U011,Yes.,user,3,mixed-uptake,Accept,Passive
U042,"for the subject ""it"" we have to use verb ""gives""",user,3,mixed-uptake,Amplification,Constructive
U042,What does it mean for subject-verb not to match?,assistant,3,mixed-uptake,,
U011,"So it should be However, the traveler claims visiting the park does not offers unique experiences?",assistant,3,mixed-uptake,,
U011,"Oh no, peer made a mistake while applying your feedback.
Please give a more detailed feedback",system,3,mixed-uptake,,
U040,it should be a verb,user,3,mixed-uptake,Amplification,Constructive
U040,What does it mean that it should be a verb?,assistant,3,mixed-uptake,,
U040,grammer incorrect,user,3,mixed-uptake,Amplification,Constructive
U040,What does grammer incorrect mean?,assistant,3,mixed-uptake,,
U040,grammer wrong,user,3,mixed-uptake,Amplification,Constructive
U040,Okay. I will change 'is stop' to 'stops' here.,assistant,3,mixed-uptake,,
U040,"Good job! Peer acknowledged your feedback!
Let's move to the next error!",system,3,mixed-uptake,,
U040,Can you give me feedback on this part?,assistant,3,mixed-uptake,,
U042,"you used give in the sentence, it's wrong",user,3,mixed-uptake,Reject,Active
U042,Okay. I will change 'give' to 'gives' here.,assistant,3,mixed-uptake,,
U042,"Good job! Peer acknowledged your feedback!
Let's move to the next error!",system,3,mixed-uptake,,
U042,Can you give me feedback on this part?,assistant,3,mixed-uptake,,
U011,Offers' should change to 'offer' so that it would be grammatically correct.,user,3,mixed-uptake,Amplification,Constructive
U011,Why should it change to 'offer'?,assistant,3,mixed-uptake,,
U006,help think,user,3,low-uptake,Reformulate,Active
U006,What does mind processes mean?,assistant,3,low-uptake,,
U040,try--> trying,user,3,mixed-uptake,Reformulate,Active
U016,enjoyment of moving their bodies -> consider their body movements,user,3,high-uptake,Reformulate,Active
U040,Why I need to change try to trying?,assistant,3,mixed-uptake,,
U006,mind control,user,3,low-uptake,Amplification,Constructive
U016,I will change 'the enjoyment of moving their bodies' to 'consider their body movements' here.,assistant,3,high-uptake,,
U016,"Good job! Peer acknowledged your feedback!
Let's move to the next error!",system,3,high-uptake,,
U016,Can you give me feedback on this part?,assistant,3,high-uptake,,
U006,What does mind control mean?,assistant,3,low-uptake,,
U006,mind,user,3,low-uptake,Amplification,Constructive
U006,Okay. I will change 'mind processes' to 'mind'.,assistant,3,low-uptake,,
U006,"Good job! Peer acknowledged your feedback!
Let's move to the next error!",system,3,low-uptake,,
U006,How can I improve here?,assistant,3,low-uptake,,
U011,Because after the word 'not' should follow an original form of a verb,user,3,mixed-uptake,Amplification,Constructive
U042,provides to provide,user,3,mixed-uptake,Reformulate,Active
U011,Okay. I will change 'does not offers' to 'does not offer' here.,assistant,3,mixed-uptake,,
U011,"Good job! Peer acknowledged your feedback!
Let's move to the next error!",system,3,mixed-uptake,,
U011,Can you give me feedback on this part?,assistant,3,mixed-uptake,,
U042,Okay. I will change 'provides' to 'provide' here.,assistant,3,mixed-uptake,,
U042,"Good job! Peer acknowledged your feedback!
Let's move to the next error!",system,3,mixed-uptake,,
U042,How do I fix this?,assistant,3,mixed-uptake,,
U040,shape matching,user,3,mixed-uptake,Reformulate,Active
U040,"I think it should be for exemple, listening to calming songs or trying some upbeat tunes is uplifting.",assistant,3,mixed-uptake,,
U040,"Oh no, peer made a mistake while applying your feedback.
Please give a more detailed feedback",system,3,mixed-uptake,,
U040,yes,user,3,mixed-uptake,Accept,Passive
U006,more conclusion,user,3,low-uptake,Reject,Active
U040,What is shape matching?,assistant,3,mixed-uptake,,
U006,What does more conclusion mean?,assistant,3,low-uptake,,
U012,you is a second pronoun so has is wrong and have is right.,user,3,mixed-uptake,Amplification,Constructive
U012,I think it should be you has time.,assistant,3,mixed-uptake,,
U012,"Oh no, peer made a mistake while applying your feedback.
Please give a more detailed feedback",system,3,mixed-uptake,,
U040,shape matching,user,3,mixed-uptake,Reformulate,Active
U011,Suggests' should change to 'suggest' because the subject of this sentence is plural.,user,3,mixed-uptake,Amplification,Constructive
U040,I will change 'try' to 'trying' here.,assistant,3,mixed-uptake,,
U040,"Good job! Peer acknowledged your feedback!
Let's move to the next error!",system,3,mixed-uptake,,
U040,What's wrong here?,assistant,3,mixed-uptake,,
U011,Why does 'suggests' change to 'suggest'?,assistant,3,mixed-uptake,,
U017,you should use 'the' in front of negatives,user,3,low-uptake,Amplification,Constructive
U017,Why should I use 'the' in front of negatives?,assistant,3,low-uptake,,
U006,something lack,user,3,low-uptake,Reject,Active
U006,What does something lack mean?,assistant,3,low-uptake,,
U012,"No, you have time is the correct one.",user,3,mixed-uptake,Reformulate,Active
U012,What does that mean?,assistant,3,mixed-uptake,,
U006,write more,user,3,low-uptake,Reject,Active
U006,What does write more mean?,assistant,3,low-uptake,,
U040,will--> can,user,3,mixed-uptake,Reformulate,Active
U040,Why should I change 'will' to 'can'?,assistant,3,mixed-uptake,,
U006,plus conclusion,user,3,low-uptake,Reject,Active
U006,Okay. I will add more to the conclusion.,assistant,3,low-uptake,,
U006,"Good job! Peer acknowledged your feedback!
Let's move to the next error!",system,3,low-uptake,,
U006,How can I improve here?,assistant,3,low-uptake,,
U011,"Because the subject of this sentence is plural, so the verb should also be plural. Only then, it would be grammatically correct.",user,3,mixed-uptake,Amplification,Constructive
U017,Because it is specific one,user,3,low-uptake,Amplification,Constructive
U011,What does it mean that the verb should also be plural?,assistant,3,mixed-uptake,,
U017,What does specific one mean?,assistant,3,low-uptake,,
U012,it means you have freetime to do something,user,3,mixed-uptake,Amplification,Constructive
U012,I will change 'has' to 'have' here.,assistant,3,mixed-uptake,,
U012,"Good job! Peer acknowledged your feedback!
Let's move to the next error!",system,3,mixed-uptake,,
U012,How can I improve here?,assistant,3,mixed-uptake,,
U040,will doesn't match with Mabye,user,3,mixed-uptake,Amplification,Constructive
U016,they -> people or player,user,3,high-uptake,Reformulate,Active
U040,What does it mean that will doesn't match with Maybe?,assistant,3,mixed-uptake,,
U016,I will change 'they' to 'people' here.,assistant,3,high-uptake,,
U016,"Good job! Peer acknowledged your feedback!
Let's move to the next error!",system,3,high-uptake,,
U017,some certain thing,user,3,low-uptake,Amplification,Constructive
U017,What does some certain thing mean?,assistant,3,low-uptake,,
U040,it seems correct if it matches with can,user,3,mixed-uptake,Reformulate,Active
U040,What does it mean that it seems correct if it matches with can?,assistant,3,mixed-uptake,,
U040,it's more natural,user,3,mixed-uptake,Amplification,Constructive
U040,I will change 'will' to 'can' here.,assistant,3,mixed-uptake,,
U040,"Good job! Peer acknowledged your feedback!
Let's move to the next error!",system,3,mixed-uptake,,
U040,How can I improve here?,assistant,3,mixed-uptake,,
U012,"For example, thriller novels is popular in USA->For example, thriller novels are popular in USA.",user,3,mixed-uptake,Reformulate,Active
U017,some particular thing such as the thing informed before,user,3,low-uptake,Amplification,Constructive
U012,Why is it are instead of is?,assistant,3,mixed-uptake,,
U017,I will add 'the' before negatives.,assistant,3,low-uptake,,
U017,"Good job! Peer acknowledged your feedback!
Let's move to the next error!",system,3,low-uptake,,
U017,How do I fix this?,assistant,3,low-uptake,,
U011,"In English grammar, the sentence should have a consistent format.",user,3,mixed-uptake,Amplification,Constructive
U011,I think it should be they suggest as excellent way.,assistant,3,mixed-uptake,,
U011,"Oh no, peer made a mistake while applying your feedback.
Please give a more detailed feedback",system,3,mixed-uptake,,
U040,disappeared --> disappears,user,3,mixed-uptake,Reformulate,Active
U040,Okay. I will change 'disappeared' to 'disappears' here.,assistant,3,mixed-uptake,,
U040,"Good job! Peer acknowledged your feedback!
Let's move to the next error!",system,3,mixed-uptake,,
U040,Can you give me feedback on this part?,assistant,3,mixed-uptake,,
U012,are must be there instead of is,user,3,mixed-uptake,Reformulate,Active
U012,I will change 'is' to 'are' here.,assistant,3,mixed-uptake,,
U012,"Good job! Peer acknowledged your feedback!
Let's move to the next error!",system,3,mixed-uptake,,
U012,How can I improve here?,assistant,3,mixed-uptake,,
U042,different,user,3,mixed-uptake,Reformulate,Active
U042,What does different mean?,assistant,3,mixed-uptake,,
U011,"No that is not correct. When the subject of a sentence is plural, the verb that it follows should also be plural.",user,3,mixed-uptake,Amplification,Constructive
U011,Okay. I will change 'suggests' to 'suggest' here.,assistant,3,mixed-uptake,,
U011,"Good job! Peer acknowledged your feedback!
Let's move to the next error!",system,3,mixed-uptake,,
U011,Can you give me feedback on this part?,assistant,3,mixed-uptake,,
U017,you should use 'were' instead of 'was',user,3,low-uptake,Reformulate,Active
U017,Why do I use 'were' instead of 'was'?,assistant,3,low-uptake,,
U057,"Overall, this paragraph which includes the sentence you asked is talking about relationship between robotic and innovation, but the sentence you asked is talking about robotic and following new tools. So, the sentence you asked is irrelevant related with the paragraph which includes the sentence you asked.",user,3,low-uptake,Amplification,Constructive
U057,Why is that sentence irrelevant?,assistant,3,low-uptake,,
U006,need more explain about main idea,user,3,low-uptake,Amplification,Constructive
U006,What does explain about main idea mean?,assistant,3,low-uptake,,
U011,nothing,user,3,mixed-uptake,Reject,Active
U011,I will change 'needs' to 'need' here.,assistant,3,mixed-uptake,,
U011,"Good job! Peer acknowledged your feedback!
Let's move to the next error!",system,3,mixed-uptake,,
U011,Can you give me feedback on this part?,assistant,3,mixed-uptake,,
U057,"Overall, this paragraph which includes the sentence you asked is talking about relationship between robotic and innovation, but the sentence you asked is talking about robotic and following new tools.",user,3,low-uptake,Amplification,Constructive
U057,What does irrelevant mean?,assistant,3,low-uptake,,
U042,word diferent is wrong. differnt is right spelling,user,3,mixed-uptake,Reformulate,Active
U042,I think I should write difernt places now.,assistant,3,mixed-uptake,,
U042,"Oh no, peer made a mistake while applying your feedback.
Please give a more detailed feedback",system,3,mixed-uptake,,
U006,in detail,user,3,low-uptake,Amplification,Constructive
U006,What does in detail mean?,assistant,3,low-uptake,,
U012,each peoples-> each persons,user,3,mixed-uptake,Reformulate,Active
U017,Because 'you' is a second person in this sentence,user,3,low-uptake,Amplification,Constructive
U012,So it should be each persons favorite genre are different?,assistant,3,mixed-uptake,,
U012,"Oh no, peer made a mistake while applying your feedback.
Please give a more detailed feedback",system,3,mixed-uptake,,
U006,write more,user,3,low-uptake,Reject,Active
U017,What does second person mean?,assistant,3,low-uptake,,
U006,What does main idea mean?,assistant,3,low-uptake,,
U006,topic,user,3,low-uptake,Amplification,Constructive
U006,Okay. I will make the topic clearer here.,assistant,3,low-uptake,,
U006,"Good job! Peer acknowledged your feedback!
Let's move to the next error!",system,3,low-uptake,,
U006,How do I fix this?,assistant,3,low-uptake,,
U006,is -> are,user,3,low-uptake,Reformulate,Active
U006,How does is change to are?,assistant,3,low-uptake,,
U042,you need to replace 'difernt' to 'different,user,3,mixed-uptake,Reformulate,Active
U057,Not having similar meaning,user,3,low-uptake,Amplification,Constructive
U042,Okay. I will change 'difernt' to 'different' here.,assistant,3,mixed-uptake,,
U042,"Good job! Peer acknowledged your feedback!
Let's move to the next error!",system,3,mixed-uptake,,
U042,How can I improve here?,assistant,3,mixed-uptake,,
U057,Okay. I will remove that sentence.,assistant,3,low-uptake,,
U057,"Good job! Peer acknowledged your feedback!
Let's move to the next error!",system,3,low-uptake,,
U057,Can you give me feedback on this part?,assistant,3,low-uptake,,
U006,books are plural,user,3,low-uptake,Amplification,Constructive
U006,What does plural mean?,assistant,3,low-uptake,,
U006,not one,user,3,low-uptake,Amplification,Constructive
U006,What does it mean to have one book?,assistant,3,low-uptake,,
U006,wrong question,user,3,low-uptake,Reject,Active
U006,Okay. I will fix the sentence.,assistant,3,low-uptake,,
U006,"Good job! Peer acknowledged your feedback!
Let's move to the next error!",system,3,low-uptake,,
U017,"There are three kind of person in grammar. First one is 'I' and second one is 'you' as a second person, and last one is 'third person' that none of you and I",user,3,low-uptake,Amplification,Constructive
U017,What is first person and third person?,assistant,3,low-uptake,,
U042,"memorablee is wrong, mamorable is right spelling",user,3,mixed-uptake,Reformulate,Active
U042,I will change it to more mamorable exprience.,assistant,3,mixed-uptake,,
U042,"Oh no, peer made a mistake while applying your feedback.
Please give a more detailed feedback",system,3,mixed-uptake,,
U042,soory I meant memorable,user,3,mixed-uptake,Reformulate,Active
U042,I will change 'mamorable' to 'memorable' here.,assistant,3,mixed-uptake,,
U042,"Good job! Peer acknowledged your feedback!
Let's move to the next error!",system,3,mixed-uptake,,
U042,How can I improve here?,assistant,3,mixed-uptake,,
U012,should-> have to,user,3,mixed-uptake,Reformulate,Active
U012,So it should be people have to effort to read English books?,assistant,3,mixed-uptake,,
U012,"Oh no, peer made a mistake while applying your feedback.
Please give a more detailed feedback",system,3,mixed-uptake,,
U017,I' and 'other people except you and I' in sentence,user,3,low-uptake,Exemplification,Constructive
U017,Okay. I will change 'was' to 'were' and 'learn' to 'learned' here.,assistant,3,low-uptake,,
U017,"Good job! Peer acknowledged your feedback!
Let's move to the next error!",system,3,low-uptake,,
U017,Can you give me feedback on this part?,assistant,3,low-uptake,,
U017,I think it is such a perfect sentence,user,3,low-uptake,Praise,Passive
U017,What does it mean 'perfect sentence'?,assistant,3,low-uptake,,
U042,The word 'Mannny' doesn't exist. You need to use many,user,3,mixed-uptake,Reformulate,Active
U042,I will change 'Mannny' to 'many' here.,assistant,3,mixed-uptake,,
U042,"Good job! Peer acknowledged your feedback!
Let's move to the next error!",system,3,mixed-uptake,,
U017,But it will be last time to talk with you buddy,user,3,low-uptake,Others,Others
U017,What does it mean 'it same'?,assistant,3,low-uptake,,
U017,So take care!,user,3,low-uptake,Others,Others
U017,What does it mean 'it same'?,assistant,3,low-uptake,,
